{"contentblocks":{"content":"[{\"layout\":3,\"content\":{\"sidebar\":[{\"value\":\"[[!Login?\\n    &tplType=`modChunk`\\n    &loginTpl=`loginForm`\\n    &logoutTpl=`logoutForm`\\n    &loginResourceId=`15`\\n]]\",\"lang\":\"html\",\"field\":14,\"settings\":[]}],\"main\":[]},\"settings\":[],\"parent\":0,\"title\":\"\"}]","linear":[{"value":"[[!Login?\n    &tplType=`modChunk`\n    &loginTpl=`loginForm`\n    &logoutTpl=`logoutForm`\n    &loginResourceId=`15`\n]]","lang":"html","field":14,"settings":[]}],"fieldcounts":{"14":1},"_isContentBlocks":true}}