{"contentblocks":{"content":"[{\"layout\":18,\"content\":{\"main\":[{\"child_layouts\":[{\"layout\":6,\"content\":{\"col_1\":[{\"value\":\"Heading 1<br>\",\"level\":\"h1\",\"field\":1,\"settings\":{}},{\"value\":\"Heading 2\",\"level\":\"h2\",\"field\":1,\"settings\":{}},{\"value\":\"Heading 3\",\"level\":\"h3\",\"field\":1,\"settings\":{}},{\"value\":\"Heading 4\",\"level\":\"h4\",\"field\":1,\"settings\":{}},{\"value\":\"Heading 5\",\"level\":\"h5\",\"field\":1,\"settings\":{}}],\"col_2\":[]},\"settings\":[],\"parent\":87}],\"field\":87,\"settings\":[]}],\"info\":[{\"child_layouts\":[{\"layout\":12,\"content\":{\"col_1\":[{\"value\":\"<p>Address issues with multiple includedBosons calls on 1 page Address issues with multiple includedBosons calls on 1 page<span class=\\\"redactor-invisible-space\\\">Address issues with multiple includedBosons calls on 1 page<span class=\\\"redactor-invisible-space\\\">.<br><\/span><\/span><\/p><p>Address issues with multiple includedBosons calls on 1 pageAddress issues with multiple includedBosons calls on 1 page<span class=\\\"redactor-invisible-space\\\"> Address issues with multiple includedBosons calls on 1 page<span class=\\\"redactor-invisible-space\\\">Address issues with multiple includedBosons calls on 1 page<span class=\\\"redactor-invisible-space\\\">.<\/span><\/span><\/span><br><span class=\\\"redactor-invisible-space\\\"><span class=\\\"redactor-invisible-space\\\"><\/span><\/span><\/p>\",\"field\":6,\"settings\":{\"segment_type\":\"\",\"padding\":\"regular\",\"alignment\":\"\"}}],\"col_2\":[{\"value\":\"<p>Address issues with multiple includedBosons calls on 1 page<span class=\\\"redactor-invisible-space\\\"> Address issues with multiple includedBosons calls on 1 page<span class=\\\"redactor-invisible-space\\\">Address issues with multiple includedBosons calls on 1 page<span class=\\\"redactor-invisible-space\\\">.<br><\/span><\/span><\/span>\\n<\/p>Address issues with multiple includedBosons calls on 1 page<span class=\\\"redactor-invisible-space\\\">Address issues with multiple includedBosons calls on 1 page<span class=\\\"redactor-invisible-space\\\"> Address issues with multiple <\/span><\/span>\",\"field\":6,\"settings\":{\"segment_type\":\"\",\"padding\":\"regular\",\"alignment\":\"\"}}]},\"settings\":{\"padding\":\"relaxed\",\"alignment\":\"\",\"divider\":\"celled\"},\"parent\":17}],\"field\":17,\"settings\":[]}],\"meta\":[{\"value\":\"[[includedBosons?\\n    &layout=`[[+layout_idx]]`\\n    &filterFields=`6,14,17,87`\\n]]\",\"lang\":\"html\",\"field\":14,\"settings\":[]}]},\"settings\":{\"background\":\"white\",\"container_type\":\"\",\"sidebar_width\":\"four\",\"alignment\":\"\",\"pattern_name\":\"\",\"pattern_template\":\"patternLayoutAtom\",\"layout_title\":\"It all starts with a header\"},\"parent\":0,\"title\":\"\"},{\"layout\":18,\"content\":{\"main\":[{\"child_layouts\":[{\"layout\":1,\"content\":{\"main\":[]},\"settings\":[],\"parent\":87}],\"field\":87,\"settings\":[]}],\"info\":[{\"child_layouts\":[{\"layout\":12,\"content\":{\"col_1\":[{\"value\":\"\",\"field\":6,\"settings\":[]}],\"col_2\":[{\"value\":\"\",\"field\":6,\"settings\":[]}]},\"settings\":{\"padding\":\"relaxed\",\"alignment\":\"\",\"divider\":\"celled\"},\"parent\":17}],\"field\":17,\"settings\":[]}],\"meta\":[{\"value\":\"[[includedBosons?\\n    &layout=`[[+layout_idx]]`\\n    &filterFields=`6,14,17,87`\\n]]\",\"lang\":\"html\",\"field\":14,\"settings\":[]}]},\"settings\":{\"sidebar_width\":\"four\",\"layout_title\":\"Some headers can contain graphics\"},\"parent\":0,\"title\":\"\"},{\"layout\":18,\"content\":{\"main\":[{\"child_layouts\":[{\"layout\":1,\"content\":{\"main\":[]},\"settings\":[],\"parent\":87}],\"field\":87,\"settings\":[]}],\"info\":[{\"child_layouts\":[{\"layout\":12,\"content\":{\"col_1\":[{\"value\":\"\",\"field\":6,\"settings\":[]}],\"col_2\":[{\"value\":\"\",\"field\":6,\"settings\":[]}]},\"settings\":{\"padding\":\"relaxed\",\"alignment\":\"\",\"divider\":\"celled\"},\"parent\":17}],\"field\":17,\"settings\":[]}],\"meta\":[{\"value\":\"[[includedBosons?\\n    &layout=`[[+layout_idx]]`\\n    &filterFields=`6,14,17,87`\\n]]\",\"lang\":\"html\",\"field\":14,\"settings\":[]}]},\"settings\":{\"sidebar_width\":\"four\",\"layout_title\":\"The rich text editor (or RTE)\"},\"parent\":0,\"title\":\"\"},{\"layout\":18,\"content\":{\"main\":[{\"child_layouts\":[{\"layout\":1,\"content\":{\"main\":[]},\"settings\":[],\"parent\":87}],\"field\":87,\"settings\":[]}],\"info\":[{\"child_layouts\":[{\"layout\":12,\"content\":{\"col_1\":[{\"value\":\"\",\"field\":6,\"settings\":[]}],\"col_2\":[{\"value\":\"\",\"field\":6,\"settings\":[]}]},\"settings\":{\"padding\":\"relaxed\",\"alignment\":\"\",\"divider\":\"celled\"},\"parent\":17}],\"field\":17,\"settings\":[]}],\"meta\":[{\"value\":\"[[includedBosons?\\n    &layout=`[[+layout_idx]]`\\n    &filterFields=`6,14,17,87`\\n]]\",\"lang\":\"html\",\"field\":14,\"settings\":[]}]},\"settings\":{\"sidebar_width\":\"four\",\"layout_title\":\"Working with lists\"},\"parent\":0,\"title\":\"\"},{\"layout\":18,\"content\":{\"main\":[{\"child_layouts\":[{\"layout\":1,\"content\":{\"main\":[]},\"settings\":[],\"parent\":87}],\"field\":87,\"settings\":[]}],\"info\":[{\"child_layouts\":[{\"layout\":12,\"content\":{\"col_1\":[{\"value\":\"\",\"field\":6,\"settings\":[]}],\"col_2\":[{\"value\":\"\",\"field\":6,\"settings\":[]}]},\"settings\":{\"padding\":\"relaxed\",\"alignment\":\"\",\"divider\":\"celled\"},\"parent\":17}],\"field\":17,\"settings\":[]}],\"meta\":[{\"value\":\"[[includedBosons?\\n    &layout=`[[+layout_idx]]`\\n    &filterFields=`6,14,17,87`\\n]]\",\"lang\":\"html\",\"field\":14,\"settings\":[]}]},\"settings\":{\"sidebar_width\":\"four\",\"layout_title\":\"Quote of the day\"},\"parent\":0,\"title\":\"\"}]","linear":[{"child_layouts":[{"layout":6,"content":{"col_1":[{"value":"Heading 1<br>","level":"h1","field":1,"settings":[]},{"value":"Heading 2","level":"h2","field":1,"settings":[]},{"value":"Heading 3","level":"h3","field":1,"settings":[]},{"value":"Heading 4","level":"h4","field":1,"settings":[]},{"value":"Heading 5","level":"h5","field":1,"settings":[]}],"col_2":[]},"settings":[],"parent":87}],"field":87,"settings":[]},{"value":"Heading 1<br>","level":"h1","field":1,"settings":[]},{"value":"Heading 2","level":"h2","field":1,"settings":[]},{"value":"Heading 3","level":"h3","field":1,"settings":[]},{"value":"Heading 4","level":"h4","field":1,"settings":[]},{"value":"Heading 5","level":"h5","field":1,"settings":[]},{"child_layouts":[{"layout":12,"content":{"col_1":[{"value":"<p>Address issues with multiple includedBosons calls on 1 page Address issues with multiple includedBosons calls on 1 page<span class=\"redactor-invisible-space\">Address issues with multiple includedBosons calls on 1 page<span class=\"redactor-invisible-space\">.<br><\/span><\/span><\/p><p>Address issues with multiple includedBosons calls on 1 pageAddress issues with multiple includedBosons calls on 1 page<span class=\"redactor-invisible-space\"> Address issues with multiple includedBosons calls on 1 page<span class=\"redactor-invisible-space\">Address issues with multiple includedBosons calls on 1 page<span class=\"redactor-invisible-space\">.<\/span><\/span><\/span><br><span class=\"redactor-invisible-space\"><span class=\"redactor-invisible-space\"><\/span><\/span><\/p>","field":6,"settings":{"segment_type":"","padding":"regular","alignment":""}}],"col_2":[{"value":"<p>Address issues with multiple includedBosons calls on 1 page<span class=\"redactor-invisible-space\"> Address issues with multiple includedBosons calls on 1 page<span class=\"redactor-invisible-space\">Address issues with multiple includedBosons calls on 1 page<span class=\"redactor-invisible-space\">.<br><\/span><\/span><\/span>\n<\/p>Address issues with multiple includedBosons calls on 1 page<span class=\"redactor-invisible-space\">Address issues with multiple includedBosons calls on 1 page<span class=\"redactor-invisible-space\"> Address issues with multiple <\/span><\/span>","field":6,"settings":{"segment_type":"","padding":"regular","alignment":""}}]},"settings":{"padding":"relaxed","alignment":"","divider":"celled"},"parent":17}],"field":17,"settings":[]},{"value":"<p>Address issues with multiple includedBosons calls on 1 page Address issues with multiple includedBosons calls on 1 page<span class=\"redactor-invisible-space\">Address issues with multiple includedBosons calls on 1 page<span class=\"redactor-invisible-space\">.<br><\/span><\/span><\/p><p>Address issues with multiple includedBosons calls on 1 pageAddress issues with multiple includedBosons calls on 1 page<span class=\"redactor-invisible-space\"> Address issues with multiple includedBosons calls on 1 page<span class=\"redactor-invisible-space\">Address issues with multiple includedBosons calls on 1 page<span class=\"redactor-invisible-space\">.<\/span><\/span><\/span><br><span class=\"redactor-invisible-space\"><span class=\"redactor-invisible-space\"><\/span><\/span><\/p>","field":6,"settings":{"segment_type":"","padding":"regular","alignment":""}},{"value":"<p>Address issues with multiple includedBosons calls on 1 page<span class=\"redactor-invisible-space\"> Address issues with multiple includedBosons calls on 1 page<span class=\"redactor-invisible-space\">Address issues with multiple includedBosons calls on 1 page<span class=\"redactor-invisible-space\">.<br><\/span><\/span><\/span>\n<\/p>Address issues with multiple includedBosons calls on 1 page<span class=\"redactor-invisible-space\">Address issues with multiple includedBosons calls on 1 page<span class=\"redactor-invisible-space\"> Address issues with multiple <\/span><\/span>","field":6,"settings":{"segment_type":"","padding":"regular","alignment":""}},{"value":"[[includedBosons?\n    &layout=`[[+layout_idx]]`\n    &filterFields=`6,14,17,87`\n]]","lang":"html","field":14,"settings":[]},{"child_layouts":[{"layout":1,"content":{"main":[]},"settings":[],"parent":87}],"field":87,"settings":[]},{"child_layouts":[{"layout":12,"content":{"col_1":[{"value":"","field":6,"settings":[]}],"col_2":[{"value":"","field":6,"settings":[]}]},"settings":{"padding":"relaxed","alignment":"","divider":"celled"},"parent":17}],"field":17,"settings":[]},{"value":"","field":6,"settings":[]},{"value":"","field":6,"settings":[]},{"value":"[[includedBosons?\n    &layout=`[[+layout_idx]]`\n    &filterFields=`6,14,17,87`\n]]","lang":"html","field":14,"settings":[]},{"child_layouts":[{"layout":1,"content":{"main":[]},"settings":[],"parent":87}],"field":87,"settings":[]},{"child_layouts":[{"layout":12,"content":{"col_1":[{"value":"","field":6,"settings":[]}],"col_2":[{"value":"","field":6,"settings":[]}]},"settings":{"padding":"relaxed","alignment":"","divider":"celled"},"parent":17}],"field":17,"settings":[]},{"value":"","field":6,"settings":[]},{"value":"","field":6,"settings":[]},{"value":"[[includedBosons?\n    &layout=`[[+layout_idx]]`\n    &filterFields=`6,14,17,87`\n]]","lang":"html","field":14,"settings":[]},{"child_layouts":[{"layout":1,"content":{"main":[]},"settings":[],"parent":87}],"field":87,"settings":[]},{"child_layouts":[{"layout":12,"content":{"col_1":[{"value":"","field":6,"settings":[]}],"col_2":[{"value":"","field":6,"settings":[]}]},"settings":{"padding":"relaxed","alignment":"","divider":"celled"},"parent":17}],"field":17,"settings":[]},{"value":"","field":6,"settings":[]},{"value":"","field":6,"settings":[]},{"value":"[[includedBosons?\n    &layout=`[[+layout_idx]]`\n    &filterFields=`6,14,17,87`\n]]","lang":"html","field":14,"settings":[]},{"child_layouts":[{"layout":1,"content":{"main":[]},"settings":[],"parent":87}],"field":87,"settings":[]},{"child_layouts":[{"layout":12,"content":{"col_1":[{"value":"","field":6,"settings":[]}],"col_2":[{"value":"","field":6,"settings":[]}]},"settings":{"padding":"relaxed","alignment":"","divider":"celled"},"parent":17}],"field":17,"settings":[]},{"value":"","field":6,"settings":[]},{"value":"","field":6,"settings":[]},{"value":"[[includedBosons?\n    &layout=`[[+layout_idx]]`\n    &filterFields=`6,14,17,87`\n]]","lang":"html","field":14,"settings":[]}],"fieldcounts":{"87":5,"1":5,"17":5,"6":10,"14":5},"_isContentBlocks":true}}