{"contentblocks":{"content":"[{\"layout\":17,\"content\":{\"preview\":[],\"code\":[],\"info\":[{\"rows\":[{\"heading\":{\"value\":\"[[%romanesco.patterns.purpose_title]]\",\"fieldId\":\"contentblocks-field-3\"},\"content\":{\"child_layouts\":[{\"layout\":7,\"content\":{\"main\":[{\"value\":\"<p>This setting was created to increase the reusability of each CTA, while preventing it from being (un)intentionally added in the wrong places.\\n<\/p><p>By selecting a given checkbox, the CTA will show up as an option somewhere in the configuration of that area (Header, Content, Sidebar or Footer).<br>\\n<\/p>\",\"field\":6,\"settings\":[]}]},\"settings\":[],\"parent\":78}],\"fieldId\":\"contentblocks-field-4\"}},{\"heading\":{\"value\":\"[[%romanesco.patterns.specifications_title]]\",\"fieldId\":\"contentblocks-field-6\"},\"content\":{\"child_layouts\":[{\"layout\":7,\"content\":{\"main\":[{\"value\":\"{\\n    \\\"caption\\\": \\\"Availability\\\",\\n    \\\"name\\\": \\\"cta_availability\\\",\\n    \\\"description\\\": \\\"Where would you like to be able to place this CTA?\\\",\\n    \\\"type\\\": \\\"checkbox\\\",\\n    \\\"category\\\": \\\"CTA - Settings\\\",\\n    \\\"sortOrder\\\": \\\"1\\\",\\n    \\\"inputOptionValues\\\": \\\"In page header==header||In sidebar (on detail pages)==sidebar||In the content (through CB)==content||Below the content==footer\\\",\\n    \\\"templates\\\": [\\n        \\\"GlobalCTA\\\"\\n    ]\\n}\",\"lang\":\"json\",\"field\":83,\"settings\":[]}]},\"settings\":[],\"parent\":78}],\"fieldId\":\"contentblocks-field-7\"}},{\"heading\":{\"value\":\"[[%romanesco.patterns.references_title]]\",\"fieldId\":\"contentblocks-field-9\"},\"content\":{\"child_layouts\":[{\"layout\":12,\"content\":{\"col_1\":[{\"value\":\"[[%romanesco.patterns.assigned_templates]]\",\"level\":\"h5\",\"field\":1,\"settings\":[]},{\"chunk_properties\":{},\"field\":85,\"settings\":{\"pattern_list\":\"assignedTemplates\",\"pattern_name\":\"[[+pattern_name]]\"}}],\"col_2\":[{\"value\":\"[[%romanesco.patterns.referring_patterns]]\",\"level\":\"h5\",\"field\":1,\"settings\":[]},{\"chunk_properties\":{},\"field\":85,\"settings\":{\"pattern_list\":\"referringChunks,referringTemplates\",\"pattern_name\":\"[[+pattern_name]]\"}}]},\"settings\":{\"padding\":\"relaxed\",\"alignment\":\"\",\"divider\":\"divided\"},\"parent\":78}],\"fieldId\":\"contentblocks-field-10\"}}],\"field\":76,\"settings\":{\"layout_type\":\"accordion\",\"accordion_type\":\"fluid styled\",\"padding\":\"padded\",\"tab_type\":\"regular\"}}]},\"settings\":{\"background\":\"white\",\"container_type\":\"\",\"sidebar_width\":\"five\",\"alignment\":\"\",\"pattern_name\":\"cta_availability\",\"pattern_template\":\"patternLayoutElectronTV\"},\"parent\":0,\"title\":\"cta_availability\"},{\"layout\":17,\"content\":{\"preview\":[],\"code\":[],\"info\":[{\"rows\":[{\"heading\":{\"value\":\"[[%romanesco.patterns.purpose_title]]\",\"fieldId\":\"contentblocks-field-16\"},\"content\":{\"child_layouts\":[{\"layout\":7,\"content\":{\"main\":[{\"value\":\"<p>Generates a list of available CTAs inside the header and allows you to select one.<\/p>\",\"field\":6,\"settings\":[]}]},\"settings\":[],\"parent\":78}],\"fieldId\":\"contentblocks-field-17\"}},{\"heading\":{\"value\":\"[[%romanesco.patterns.specifications_title]]\",\"fieldId\":\"contentblocks-field-19\"},\"content\":{\"child_layouts\":[{\"layout\":7,\"content\":{\"main\":[{\"value\":\"{\\n    \\\"caption\\\": \\\"Call to action (CTA)\\\",\\n    \\\"name\\\": \\\"header_cta\\\",\\n    \\\"description\\\": \\\"Select a CTA for display in header. CTAs can be created under Global Content. This will replace the Title values, but Background settings still apply. Please note that possibly inherited CTAs might not be visible on page because of Inheritance setting.\\\",\\n    \\\"type\\\": \\\"listbox\\\",\\n    \\\"category\\\": \\\"Header\\\",\\n    \\\"sortOrder\\\": \\\"20\\\",\\n    \\\"defaultValue\\\": \\\"@INHERIT\\\",\\n    \\\"inputOptionValues\\\": \\\"@CHUNK tvSelectCTA\\\",\\n    \\\"templates\\\": [\\n        \\\"@@templates_all\\\"\\n    ]\\n}\",\"lang\":\"json\",\"field\":83,\"settings\":[]}]},\"settings\":[],\"parent\":78}],\"fieldId\":\"contentblocks-field-20\"}},{\"heading\":{\"value\":\"[[%romanesco.patterns.references_title]]\",\"fieldId\":\"contentblocks-field-22\"},\"content\":{\"child_layouts\":[{\"layout\":12,\"content\":{\"col_1\":[{\"value\":\"[[%romanesco.patterns.assigned_templates]]\",\"level\":\"h5\",\"field\":1,\"settings\":[]},{\"chunk_properties\":{},\"field\":85,\"settings\":{\"pattern_list\":\"assignedTemplates\",\"pattern_name\":\"[[+pattern_name]]\"}}],\"col_2\":[{\"value\":\"[[%romanesco.patterns.referring_patterns]]\",\"level\":\"h5\",\"field\":1,\"settings\":[]},{\"chunk_properties\":{},\"field\":85,\"settings\":{\"pattern_list\":\"referringChunks,referringTemplates\",\"pattern_name\":\"[[+pattern_name]]\"}}]},\"settings\":{\"padding\":\"relaxed\",\"alignment\":\"\",\"divider\":\"divided\"},\"parent\":78}],\"fieldId\":\"contentblocks-field-23\"}}],\"field\":76,\"settings\":{\"layout_type\":\"accordion\",\"accordion_type\":\"fluid styled\",\"padding\":\"padded\",\"tab_type\":\"regular\"}}]},\"settings\":{\"background\":\"white\",\"container_type\":\"\",\"sidebar_width\":\"five\",\"alignment\":\"\",\"pattern_name\":\"header_cta\",\"pattern_template\":\"patternLayoutElectronTV\"},\"parent\":0,\"title\":\"cta_availability\"}]","linear":[{"rows":[{"heading":{"value":"[[%romanesco.patterns.purpose_title]]","fieldId":"contentblocks-field-3"},"content":{"child_layouts":[{"layout":7,"content":{"main":[{"value":"<p>This setting was created to increase the reusability of each CTA, while preventing it from being (un)intentionally added in the wrong places.\n<\/p><p>By selecting a given checkbox, the CTA will show up as an option somewhere in the configuration of that area (Header, Content, Sidebar or Footer).<br>\n<\/p>","field":6,"settings":[]}]},"settings":[],"parent":78}],"fieldId":"contentblocks-field-4"}},{"heading":{"value":"[[%romanesco.patterns.specifications_title]]","fieldId":"contentblocks-field-6"},"content":{"child_layouts":[{"layout":7,"content":{"main":[{"value":"{\n    \"caption\": \"Availability\",\n    \"name\": \"cta_availability\",\n    \"description\": \"Where would you like to be able to place this CTA?\",\n    \"type\": \"checkbox\",\n    \"category\": \"CTA - Settings\",\n    \"sortOrder\": \"1\",\n    \"inputOptionValues\": \"In page header==header||In sidebar (on detail pages)==sidebar||In the content (through CB)==content||Below the content==footer\",\n    \"templates\": [\n        \"GlobalCTA\"\n    ]\n}","lang":"json","field":83,"settings":[]}]},"settings":[],"parent":78}],"fieldId":"contentblocks-field-7"}},{"heading":{"value":"[[%romanesco.patterns.references_title]]","fieldId":"contentblocks-field-9"},"content":{"child_layouts":[{"layout":12,"content":{"col_1":[{"value":"[[%romanesco.patterns.assigned_templates]]","level":"h5","field":1,"settings":[]},{"chunk_properties":[],"field":85,"settings":{"pattern_list":"assignedTemplates","pattern_name":"[[+pattern_name]]"}}],"col_2":[{"value":"[[%romanesco.patterns.referring_patterns]]","level":"h5","field":1,"settings":[]},{"chunk_properties":[],"field":85,"settings":{"pattern_list":"referringChunks,referringTemplates","pattern_name":"[[+pattern_name]]"}}]},"settings":{"padding":"relaxed","alignment":"","divider":"divided"},"parent":78}],"fieldId":"contentblocks-field-10"}}],"field":76,"settings":{"layout_type":"accordion","accordion_type":"fluid styled","padding":"padded","tab_type":"regular"}},{"rows":[{"heading":{"value":"[[%romanesco.patterns.purpose_title]]","fieldId":"contentblocks-field-16"},"content":{"child_layouts":[{"layout":7,"content":{"main":[{"value":"<p>Generates a list of available CTAs inside the header and allows you to select one.<\/p>","field":6,"settings":[]}]},"settings":[],"parent":78}],"fieldId":"contentblocks-field-17"}},{"heading":{"value":"[[%romanesco.patterns.specifications_title]]","fieldId":"contentblocks-field-19"},"content":{"child_layouts":[{"layout":7,"content":{"main":[{"value":"{\n    \"caption\": \"Call to action (CTA)\",\n    \"name\": \"header_cta\",\n    \"description\": \"Select a CTA for display in header. CTAs can be created under Global Content. This will replace the Title values, but Background settings still apply. Please note that possibly inherited CTAs might not be visible on page because of Inheritance setting.\",\n    \"type\": \"listbox\",\n    \"category\": \"Header\",\n    \"sortOrder\": \"20\",\n    \"defaultValue\": \"@INHERIT\",\n    \"inputOptionValues\": \"@CHUNK tvSelectCTA\",\n    \"templates\": [\n        \"@@templates_all\"\n    ]\n}","lang":"json","field":83,"settings":[]}]},"settings":[],"parent":78}],"fieldId":"contentblocks-field-20"}},{"heading":{"value":"[[%romanesco.patterns.references_title]]","fieldId":"contentblocks-field-22"},"content":{"child_layouts":[{"layout":12,"content":{"col_1":[{"value":"[[%romanesco.patterns.assigned_templates]]","level":"h5","field":1,"settings":[]},{"chunk_properties":[],"field":85,"settings":{"pattern_list":"assignedTemplates","pattern_name":"[[+pattern_name]]"}}],"col_2":[{"value":"[[%romanesco.patterns.referring_patterns]]","level":"h5","field":1,"settings":[]},{"chunk_properties":[],"field":85,"settings":{"pattern_list":"referringChunks,referringTemplates","pattern_name":"[[+pattern_name]]"}}]},"settings":{"padding":"relaxed","alignment":"","divider":"divided"},"parent":78}],"fieldId":"contentblocks-field-23"}}],"field":76,"settings":{"layout_type":"accordion","accordion_type":"fluid styled","padding":"padded","tab_type":"regular"}}],"fieldcounts":{"76":2},"_isContentBlocks":true}}