{"contentblocks":{"content":"[{\"layout\":1,\"content\":{\"main\":[{\"chunk_properties\":{},\"field\":19,\"settings\":{\"link_text\":\"Learn more\",\"cols\":\"three\",\"row_tpl\":\"overviewRowBasicLinkCard\",\"show_subtitle\":\"1\",\"show_introtext\":\"0\",\"parent\":\"[[*id]]\",\"title_field\":\"menutitle\",\"title_hierarchy\":\"h3\",\"depth\":\"0\",\"limit\":\"99\",\"show_hidden\":\"0\",\"sortby\":\"menuindex\",\"pagination\":\"0\",\"img_type\":\"[[$cbSettingImageType]]\",\"icon_type\":\"svg\",\"padding\":\"regular\",\"de_emphasize\":\"1\"}}]},\"settings\":[],\"parent\":0,\"title\":\"\"},{\"layout\":1,\"content\":{\"main\":[{\"value\":\"Settings - Email<br>\",\"level\":\"h2\",\"field\":1,\"settings\":{\"alignment\":\"\",\"anchor\":\"Anchor\"}},{\"value\":1,\"field\":5,\"settings\":{\"divider_text\":\"\",\"divider_section\":\"0\",\"divider_hidden\":\"0\"}}]},\"settings\":[],\"parent\":0,\"title\":\"\"},{\"layout\":17,\"content\":{\"preview\":[],\"code\":[],\"info\":[{\"rows\":[{\"heading\":{\"value\":\"[[%romanesco.patterns.purpose_title]]\",\"fieldId\":\"contentblocks-field-5\"},\"heading_subtitle\":{\"value\":\"\",\"fieldId\":\"contentblocks-field-6\"},\"heading_icon\":{\"url\":\"\",\"size\":\"\",\"width\":\"\",\"height\":\"\",\"extension\":\"\",\"crops\":[],\"fieldId\":\"contentblocks-field-7\"},\"content\":{\"child_layouts\":[{\"layout\":7,\"content\":{\"main\":[{\"value\":\"<p>Define an email address where forms will be sent to.\\n<\/p>\",\"field\":6,\"settings\":[]}]},\"settings\":[],\"parent\":78}],\"fieldId\":\"contentblocks-field-8\"}},{\"heading\":{\"value\":\"[[%romanesco.patterns.specifications_title]]\",\"fieldId\":\"contentblocks-field-10\"},\"heading_subtitle\":{\"value\":\"\",\"fieldId\":\"contentblocks-field-11\"},\"heading_icon\":{\"url\":\"\",\"size\":\"\",\"width\":\"\",\"height\":\"\",\"extension\":\"\",\"crops\":[],\"fieldId\":\"contentblocks-field-12\"},\"content\":{\"child_layouts\":[{\"layout\":7,\"content\":{\"main\":[{\"value\":\"{\\n    \\\"caption\\\": \\\"Email address recipient\\\",\\n    \\\"name\\\": \\\"fb_email_to\\\",\\n    \\\"description\\\": \\\"Submitted forms will be sent to this address. If this field is empty, the form will be sent to the default email address of the website (which can be found under Extras > Configuration).\\\",\\n    \\\"category\\\": \\\"Settings - Email\\\",\\n    \\\"sortOrder\\\": \\\"1\\\",\\n    \\\"type\\\": \\\"email\\\",\\n    \\\"templates\\\": [\\\"fbForm\\\"]\\n}\",\"lang\":\"json\",\"field\":83,\"settings\":[]}]},\"settings\":[],\"parent\":78}],\"fieldId\":\"contentblocks-field-13\"}},{\"heading\":{\"value\":\"[[%romanesco.patterns.references_title]]\",\"fieldId\":\"contentblocks-field-15\"},\"heading_subtitle\":{\"value\":\"\",\"fieldId\":\"contentblocks-field-16\"},\"heading_icon\":{\"url\":\"\",\"size\":\"\",\"width\":\"\",\"height\":\"\",\"extension\":\"\",\"crops\":[],\"fieldId\":\"contentblocks-field-17\"},\"content\":{\"child_layouts\":[{\"layout\":12,\"content\":{\"col_1\":[{\"value\":\"[[%romanesco.patterns.assigned_templates]]\",\"level\":\"h5\",\"field\":1,\"settings\":[]},{\"chunk_properties\":{},\"field\":85,\"settings\":{\"pattern_list\":\"assignedTemplates\",\"pattern_name\":\"[[+pattern_name]]\"}}],\"col_2\":[{\"value\":\"[[%romanesco.patterns.referring_patterns]]\",\"level\":\"h5\",\"field\":1,\"settings\":[]},{\"chunk_properties\":{},\"field\":85,\"settings\":{\"pattern_list\":\"referringChunks,referringTemplates\",\"pattern_name\":\"[[+pattern_name]]\"}}]},\"settings\":{\"padding\":\"relaxed\",\"alignment\":\"\",\"divider\":\"divided\"},\"parent\":78}],\"fieldId\":\"contentblocks-field-18\"}}],\"field\":76,\"settings\":{\"layout_type\":\"accordion\",\"accordion_type\":\"fluid styled\",\"padding\":\"padded\",\"tab_type\":\"regular\"}}]},\"settings\":{\"background\":\"white\",\"container_type\":\"\",\"sidebar_width\":\"five\",\"alignment\":\"\",\"pattern_name\":\"fb_email_to\",\"pattern_template\":\"patternLayoutElectronTV\"},\"parent\":0,\"title\":\"fb_email_to\"},{\"layout\":17,\"content\":{\"preview\":[],\"code\":[],\"info\":[{\"rows\":[{\"heading\":{\"value\":\"[[%romanesco.patterns.purpose_title]]\",\"fieldId\":\"contentblocks-field-24\"},\"heading_subtitle\":{\"value\":\"\",\"fieldId\":\"contentblocks-field-25\"},\"heading_icon\":{\"url\":\"\",\"size\":\"\",\"width\":\"\",\"height\":\"\",\"extension\":\"\",\"crops\":[],\"fieldId\":\"contentblocks-field-26\"},\"content\":{\"child_layouts\":[{\"layout\":7,\"content\":{\"main\":[{\"value\":\"<p>Define a CC address where forms will also be sent to.<\/p>\",\"field\":6,\"settings\":[]}]},\"settings\":[],\"parent\":78}],\"fieldId\":\"contentblocks-field-27\"}},{\"heading\":{\"value\":\"[[%romanesco.patterns.specifications_title]]\",\"fieldId\":\"contentblocks-field-29\"},\"heading_subtitle\":{\"value\":\"\",\"fieldId\":\"contentblocks-field-30\"},\"heading_icon\":{\"url\":\"\",\"size\":\"\",\"width\":\"\",\"height\":\"\",\"extension\":\"\",\"crops\":[],\"fieldId\":\"contentblocks-field-31\"},\"content\":{\"child_layouts\":[{\"layout\":7,\"content\":{\"main\":[{\"value\":\"{\\n    \\\"caption\\\": \\\"Email CC address\\\",\\n    \\\"name\\\": \\\"fb_email_cc\\\",\\n    \\\"description\\\": \\\"Optional.\\\",\\n    \\\"category\\\": \\\"Settings - Email\\\",\\n    \\\"sortOrder\\\": \\\"2\\\",\\n    \\\"type\\\": \\\"email\\\",\\n    \\\"templates\\\": [\\\"fbForm\\\"]\\n}\",\"lang\":\"json\",\"field\":83,\"settings\":[]}]},\"settings\":[],\"parent\":78}],\"fieldId\":\"contentblocks-field-32\"}},{\"heading\":{\"value\":\"[[%romanesco.patterns.references_title]]\",\"fieldId\":\"contentblocks-field-34\"},\"heading_subtitle\":{\"value\":\"\",\"fieldId\":\"contentblocks-field-35\"},\"heading_icon\":{\"url\":\"\",\"size\":\"\",\"width\":\"\",\"height\":\"\",\"extension\":\"\",\"crops\":[],\"fieldId\":\"contentblocks-field-36\"},\"content\":{\"child_layouts\":[{\"layout\":12,\"content\":{\"col_1\":[{\"value\":\"[[%romanesco.patterns.assigned_templates]]\",\"level\":\"h5\",\"field\":1,\"settings\":[]},{\"chunk_properties\":{},\"field\":85,\"settings\":{\"pattern_list\":\"assignedTemplates\",\"pattern_name\":\"[[+pattern_name]]\"}}],\"col_2\":[{\"value\":\"[[%romanesco.patterns.referring_patterns]]\",\"level\":\"h5\",\"field\":1,\"settings\":[]},{\"chunk_properties\":{},\"field\":85,\"settings\":{\"pattern_list\":\"referringChunks,referringTemplates\",\"pattern_name\":\"[[+pattern_name]]\"}}]},\"settings\":{\"padding\":\"relaxed\",\"alignment\":\"\",\"divider\":\"divided\"},\"parent\":78}],\"fieldId\":\"contentblocks-field-37\"}}],\"field\":76,\"settings\":{\"layout_type\":\"accordion\",\"accordion_type\":\"fluid styled\",\"padding\":\"padded\",\"tab_type\":\"regular\"}}]},\"settings\":{\"background\":\"white\",\"container_type\":\"\",\"sidebar_width\":\"five\",\"alignment\":\"\",\"pattern_name\":\"fb_email_cc\",\"pattern_template\":\"patternLayoutElectronTV\"},\"parent\":0,\"title\":\"fb_email_cc\"},{\"layout\":17,\"content\":{\"preview\":[],\"code\":[],\"info\":[{\"rows\":[{\"heading\":{\"value\":\"[[%romanesco.patterns.purpose_title]]\",\"fieldId\":\"contentblocks-field-43\"},\"heading_subtitle\":{\"value\":\"\",\"fieldId\":\"contentblocks-field-44\"},\"heading_icon\":{\"url\":\"\",\"size\":\"\",\"width\":\"\",\"height\":\"\",\"extension\":\"\",\"crops\":[],\"fieldId\":\"contentblocks-field-45\"},\"content\":{\"child_layouts\":[{\"layout\":7,\"content\":{\"main\":[{\"value\":\"<p>Define a BCC address where forms will also be sent to.\\n<\/p><p>Tip: this can be convenient for linking your form to an automated service like Zapier.\\n<\/p>\",\"field\":6,\"settings\":[]}]},\"settings\":[],\"parent\":78}],\"fieldId\":\"contentblocks-field-46\"}},{\"heading\":{\"value\":\"[[%romanesco.patterns.specifications_title]]\",\"fieldId\":\"contentblocks-field-48\"},\"heading_subtitle\":{\"value\":\"\",\"fieldId\":\"contentblocks-field-49\"},\"heading_icon\":{\"url\":\"\",\"size\":\"\",\"width\":\"\",\"height\":\"\",\"extension\":\"\",\"crops\":[],\"fieldId\":\"contentblocks-field-50\"},\"content\":{\"child_layouts\":[{\"layout\":7,\"content\":{\"main\":[{\"value\":\"{\\n    \\\"caption\\\": \\\"Email BCC address\\\",\\n    \\\"name\\\": \\\"fb_email_bcc\\\",\\n    \\\"description\\\": \\\"Optional.\\\",\\n    \\\"category\\\": \\\"Settings - Email\\\",\\n    \\\"sortOrder\\\": \\\"3\\\",\\n    \\\"type\\\": \\\"email\\\",\\n    \\\"templates\\\": [\\\"fbForm\\\"]\\n}\",\"lang\":\"json\",\"field\":83,\"settings\":[]}]},\"settings\":[],\"parent\":78}],\"fieldId\":\"contentblocks-field-51\"}},{\"heading\":{\"value\":\"[[%romanesco.patterns.references_title]]\",\"fieldId\":\"contentblocks-field-53\"},\"heading_subtitle\":{\"value\":\"\",\"fieldId\":\"contentblocks-field-54\"},\"heading_icon\":{\"url\":\"\",\"size\":\"\",\"width\":\"\",\"height\":\"\",\"extension\":\"\",\"crops\":[],\"fieldId\":\"contentblocks-field-55\"},\"content\":{\"child_layouts\":[{\"layout\":12,\"content\":{\"col_1\":[{\"value\":\"[[%romanesco.patterns.assigned_templates]]\",\"level\":\"h5\",\"field\":1,\"settings\":[]},{\"chunk_properties\":{},\"field\":85,\"settings\":{\"pattern_list\":\"assignedTemplates\",\"pattern_name\":\"[[+pattern_name]]\"}}],\"col_2\":[{\"value\":\"[[%romanesco.patterns.referring_patterns]]\",\"level\":\"h5\",\"field\":1,\"settings\":[]},{\"chunk_properties\":{},\"field\":85,\"settings\":{\"pattern_list\":\"referringChunks,referringTemplates\",\"pattern_name\":\"[[+pattern_name]]\"}}]},\"settings\":{\"padding\":\"relaxed\",\"alignment\":\"\",\"divider\":\"divided\"},\"parent\":78}],\"fieldId\":\"contentblocks-field-56\"}}],\"field\":76,\"settings\":{\"layout_type\":\"accordion\",\"accordion_type\":\"fluid styled\",\"padding\":\"padded\",\"tab_type\":\"regular\"}}]},\"settings\":{\"background\":\"white\",\"container_type\":\"\",\"sidebar_width\":\"five\",\"alignment\":\"\",\"pattern_name\":\"fb_email_bcc\",\"pattern_template\":\"patternLayoutElectronTV\"},\"parent\":0,\"title\":\"fb_email_bcc\"},{\"layout\":17,\"content\":{\"preview\":[],\"code\":[],\"info\":[{\"rows\":[{\"heading\":{\"value\":\"[[%romanesco.patterns.purpose_title]]\",\"fieldId\":\"contentblocks-field-62\"},\"heading_subtitle\":{\"value\":\"\",\"fieldId\":\"contentblocks-field-63\"},\"heading_icon\":{\"url\":\"\",\"size\":\"\",\"width\":\"\",\"height\":\"\",\"extension\":\"\",\"crops\":[],\"fieldId\":\"contentblocks-field-64\"},\"content\":{\"child_layouts\":[{\"layout\":7,\"content\":{\"main\":[{\"value\":\"<p>It will appear as if the form was sent from this email address.<\/p>\",\"field\":6,\"settings\":[]}]},\"settings\":[],\"parent\":78}],\"fieldId\":\"contentblocks-field-65\"}},{\"heading\":{\"value\":\"[[%romanesco.patterns.specifications_title]]\",\"fieldId\":\"contentblocks-field-67\"},\"heading_subtitle\":{\"value\":\"\",\"fieldId\":\"contentblocks-field-68\"},\"heading_icon\":{\"url\":\"\",\"size\":\"\",\"width\":\"\",\"height\":\"\",\"extension\":\"\",\"crops\":[],\"fieldId\":\"contentblocks-field-69\"},\"content\":{\"child_layouts\":[{\"layout\":7,\"content\":{\"main\":[{\"value\":\"{\\n    \\\"caption\\\": \\\"Email FROM address\\\",\\n    \\\"name\\\": \\\"fb_email_from\\\",\\n    \\\"description\\\": \\\"Optional. Defaults to emailsender system setting.\\\",\\n    \\\"category\\\": \\\"Settings - Email\\\",\\n    \\\"sortOrder\\\": \\\"5\\\",\\n    \\\"type\\\": \\\"email\\\",\\n    \\\"templates\\\": [\\\"fbForm\\\"]\\n}\",\"lang\":\"json\",\"field\":83,\"settings\":[]}]},\"settings\":[],\"parent\":78}],\"fieldId\":\"contentblocks-field-70\"}},{\"heading\":{\"value\":\"[[%romanesco.patterns.references_title]]\",\"fieldId\":\"contentblocks-field-72\"},\"heading_subtitle\":{\"value\":\"\",\"fieldId\":\"contentblocks-field-73\"},\"heading_icon\":{\"url\":\"\",\"size\":\"\",\"width\":\"\",\"height\":\"\",\"extension\":\"\",\"crops\":[],\"fieldId\":\"contentblocks-field-74\"},\"content\":{\"child_layouts\":[{\"layout\":12,\"content\":{\"col_1\":[{\"value\":\"[[%romanesco.patterns.assigned_templates]]\",\"level\":\"h5\",\"field\":1,\"settings\":[]},{\"chunk_properties\":{},\"field\":85,\"settings\":{\"pattern_list\":\"assignedTemplates\",\"pattern_name\":\"[[+pattern_name]]\"}}],\"col_2\":[{\"value\":\"[[%romanesco.patterns.referring_patterns]]\",\"level\":\"h5\",\"field\":1,\"settings\":[]},{\"chunk_properties\":{},\"field\":85,\"settings\":{\"pattern_list\":\"referringChunks,referringTemplates\",\"pattern_name\":\"[[+pattern_name]]\"}}]},\"settings\":{\"padding\":\"relaxed\",\"alignment\":\"\",\"divider\":\"divided\"},\"parent\":78}],\"fieldId\":\"contentblocks-field-75\"}}],\"field\":76,\"settings\":{\"layout_type\":\"accordion\",\"accordion_type\":\"fluid styled\",\"padding\":\"padded\",\"tab_type\":\"regular\"}}]},\"settings\":{\"background\":\"white\",\"container_type\":\"\",\"sidebar_width\":\"five\",\"alignment\":\"\",\"pattern_name\":\"fb_email_from\",\"pattern_template\":\"patternLayoutElectronTV\"},\"parent\":0,\"title\":\"fb_email_from\"},{\"layout\":17,\"content\":{\"preview\":[],\"code\":[],\"info\":[{\"rows\":[{\"heading\":{\"value\":\"[[%romanesco.patterns.purpose_title]]\",\"fieldId\":\"contentblocks-field-81\"},\"heading_subtitle\":{\"value\":\"\",\"fieldId\":\"contentblocks-field-82\"},\"heading_icon\":{\"url\":\"\",\"size\":\"\",\"width\":\"\",\"height\":\"\",\"extension\":\"\",\"crops\":[],\"fieldId\":\"contentblocks-field-83\"},\"content\":{\"child_layouts\":[{\"layout\":7,\"content\":{\"main\":[{\"value\":\"<p>It will appear as if the form was sent by this person or organization.\\n<\/p>\",\"field\":6,\"settings\":[]}]},\"settings\":[],\"parent\":78}],\"fieldId\":\"contentblocks-field-84\"}},{\"heading\":{\"value\":\"[[%romanesco.patterns.specifications_title]]\",\"fieldId\":\"contentblocks-field-86\"},\"heading_subtitle\":{\"value\":\"\",\"fieldId\":\"contentblocks-field-87\"},\"heading_icon\":{\"url\":\"\",\"size\":\"\",\"width\":\"\",\"height\":\"\",\"extension\":\"\",\"crops\":[],\"fieldId\":\"contentblocks-field-88\"},\"content\":{\"child_layouts\":[{\"layout\":7,\"content\":{\"main\":[{\"value\":\"{\\n    \\\"caption\\\": \\\"Email FROM name\\\",\\n    \\\"name\\\": \\\"fb_email_from_name\\\",\\n    \\\"description\\\": \\\"Optional. Defaults to site_name system setting.\\\",\\n    \\\"category\\\": \\\"Settings - Email\\\",\\n    \\\"sortOrder\\\": \\\"6\\\",\\n    \\\"type\\\": \\\"text\\\",\\n    \\\"templates\\\": [\\\"fbForm\\\"]\\n}\",\"lang\":\"json\",\"field\":83,\"settings\":[]}]},\"settings\":[],\"parent\":78}],\"fieldId\":\"contentblocks-field-89\"}},{\"heading\":{\"value\":\"[[%romanesco.patterns.references_title]]\",\"fieldId\":\"contentblocks-field-91\"},\"heading_subtitle\":{\"value\":\"\",\"fieldId\":\"contentblocks-field-92\"},\"heading_icon\":{\"url\":\"\",\"size\":\"\",\"width\":\"\",\"height\":\"\",\"extension\":\"\",\"crops\":[],\"fieldId\":\"contentblocks-field-93\"},\"content\":{\"child_layouts\":[{\"layout\":12,\"content\":{\"col_1\":[{\"value\":\"[[%romanesco.patterns.assigned_templates]]\",\"level\":\"h5\",\"field\":1,\"settings\":[]},{\"chunk_properties\":{},\"field\":85,\"settings\":{\"pattern_list\":\"assignedTemplates\",\"pattern_name\":\"[[+pattern_name]]\"}}],\"col_2\":[{\"value\":\"[[%romanesco.patterns.referring_patterns]]\",\"level\":\"h5\",\"field\":1,\"settings\":[]},{\"chunk_properties\":{},\"field\":85,\"settings\":{\"pattern_list\":\"referringChunks,referringTemplates\",\"pattern_name\":\"[[+pattern_name]]\"}}]},\"settings\":{\"padding\":\"relaxed\",\"alignment\":\"\",\"divider\":\"divided\"},\"parent\":78}],\"fieldId\":\"contentblocks-field-94\"}}],\"field\":76,\"settings\":{\"layout_type\":\"accordion\",\"accordion_type\":\"fluid styled\",\"padding\":\"padded\",\"tab_type\":\"regular\"}}]},\"settings\":{\"background\":\"white\",\"container_type\":\"\",\"sidebar_width\":\"five\",\"alignment\":\"\",\"pattern_name\":\"fb_email_from_name\",\"pattern_template\":\"patternLayoutElectronTV\"},\"parent\":0,\"title\":\"fb_email_from_name\"},{\"layout\":17,\"content\":{\"preview\":[],\"code\":[],\"info\":[{\"rows\":[{\"heading\":{\"value\":\"[[%romanesco.patterns.purpose_title]]\",\"fieldId\":\"contentblocks-field-100\"},\"heading_subtitle\":{\"value\":\"\",\"fieldId\":\"contentblocks-field-101\"},\"heading_icon\":{\"url\":\"\",\"size\":\"\",\"width\":\"\",\"height\":\"\",\"extension\":\"\",\"crops\":[],\"fieldId\":\"contentblocks-field-102\"},\"content\":{\"child_layouts\":[{\"layout\":7,\"content\":{\"main\":[{\"value\":\"<p>Provides the subject line for an email message.<\/p>\",\"field\":6,\"settings\":[]}]},\"settings\":[],\"parent\":78}],\"fieldId\":\"contentblocks-field-103\"}},{\"heading\":{\"value\":\"[[%romanesco.patterns.specifications_title]]\",\"fieldId\":\"contentblocks-field-105\"},\"heading_subtitle\":{\"value\":\"\",\"fieldId\":\"contentblocks-field-106\"},\"heading_icon\":{\"url\":\"\",\"size\":\"\",\"width\":\"\",\"height\":\"\",\"extension\":\"\",\"crops\":[],\"fieldId\":\"contentblocks-field-107\"},\"content\":{\"child_layouts\":[{\"layout\":7,\"content\":{\"main\":[{\"value\":\"{\\n    \\\"caption\\\": \\\"Email subject\\\",\\n    \\\"name\\\": \\\"fb_email_subject\\\",\\n    \\\"category\\\": \\\"Settings - Email\\\",\\n    \\\"sortOrder\\\": \\\"10\\\",\\n    \\\"type\\\": \\\"text\\\",\\n    \\\"templates\\\": [\\\"fbForm\\\"]\\n}\",\"lang\":\"json\",\"field\":83,\"settings\":[]}]},\"settings\":[],\"parent\":78}],\"fieldId\":\"contentblocks-field-108\"}},{\"heading\":{\"value\":\"[[%romanesco.patterns.references_title]]\",\"fieldId\":\"contentblocks-field-110\"},\"heading_subtitle\":{\"value\":\"\",\"fieldId\":\"contentblocks-field-111\"},\"heading_icon\":{\"url\":\"\",\"size\":\"\",\"width\":\"\",\"height\":\"\",\"extension\":\"\",\"crops\":[],\"fieldId\":\"contentblocks-field-112\"},\"content\":{\"child_layouts\":[{\"layout\":12,\"content\":{\"col_1\":[{\"value\":\"[[%romanesco.patterns.assigned_templates]]\",\"level\":\"h5\",\"field\":1,\"settings\":[]},{\"chunk_properties\":{},\"field\":85,\"settings\":{\"pattern_list\":\"assignedTemplates\",\"pattern_name\":\"[[+pattern_name]]\"}}],\"col_2\":[{\"value\":\"[[%romanesco.patterns.referring_patterns]]\",\"level\":\"h5\",\"field\":1,\"settings\":[]},{\"chunk_properties\":{},\"field\":85,\"settings\":{\"pattern_list\":\"referringChunks,referringTemplates\",\"pattern_name\":\"[[+pattern_name]]\"}}]},\"settings\":{\"padding\":\"relaxed\",\"alignment\":\"\",\"divider\":\"divided\"},\"parent\":78}],\"fieldId\":\"contentblocks-field-113\"}}],\"field\":76,\"settings\":{\"layout_type\":\"accordion\",\"accordion_type\":\"fluid styled\",\"padding\":\"padded\",\"tab_type\":\"regular\"}}]},\"settings\":{\"background\":\"white\",\"container_type\":\"\",\"sidebar_width\":\"five\",\"alignment\":\"\",\"pattern_name\":\"fb_email_subject\",\"pattern_template\":\"patternLayoutElectronTV\"},\"parent\":0,\"title\":\"fb_email_subject\"},{\"layout\":1,\"content\":{\"main\":[{\"value\":\"Settings - General<br>\",\"level\":\"h2\",\"field\":1,\"settings\":{\"alignment\":\"\",\"anchor\":\"Anchor\"}},{\"value\":1,\"field\":5,\"settings\":{\"divider_text\":\"\",\"divider_section\":\"0\",\"divider_hidden\":\"0\"}}]},\"settings\":[],\"parent\":0,\"title\":\"\"},{\"layout\":17,\"content\":{\"preview\":[],\"code\":[],\"info\":[{\"rows\":[{\"heading\":{\"value\":\"[[%romanesco.patterns.purpose_title]]\",\"fieldId\":\"contentblocks-field-119\"},\"heading_subtitle\":{\"value\":\"\",\"fieldId\":\"contentblocks-field-120\"},\"heading_icon\":{\"url\":\"\",\"size\":\"\",\"width\":\"\",\"height\":\"\",\"extension\":\"\",\"crops\":[],\"fieldId\":\"contentblocks-field-121\"},\"content\":{\"child_layouts\":[{\"layout\":7,\"content\":{\"main\":[{\"value\":\"<p>Allows you to link to a specific redirect page.<\/p>\",\"field\":6,\"settings\":[]}]},\"settings\":[],\"parent\":78}],\"fieldId\":\"contentblocks-field-122\"}},{\"heading\":{\"value\":\"[[%romanesco.patterns.specifications_title]]\",\"fieldId\":\"contentblocks-field-124\"},\"heading_subtitle\":{\"value\":\"\",\"fieldId\":\"contentblocks-field-125\"},\"heading_icon\":{\"url\":\"\",\"size\":\"\",\"width\":\"\",\"height\":\"\",\"extension\":\"\",\"crops\":[],\"fieldId\":\"contentblocks-field-126\"},\"content\":{\"child_layouts\":[{\"layout\":7,\"content\":{\"main\":[{\"value\":\"{\\n    \\\"caption\\\": \\\"Redirect page\\\",\\n    \\\"name\\\": \\\"fb_redirect_id\\\",\\n    \\\"description\\\": \\\"Enter the ID of the page, or drag the page from the menu tree to this input field.\\\",\\n    \\\"category\\\": \\\"Settings - General\\\",\\n    \\\"sortOrder\\\": \\\"90\\\",\\n    \\\"type\\\": \\\"number\\\",\\n    \\\"templates\\\": [\\\"fbForm\\\"]\\n}\",\"lang\":\"json\",\"field\":83,\"settings\":[]}]},\"settings\":[],\"parent\":78}],\"fieldId\":\"contentblocks-field-127\"}},{\"heading\":{\"value\":\"[[%romanesco.patterns.references_title]]\",\"fieldId\":\"contentblocks-field-129\"},\"heading_subtitle\":{\"value\":\"\",\"fieldId\":\"contentblocks-field-130\"},\"heading_icon\":{\"url\":\"\",\"size\":\"\",\"width\":\"\",\"height\":\"\",\"extension\":\"\",\"crops\":[],\"fieldId\":\"contentblocks-field-131\"},\"content\":{\"child_layouts\":[{\"layout\":12,\"content\":{\"col_1\":[{\"value\":\"[[%romanesco.patterns.assigned_templates]]\",\"level\":\"h5\",\"field\":1,\"settings\":[]},{\"chunk_properties\":{},\"field\":85,\"settings\":{\"pattern_list\":\"assignedTemplates\",\"pattern_name\":\"[[+pattern_name]]\"}}],\"col_2\":[{\"value\":\"[[%romanesco.patterns.referring_patterns]]\",\"level\":\"h5\",\"field\":1,\"settings\":[]},{\"chunk_properties\":{},\"field\":85,\"settings\":{\"pattern_list\":\"referringChunks,referringTemplates\",\"pattern_name\":\"[[+pattern_name]]\"}}]},\"settings\":{\"padding\":\"relaxed\",\"alignment\":\"\",\"divider\":\"divided\"},\"parent\":78}],\"fieldId\":\"contentblocks-field-132\"}}],\"field\":76,\"settings\":{\"layout_type\":\"accordion\",\"accordion_type\":\"fluid styled\",\"padding\":\"padded\",\"tab_type\":\"regular\"}}]},\"settings\":{\"background\":\"white\",\"container_type\":\"\",\"sidebar_width\":\"five\",\"alignment\":\"\",\"pattern_name\":\"fb_redirect_id\",\"pattern_template\":\"patternLayoutElectronTV\"},\"parent\":0,\"title\":\"fb_redirect_id\"},{\"layout\":17,\"content\":{\"preview\":[],\"code\":[],\"info\":[{\"rows\":[{\"heading\":{\"value\":\"[[%romanesco.patterns.purpose_title]]\",\"fieldId\":\"contentblocks-field-138\"},\"heading_subtitle\":{\"value\":\"\",\"fieldId\":\"contentblocks-field-139\"},\"heading_icon\":{\"url\":\"\",\"size\":\"\",\"width\":\"\",\"height\":\"\",\"extension\":\"\",\"crops\":[],\"fieldId\":\"contentblocks-field-140\"},\"content\":{\"child_layouts\":[{\"layout\":7,\"content\":{\"main\":[{\"value\":\"<p>Allows you to change the default text inside the submit button of each form.<\/p>\",\"field\":6,\"settings\":[]}]},\"settings\":[],\"parent\":78}],\"fieldId\":\"contentblocks-field-141\"}},{\"heading\":{\"value\":\"[[%romanesco.patterns.specifications_title]]\",\"fieldId\":\"contentblocks-field-143\"},\"heading_subtitle\":{\"value\":\"\",\"fieldId\":\"contentblocks-field-144\"},\"heading_icon\":{\"url\":\"\",\"size\":\"\",\"width\":\"\",\"height\":\"\",\"extension\":\"\",\"crops\":[],\"fieldId\":\"contentblocks-field-145\"},\"content\":{\"child_layouts\":[{\"layout\":7,\"content\":{\"main\":[{\"value\":\"{\\n    \\\"caption\\\": \\\"Text in submit button\\\",\\n    \\\"name\\\": \\\"fb_submit_button\\\",\\n    \\\"description\\\": \\\"Defaults to Send.\\\",\\n    \\\"category\\\": \\\"Settings - General\\\",\\n    \\\"sortOrder\\\": \\\"92\\\",\\n    \\\"type\\\": \\\"text\\\",\\n    \\\"templates\\\": [\\\"fbForm\\\"]\\n}\",\"lang\":\"json\",\"field\":83,\"settings\":[]}]},\"settings\":[],\"parent\":78}],\"fieldId\":\"contentblocks-field-146\"}},{\"heading\":{\"value\":\"[[%romanesco.patterns.references_title]]\",\"fieldId\":\"contentblocks-field-148\"},\"heading_subtitle\":{\"value\":\"\",\"fieldId\":\"contentblocks-field-149\"},\"heading_icon\":{\"url\":\"\",\"size\":\"\",\"width\":\"\",\"height\":\"\",\"extension\":\"\",\"crops\":[],\"fieldId\":\"contentblocks-field-150\"},\"content\":{\"child_layouts\":[{\"layout\":12,\"content\":{\"col_1\":[{\"value\":\"[[%romanesco.patterns.assigned_templates]]\",\"level\":\"h5\",\"field\":1,\"settings\":[]},{\"chunk_properties\":{},\"field\":85,\"settings\":{\"pattern_list\":\"assignedTemplates\",\"pattern_name\":\"[[+pattern_name]]\"}}],\"col_2\":[{\"value\":\"[[%romanesco.patterns.referring_patterns]]\",\"level\":\"h5\",\"field\":1,\"settings\":[]},{\"chunk_properties\":{},\"field\":85,\"settings\":{\"pattern_list\":\"referringChunks,referringTemplates\",\"pattern_name\":\"[[+pattern_name]]\"}}]},\"settings\":{\"padding\":\"relaxed\",\"alignment\":\"\",\"divider\":\"divided\"},\"parent\":78}],\"fieldId\":\"contentblocks-field-151\"}}],\"field\":76,\"settings\":{\"layout_type\":\"accordion\",\"accordion_type\":\"fluid styled\",\"padding\":\"padded\",\"tab_type\":\"regular\"}}]},\"settings\":{\"background\":\"white\",\"container_type\":\"\",\"sidebar_width\":\"five\",\"alignment\":\"\",\"pattern_name\":\"fb_submit_button\",\"pattern_template\":\"patternLayoutElectronTV\",\"pattern_status\":\"green\"},\"parent\":0,\"title\":\"fb_submit_button\"},{\"layout\":17,\"content\":{\"preview\":[],\"code\":[],\"info\":[{\"rows\":[{\"heading\":{\"value\":\"[[%romanesco.patterns.purpose_title]]\",\"fieldId\":\"contentblocks-field-157\"},\"heading_subtitle\":{\"value\":\"\",\"fieldId\":\"contentblocks-field-158\"},\"heading_icon\":{\"url\":\"\",\"size\":\"\",\"width\":\"\",\"height\":\"\",\"extension\":\"\",\"crops\":[],\"fieldId\":\"contentblocks-field-159\"},\"content\":{\"child_layouts\":[{\"layout\":7,\"content\":{\"main\":[{\"value\":\"<p>Allows you to change the appearance of a form by selecting the position of the labels.<\/p>\",\"field\":6,\"settings\":[]}]},\"settings\":[],\"parent\":78}],\"fieldId\":\"contentblocks-field-160\"}},{\"heading\":{\"value\":\"[[%romanesco.patterns.specifications_title]]\",\"fieldId\":\"contentblocks-field-162\"},\"heading_subtitle\":{\"value\":\"\",\"fieldId\":\"contentblocks-field-163\"},\"heading_icon\":{\"url\":\"\",\"size\":\"\",\"width\":\"\",\"height\":\"\",\"extension\":\"\",\"crops\":[],\"fieldId\":\"contentblocks-field-164\"},\"content\":{\"child_layouts\":[{\"layout\":7,\"content\":{\"main\":[{\"value\":\"{\\n    \\\"caption\\\": \\\"Layout type\\\",\\n    \\\"name\\\": \\\"fb_form_layout\\\",\\n    \\\"description\\\": \\\"Stacked means the labels are always above the input fields, Horizontal means the labels are next to the fields, Inline means everything is on 1 row (so only for very small forms).\\\",\\n    \\\"category\\\": \\\"Settings - General\\\",\\n    \\\"sortOrder\\\": \\\"5\\\",\\n    \\\"type\\\": \\\"listbox\\\",\\n    \\\"inputOptionValues\\\": \\\"Stacked==vertical||Horizontal==horizontal||Inline==inline\\\",\\n    \\\"defaultValue\\\": \\\"horizontal\\\",\\n    \\\"templates\\\": [\\\"fbForm\\\"]\\n}\",\"lang\":\"json\",\"field\":83,\"settings\":[]}]},\"settings\":[],\"parent\":78}],\"fieldId\":\"contentblocks-field-165\"}},{\"heading\":{\"value\":\"[[%romanesco.patterns.references_title]]\",\"fieldId\":\"contentblocks-field-167\"},\"heading_subtitle\":{\"value\":\"\",\"fieldId\":\"contentblocks-field-168\"},\"heading_icon\":{\"url\":\"\",\"size\":\"\",\"width\":\"\",\"height\":\"\",\"extension\":\"\",\"crops\":[],\"fieldId\":\"contentblocks-field-169\"},\"content\":{\"child_layouts\":[{\"layout\":12,\"content\":{\"col_1\":[{\"value\":\"[[%romanesco.patterns.assigned_templates]]\",\"level\":\"h5\",\"field\":1,\"settings\":[]},{\"chunk_properties\":{},\"field\":85,\"settings\":{\"pattern_list\":\"assignedTemplates\",\"pattern_name\":\"[[+pattern_name]]\"}}],\"col_2\":[{\"value\":\"[[%romanesco.patterns.referring_patterns]]\",\"level\":\"h5\",\"field\":1,\"settings\":[]},{\"chunk_properties\":{},\"field\":85,\"settings\":{\"pattern_list\":\"referringChunks,referringTemplates\",\"pattern_name\":\"[[+pattern_name]]\"}}]},\"settings\":{\"padding\":\"relaxed\",\"alignment\":\"\",\"divider\":\"divided\"},\"parent\":78}],\"fieldId\":\"contentblocks-field-170\"}}],\"field\":76,\"settings\":{\"layout_type\":\"accordion\",\"accordion_type\":\"fluid styled\",\"padding\":\"padded\",\"tab_type\":\"regular\"}}]},\"settings\":{\"background\":\"white\",\"container_type\":\"\",\"sidebar_width\":\"five\",\"alignment\":\"\",\"pattern_name\":\"fb_form_layout\",\"pattern_template\":\"patternLayoutElectronTV\"},\"parent\":0,\"title\":\"fb_form_layout\"},{\"layout\":1,\"content\":{\"main\":[{\"value\":\"Settings - Advanced<br>\",\"level\":\"h2\",\"field\":1,\"settings\":{\"alignment\":\"\",\"anchor\":\"Anchor\"}},{\"value\":1,\"field\":5,\"settings\":{\"divider_text\":\"\",\"divider_section\":\"0\",\"divider_hidden\":\"0\"}}]},\"settings\":[],\"parent\":0,\"title\":\"\"},{\"layout\":17,\"content\":{\"preview\":[],\"code\":[],\"info\":[{\"rows\":[{\"heading\":{\"value\":\"[[%romanesco.patterns.purpose_title]]\",\"fieldId\":\"contentblocks-field-178\"},\"heading_subtitle\":{\"value\":\"\",\"fieldId\":\"contentblocks-field-179\"},\"heading_icon\":{\"url\":\"\",\"size\":\"\",\"width\":\"\",\"height\":\"\",\"extension\":\"\",\"crops\":[],\"fieldId\":\"contentblocks-field-180\"},\"content\":{\"child_layouts\":[{\"layout\":7,\"content\":{\"main\":[{\"value\":\"<p>[[getElementDescription? &name=`[[+pattern_name]]` &type=`[[+pattern_template]]`]]\\n<\/p>\",\"field\":6,\"settings\":[]}]},\"settings\":[],\"parent\":78}],\"fieldId\":\"contentblocks-field-181\"}},{\"heading\":{\"value\":\"[[%romanesco.patterns.specifications_title]]\",\"fieldId\":\"contentblocks-field-183\"},\"heading_subtitle\":{\"value\":\"\",\"fieldId\":\"contentblocks-field-184\"},\"heading_icon\":{\"url\":\"\",\"size\":\"\",\"width\":\"\",\"height\":\"\",\"extension\":\"\",\"crops\":[],\"fieldId\":\"contentblocks-field-185\"},\"content\":{\"child_layouts\":[{\"layout\":7,\"content\":{\"main\":[{\"value\":\"[[tvToJSON?\\n    &tv=`[[+pattern_name]]`\\n    &showName=`1`\\n    &showSource=`0`\\n    &optionsDelimiter=`0`\\n]]\",\"lang\":\"json\",\"field\":83,\"settings\":[]}]},\"settings\":[],\"parent\":78}],\"fieldId\":\"contentblocks-field-186\"}},{\"heading\":{\"value\":\"[[%romanesco.patterns.references_title]]\",\"fieldId\":\"contentblocks-field-188\"},\"heading_subtitle\":{\"value\":\"\",\"fieldId\":\"contentblocks-field-189\"},\"heading_icon\":{\"url\":\"\",\"size\":\"\",\"width\":\"\",\"height\":\"\",\"extension\":\"\",\"crops\":[],\"fieldId\":\"contentblocks-field-190\"},\"content\":{\"child_layouts\":[{\"layout\":12,\"content\":{\"col_1\":[{\"value\":\"[[%romanesco.patterns.assigned_templates]]\",\"level\":\"h5\",\"field\":1,\"settings\":[]},{\"chunk_properties\":{},\"field\":85,\"settings\":{\"pattern_list\":\"assignedTemplates\",\"pattern_name\":\"[[+pattern_name]]\"}}],\"col_2\":[{\"value\":\"[[%romanesco.patterns.referring_patterns]]\",\"level\":\"h5\",\"field\":1,\"settings\":[]},{\"chunk_properties\":{},\"field\":85,\"settings\":{\"pattern_list\":\"referringChunks,referringTemplates\",\"pattern_name\":\"[[+pattern_name]]\"}}]},\"settings\":{\"padding\":\"relaxed\",\"alignment\":\"\",\"divider\":\"divided\"},\"parent\":78}],\"fieldId\":\"contentblocks-field-191\"}}],\"field\":76,\"settings\":{\"layout_type\":\"accordion\",\"accordion_type\":\"fluid styled\",\"padding\":\"padded\",\"tab_type\":\"regular\"}}]},\"settings\":{\"background\":\"white\",\"container_type\":\"\",\"sidebar_width\":\"five\",\"alignment\":\"\",\"pattern_name\":\"fb_prehooks\",\"pattern_template\":\"patternLayoutElectronTV\"},\"parent\":0,\"title\":\"\"},{\"layout\":17,\"content\":{\"preview\":[],\"code\":[],\"info\":[{\"rows\":[{\"heading\":{\"value\":\"[[%romanesco.patterns.purpose_title]]\",\"fieldId\":\"contentblocks-field-197\"},\"heading_subtitle\":{\"value\":\"\",\"fieldId\":\"contentblocks-field-198\"},\"heading_icon\":{\"url\":\"\",\"size\":\"\",\"width\":\"\",\"height\":\"\",\"extension\":\"\",\"crops\":[],\"fieldId\":\"contentblocks-field-199\"},\"content\":{\"child_layouts\":[{\"layout\":7,\"content\":{\"main\":[{\"value\":\"<p>[[getElementDescription? &name=`[[+pattern_name]]` &type=`[[+pattern_template]]`]]\\n<\/p>\",\"field\":6,\"settings\":[]}]},\"settings\":[],\"parent\":78}],\"fieldId\":\"contentblocks-field-200\"}},{\"heading\":{\"value\":\"[[%romanesco.patterns.specifications_title]]\",\"fieldId\":\"contentblocks-field-202\"},\"heading_subtitle\":{\"value\":\"\",\"fieldId\":\"contentblocks-field-203\"},\"heading_icon\":{\"url\":\"\",\"size\":\"\",\"width\":\"\",\"height\":\"\",\"extension\":\"\",\"crops\":[],\"fieldId\":\"contentblocks-field-204\"},\"content\":{\"child_layouts\":[{\"layout\":7,\"content\":{\"main\":[{\"value\":\"[[tvToJSON?\\n    &tv=`[[+pattern_name]]`\\n    &showName=`1`\\n    &showSource=`0`\\n    &optionsDelimiter=`0`\\n]]\",\"lang\":\"json\",\"field\":83,\"settings\":[]}]},\"settings\":[],\"parent\":78}],\"fieldId\":\"contentblocks-field-205\"}},{\"heading\":{\"value\":\"[[%romanesco.patterns.references_title]]\",\"fieldId\":\"contentblocks-field-207\"},\"heading_subtitle\":{\"value\":\"\",\"fieldId\":\"contentblocks-field-208\"},\"heading_icon\":{\"url\":\"\",\"size\":\"\",\"width\":\"\",\"height\":\"\",\"extension\":\"\",\"crops\":[],\"fieldId\":\"contentblocks-field-209\"},\"content\":{\"child_layouts\":[{\"layout\":12,\"content\":{\"col_1\":[{\"value\":\"[[%romanesco.patterns.assigned_templates]]\",\"level\":\"h5\",\"field\":1,\"settings\":[]},{\"chunk_properties\":{},\"field\":85,\"settings\":{\"pattern_list\":\"assignedTemplates\",\"pattern_name\":\"[[+pattern_name]]\"}}],\"col_2\":[{\"value\":\"[[%romanesco.patterns.referring_patterns]]\",\"level\":\"h5\",\"field\":1,\"settings\":[]},{\"chunk_properties\":{},\"field\":85,\"settings\":{\"pattern_list\":\"referringChunks,referringTemplates\",\"pattern_name\":\"[[+pattern_name]]\"}}]},\"settings\":{\"padding\":\"relaxed\",\"alignment\":\"\",\"divider\":\"divided\"},\"parent\":78}],\"fieldId\":\"contentblocks-field-210\"}}],\"field\":76,\"settings\":{\"layout_type\":\"accordion\",\"accordion_type\":\"fluid styled\",\"padding\":\"padded\",\"tab_type\":\"regular\"}}]},\"settings\":{\"background\":\"white\",\"container_type\":\"\",\"sidebar_width\":\"five\",\"alignment\":\"\",\"pattern_name\":\"fb_hooks\",\"pattern_template\":\"patternLayoutElectronTV\"},\"parent\":0,\"title\":\"\"},{\"layout\":17,\"content\":{\"preview\":[],\"code\":[],\"info\":[{\"rows\":[{\"heading\":{\"value\":\"[[%romanesco.patterns.purpose_title]]\",\"fieldId\":\"contentblocks-field-216\"},\"heading_subtitle\":{\"value\":\"\",\"fieldId\":\"contentblocks-field-217\"},\"heading_icon\":{\"url\":\"\",\"size\":\"\",\"width\":\"\",\"height\":\"\",\"extension\":\"\",\"crops\":[],\"fieldId\":\"contentblocks-field-218\"},\"content\":{\"child_layouts\":[{\"layout\":7,\"content\":{\"main\":[{\"value\":\"<p>With this TV you can override the default <a href=\\\"[[~[[*id]]]]#fb_email_to\\\">fb_email_to<\/a> field by a dynamically generated email address. This can be done by placing a custom snippet call inside the textarea of\\n this TV. You can use any snippet you like, as long as it returns a \\nvalid email address (or comma separated list of addresses).\\n<\/p>\",\"field\":6,\"settings\":[]}]},\"settings\":[],\"parent\":78}],\"fieldId\":\"contentblocks-field-219\"}},{\"heading\":{\"value\":\"[[%romanesco.patterns.usage_title]]\",\"fieldId\":\"contentblocks-field-221\"},\"heading_subtitle\":{\"value\":\"\",\"fieldId\":\"contentblocks-field-222\"},\"heading_icon\":{\"url\":\"\",\"size\":\"\",\"width\":\"\",\"height\":\"\",\"extension\":\"\",\"crops\":[],\"fieldId\":\"contentblocks-field-223\"},\"content\":{\"child_layouts\":[{\"layout\":7,\"content\":{\"main\":[{\"value\":\"<p>As an example, consider the following scenario:\\n<\/p><p>You're building a website for an \\norganization with several departments. Each department wants to have its\\n own page on the site, with the option to contact that department \\ndirectly through a web form. The form can be the same for all \\ndepartments, but they want to have it sent to a different person in each\\n case.\\n<\/p><p>At this point you might think: let's just create a TV and attach \\nit to template that all departments pages use. Then simply retrieve the \\nvalue of this TV inside the fb_email_to field, instead of entering a \\nreal email address there. Unfortunately this won't work, because:\\n<\/p><ul>\\n\\t<li>The fb_email_to field is expecting an email address, meaning a string containing an @<\/li>\\n\\t<li>The form is coming from a different resource, meaning its content is already rendered when being loaded on the page<\/li>\\n<\/ul><p>This is where the <strong>fb_email_to_dynamic<\/strong>\\n\\tfield comes in. We can fetch the TV containing the email address of the\\n department by sending out a snippet to go look for it. As you can see \\nunder Specifications, we can use the \\n\\t<strong>current_id<\/strong> placeholder to look inside the resource containing the form. The snippet call could be something like this (using the <a href=\\\"https:\/\/docs.modx.pro\/en\/components\/pdotools\/parser#FastField-tags\\\" target=\\\"_blank\\\">fastField shorthand syntax of pdoParser<\/a>):\\n<\/p>\",\"field\":6,\"settings\":[]},{\"value\":\"[[#[[+current_id]].tv.department_email]]\",\"lang\":\"html\",\"field\":13,\"settings\":{\"label\":\"Example\"}},{\"value\":\"<p>Now the same form can be used on multiple different pages, with a unique email_to address for every page.<br><\/p>\",\"field\":6,\"settings\":[]}]},\"settings\":[],\"parent\":78}],\"fieldId\":\"contentblocks-field-224\"}},{\"heading\":{\"value\":\"[[%romanesco.patterns.specifications_title]]\",\"fieldId\":\"contentblocks-field-228\"},\"heading_subtitle\":{\"value\":\"\",\"fieldId\":\"contentblocks-field-229\"},\"heading_icon\":{\"url\":\"\",\"size\":\"\",\"width\":\"\",\"height\":\"\",\"extension\":\"\",\"crops\":[],\"fieldId\":\"contentblocks-field-230\"},\"content\":{\"child_layouts\":[{\"layout\":7,\"content\":{\"main\":[{\"value\":\"[[tvToJSON?\\n    &tv=`[[+pattern_name]]`\\n    &showName=`1`\\n    &showSource=`0`\\n    &optionsDelimiter=`0`\\n]]\",\"lang\":\"json\",\"field\":83,\"settings\":[]}]},\"settings\":[],\"parent\":78}],\"fieldId\":\"contentblocks-field-231\"}},{\"heading\":{\"value\":\"[[%romanesco.patterns.references_title]]\",\"fieldId\":\"contentblocks-field-233\"},\"heading_subtitle\":{\"value\":\"\",\"fieldId\":\"contentblocks-field-234\"},\"heading_icon\":{\"url\":\"\",\"size\":\"\",\"width\":\"\",\"height\":\"\",\"extension\":\"\",\"crops\":[],\"fieldId\":\"contentblocks-field-235\"},\"content\":{\"child_layouts\":[{\"layout\":12,\"content\":{\"col_1\":[{\"value\":\"[[%romanesco.patterns.assigned_templates]]\",\"level\":\"h5\",\"field\":1,\"settings\":[]},{\"chunk_properties\":{},\"field\":85,\"settings\":{\"pattern_list\":\"assignedTemplates\",\"pattern_name\":\"[[+pattern_name]]\"}}],\"col_2\":[{\"value\":\"[[%romanesco.patterns.referring_patterns]]\",\"level\":\"h5\",\"field\":1,\"settings\":[]},{\"chunk_properties\":{},\"field\":85,\"settings\":{\"pattern_list\":\"referringChunks,referringTemplates\",\"pattern_name\":\"[[+pattern_name]]\"}}]},\"settings\":{\"padding\":\"relaxed\",\"alignment\":\"\",\"divider\":\"divided\"},\"parent\":78}],\"fieldId\":\"contentblocks-field-236\"}}],\"field\":76,\"settings\":{\"layout_type\":\"accordion\",\"accordion_type\":\"fluid styled\",\"padding\":\"padded\",\"tab_type\":\"regular\"}}]},\"settings\":{\"background\":\"white\",\"container_type\":\"\",\"sidebar_width\":\"five\",\"alignment\":\"\",\"pattern_name\":\"fb_email_to_dynamic\",\"pattern_template\":\"patternLayoutElectronTV\"},\"parent\":0,\"title\":\"fb_email_to_dynamic\"},{\"layout\":17,\"content\":{\"preview\":[],\"code\":[],\"info\":[{\"rows\":[{\"heading\":{\"value\":\"[[%romanesco.patterns.purpose_title]]\",\"fieldId\":\"contentblocks-field-242\"},\"heading_subtitle\":{\"value\":\"\",\"fieldId\":\"contentblocks-field-243\"},\"heading_icon\":{\"url\":\"\",\"size\":\"\",\"width\":\"\",\"height\":\"\",\"extension\":\"\",\"crops\":[],\"fieldId\":\"contentblocks-field-244\"},\"content\":{\"child_layouts\":[{\"layout\":7,\"content\":{\"main\":[{\"value\":\"<p>[[getElementDescription? &name=`[[+pattern_name]]` &type=`[[+pattern_template]]`]]\\n<\/p>\",\"field\":6,\"settings\":[]}]},\"settings\":[],\"parent\":78}],\"fieldId\":\"contentblocks-field-245\"}},{\"heading\":{\"value\":\"[[%romanesco.patterns.specifications_title]]\",\"fieldId\":\"contentblocks-field-247\"},\"heading_subtitle\":{\"value\":\"\",\"fieldId\":\"contentblocks-field-248\"},\"heading_icon\":{\"url\":\"\",\"size\":\"\",\"width\":\"\",\"height\":\"\",\"extension\":\"\",\"crops\":[],\"fieldId\":\"contentblocks-field-249\"},\"content\":{\"child_layouts\":[{\"layout\":7,\"content\":{\"main\":[{\"value\":\"[[tvToJSON?\\n    &tv=`[[+pattern_name]]`\\n    &showName=`1`\\n    &showSource=`0`\\n    &optionsDelimiter=`0`\\n]]\",\"lang\":\"json\",\"field\":83,\"settings\":[]}]},\"settings\":[],\"parent\":78}],\"fieldId\":\"contentblocks-field-250\"}},{\"heading\":{\"value\":\"[[%romanesco.patterns.references_title]]\",\"fieldId\":\"contentblocks-field-252\"},\"heading_subtitle\":{\"value\":\"\",\"fieldId\":\"contentblocks-field-253\"},\"heading_icon\":{\"url\":\"\",\"size\":\"\",\"width\":\"\",\"height\":\"\",\"extension\":\"\",\"crops\":[],\"fieldId\":\"contentblocks-field-254\"},\"content\":{\"child_layouts\":[{\"layout\":12,\"content\":{\"col_1\":[{\"value\":\"[[%romanesco.patterns.assigned_templates]]\",\"level\":\"h5\",\"field\":1,\"settings\":[]},{\"chunk_properties\":{},\"field\":85,\"settings\":{\"pattern_list\":\"assignedTemplates\",\"pattern_name\":\"[[+pattern_name]]\"}}],\"col_2\":[{\"value\":\"[[%romanesco.patterns.referring_patterns]]\",\"level\":\"h5\",\"field\":1,\"settings\":[]},{\"chunk_properties\":{},\"field\":85,\"settings\":{\"pattern_list\":\"referringChunks,referringTemplates\",\"pattern_name\":\"[[+pattern_name]]\"}}]},\"settings\":{\"padding\":\"relaxed\",\"alignment\":\"\",\"divider\":\"divided\"},\"parent\":78}],\"fieldId\":\"contentblocks-field-255\"}}],\"field\":76,\"settings\":{\"layout_type\":\"accordion\",\"accordion_type\":\"fluid styled\",\"padding\":\"padded\",\"tab_type\":\"regular\"}}]},\"settings\":{\"background\":\"white\",\"container_type\":\"\",\"sidebar_width\":\"five\",\"alignment\":\"\",\"pattern_name\":\"fb_redirect_dynamic\",\"pattern_template\":\"patternLayoutElectronTV\"},\"parent\":0,\"title\":\"\"},{\"layout\":17,\"content\":{\"preview\":[],\"code\":[],\"info\":[{\"rows\":[{\"heading\":{\"value\":\"[[%romanesco.patterns.purpose_title]]\",\"fieldId\":\"contentblocks-field-261\"},\"heading_subtitle\":{\"value\":\"\",\"fieldId\":\"contentblocks-field-262\"},\"heading_icon\":{\"url\":\"\",\"size\":\"\",\"width\":\"\",\"height\":\"\",\"extension\":\"\",\"crops\":[],\"fieldId\":\"contentblocks-field-263\"},\"content\":{\"child_layouts\":[{\"layout\":7,\"content\":{\"main\":[{\"value\":\"<p>Enables you to use your own email template.<\/p>\",\"field\":6,\"settings\":[]}]},\"settings\":[],\"parent\":78}],\"fieldId\":\"contentblocks-field-264\"}},{\"heading\":{\"value\":\"[[%romanesco.patterns.specifications_title]]\",\"fieldId\":\"contentblocks-field-266\"},\"heading_subtitle\":{\"value\":\"\",\"fieldId\":\"contentblocks-field-267\"},\"heading_icon\":{\"url\":\"\",\"size\":\"\",\"width\":\"\",\"height\":\"\",\"extension\":\"\",\"crops\":[],\"fieldId\":\"contentblocks-field-268\"},\"content\":{\"child_layouts\":[{\"layout\":7,\"content\":{\"main\":[{\"value\":\"{\\n    \\\"caption\\\": \\\"Email template\\\",\\n    \\\"name\\\": \\\"fb_email_template\\\",\\n    \\\"description\\\": \\\"Optional. Name of the chunk containing your own customized (HTML) email template. Make sure there is a &#91;&#91;+content&#93;&#93; placeholder in there for listing the fields.\\\",\\n    \\\"category\\\": \\\"Settings - Advanced\\\",\\n    \\\"sortOrder\\\": \\\"20\\\",\\n    \\\"type\\\": \\\"text\\\",\\n    \\\"templates\\\": [\\\"fbForm\\\"]\\n}\",\"lang\":\"json\",\"field\":83,\"settings\":[]}]},\"settings\":[],\"parent\":78}],\"fieldId\":\"contentblocks-field-269\"}},{\"heading\":{\"value\":\"[[%romanesco.patterns.references_title]]\",\"fieldId\":\"contentblocks-field-271\"},\"heading_subtitle\":{\"value\":\"\",\"fieldId\":\"contentblocks-field-272\"},\"heading_icon\":{\"url\":\"\",\"size\":\"\",\"width\":\"\",\"height\":\"\",\"extension\":\"\",\"crops\":[],\"fieldId\":\"contentblocks-field-273\"},\"content\":{\"child_layouts\":[{\"layout\":12,\"content\":{\"col_1\":[{\"value\":\"[[%romanesco.patterns.assigned_templates]]\",\"level\":\"h5\",\"field\":1,\"settings\":[]},{\"chunk_properties\":{},\"field\":85,\"settings\":{\"pattern_list\":\"assignedTemplates\",\"pattern_name\":\"[[+pattern_name]]\"}}],\"col_2\":[{\"value\":\"[[%romanesco.patterns.referring_patterns]]\",\"level\":\"h5\",\"field\":1,\"settings\":[]},{\"chunk_properties\":{},\"field\":85,\"settings\":{\"pattern_list\":\"referringChunks,referringTemplates\",\"pattern_name\":\"[[+pattern_name]]\"}}]},\"settings\":{\"padding\":\"relaxed\",\"alignment\":\"\",\"divider\":\"divided\"},\"parent\":78}],\"fieldId\":\"contentblocks-field-274\"}}],\"field\":76,\"settings\":{\"layout_type\":\"accordion\",\"accordion_type\":\"fluid styled\",\"padding\":\"padded\",\"tab_type\":\"regular\"}}]},\"settings\":{\"background\":\"white\",\"container_type\":\"\",\"sidebar_width\":\"five\",\"alignment\":\"\",\"pattern_name\":\"fb_email_template\",\"pattern_template\":\"patternLayoutElectronTV\"},\"parent\":0,\"title\":\"fb_email_template\"},{\"layout\":17,\"content\":{\"preview\":[],\"code\":[],\"info\":[{\"rows\":[{\"heading\":{\"value\":\"[[%romanesco.patterns.purpose_title]]\",\"fieldId\":\"contentblocks-field-280\"},\"heading_subtitle\":{\"value\":\"\",\"fieldId\":\"contentblocks-field-281\"},\"heading_icon\":{\"url\":\"\",\"size\":\"\",\"width\":\"\",\"height\":\"\",\"extension\":\"\",\"crops\":[],\"fieldId\":\"contentblocks-field-282\"},\"content\":{\"child_layouts\":[{\"layout\":7,\"content\":{\"main\":[{\"value\":\"<p>Define rows for your custom email template.<\/p>\",\"field\":6,\"settings\":[]}]},\"settings\":[],\"parent\":78}],\"fieldId\":\"contentblocks-field-283\"}},{\"heading\":{\"value\":\"[[%romanesco.patterns.specifications_title]]\",\"fieldId\":\"contentblocks-field-285\"},\"heading_subtitle\":{\"value\":\"\",\"fieldId\":\"contentblocks-field-286\"},\"heading_icon\":{\"url\":\"\",\"size\":\"\",\"width\":\"\",\"height\":\"\",\"extension\":\"\",\"crops\":[],\"fieldId\":\"contentblocks-field-287\"},\"content\":{\"child_layouts\":[{\"layout\":7,\"content\":{\"main\":[{\"value\":\"{\\n    \\\"caption\\\": \\\"Email template rows\\\",\\n    \\\"name\\\": \\\"fb_email_template_rows\\\",\\n    \\\"description\\\": \\\"Optional. Name of the chunk containing the customized HTML for the template rows. This will be used to display each individual field in your email. Use &#91;&#91;+label&#93;&#93; and &#91;&#91;+value&#93;&#93; placeholders to show the content.\\\",\\n    \\\"category\\\": \\\"Settings - Advanced\\\",\\n    \\\"sortOrder\\\": \\\"21\\\",\\n    \\\"type\\\": \\\"text\\\",\\n    \\\"templates\\\": [\\\"fbForm\\\"]\\n}\",\"lang\":\"json\",\"field\":83,\"settings\":[]}]},\"settings\":[],\"parent\":78}],\"fieldId\":\"contentblocks-field-288\"}},{\"heading\":{\"value\":\"[[%romanesco.patterns.references_title]]\",\"fieldId\":\"contentblocks-field-290\"},\"heading_subtitle\":{\"value\":\"\",\"fieldId\":\"contentblocks-field-291\"},\"heading_icon\":{\"url\":\"\",\"size\":\"\",\"width\":\"\",\"height\":\"\",\"extension\":\"\",\"crops\":[],\"fieldId\":\"contentblocks-field-292\"},\"content\":{\"child_layouts\":[{\"layout\":12,\"content\":{\"col_1\":[{\"value\":\"[[%romanesco.patterns.assigned_templates]]\",\"level\":\"h5\",\"field\":1,\"settings\":[]},{\"chunk_properties\":{},\"field\":85,\"settings\":{\"pattern_list\":\"assignedTemplates\",\"pattern_name\":\"[[+pattern_name]]\"}}],\"col_2\":[{\"value\":\"[[%romanesco.patterns.referring_patterns]]\",\"level\":\"h5\",\"field\":1,\"settings\":[]},{\"chunk_properties\":{},\"field\":85,\"settings\":{\"pattern_list\":\"referringChunks,referringTemplates\",\"pattern_name\":\"[[+pattern_name]]\"}}]},\"settings\":{\"padding\":\"relaxed\",\"alignment\":\"\",\"divider\":\"divided\"},\"parent\":78}],\"fieldId\":\"contentblocks-field-293\"}}],\"field\":76,\"settings\":{\"layout_type\":\"accordion\",\"accordion_type\":\"fluid styled\",\"padding\":\"padded\",\"tab_type\":\"regular\"}}]},\"settings\":{\"background\":\"white\",\"container_type\":\"\",\"sidebar_width\":\"five\",\"alignment\":\"\",\"pattern_name\":\"fb_email_template_rows\",\"pattern_template\":\"patternLayoutElectronTV\"},\"parent\":0,\"title\":\"fb_email_template_rows\"}]","linear":[{"chunk_properties":[],"field":19,"settings":{"link_text":"Learn more","cols":"three","row_tpl":"overviewRowBasicLinkCard","show_subtitle":"1","show_introtext":"0","parent":"[[*id]]","title_field":"menutitle","title_hierarchy":"h3","depth":"0","limit":"99","show_hidden":"0","sortby":"menuindex","pagination":"0","img_type":"[[$cbSettingImageType]]","icon_type":"svg","padding":"regular","de_emphasize":"1"}},{"value":"Settings - Email<br>","level":"h2","field":1,"settings":{"alignment":"","anchor":"Anchor"}},{"value":1,"field":5,"settings":{"divider_text":"","divider_section":"0","divider_hidden":"0"}},{"rows":[{"heading":{"value":"[[%romanesco.patterns.purpose_title]]","fieldId":"contentblocks-field-5"},"heading_subtitle":{"value":"","fieldId":"contentblocks-field-6"},"heading_icon":{"url":"","size":"","width":"","height":"","extension":"","crops":[],"fieldId":"contentblocks-field-7"},"content":{"child_layouts":[{"layout":7,"content":{"main":[{"value":"<p>Define an email address where forms will be sent to.\n<\/p>","field":6,"settings":[]}]},"settings":[],"parent":78}],"fieldId":"contentblocks-field-8"}},{"heading":{"value":"[[%romanesco.patterns.specifications_title]]","fieldId":"contentblocks-field-10"},"heading_subtitle":{"value":"","fieldId":"contentblocks-field-11"},"heading_icon":{"url":"","size":"","width":"","height":"","extension":"","crops":[],"fieldId":"contentblocks-field-12"},"content":{"child_layouts":[{"layout":7,"content":{"main":[{"value":"{\n    \"caption\": \"Email address recipient\",\n    \"name\": \"fb_email_to\",\n    \"description\": \"Submitted forms will be sent to this address. If this field is empty, the form will be sent to the default email address of the website (which can be found under Extras > Configuration).\",\n    \"category\": \"Settings - Email\",\n    \"sortOrder\": \"1\",\n    \"type\": \"email\",\n    \"templates\": [\"fbForm\"]\n}","lang":"json","field":83,"settings":[]}]},"settings":[],"parent":78}],"fieldId":"contentblocks-field-13"}},{"heading":{"value":"[[%romanesco.patterns.references_title]]","fieldId":"contentblocks-field-15"},"heading_subtitle":{"value":"","fieldId":"contentblocks-field-16"},"heading_icon":{"url":"","size":"","width":"","height":"","extension":"","crops":[],"fieldId":"contentblocks-field-17"},"content":{"child_layouts":[{"layout":12,"content":{"col_1":[{"value":"[[%romanesco.patterns.assigned_templates]]","level":"h5","field":1,"settings":[]},{"chunk_properties":[],"field":85,"settings":{"pattern_list":"assignedTemplates","pattern_name":"[[+pattern_name]]"}}],"col_2":[{"value":"[[%romanesco.patterns.referring_patterns]]","level":"h5","field":1,"settings":[]},{"chunk_properties":[],"field":85,"settings":{"pattern_list":"referringChunks,referringTemplates","pattern_name":"[[+pattern_name]]"}}]},"settings":{"padding":"relaxed","alignment":"","divider":"divided"},"parent":78}],"fieldId":"contentblocks-field-18"}}],"field":76,"settings":{"layout_type":"accordion","accordion_type":"fluid styled","padding":"padded","tab_type":"regular"}},{"rows":[{"heading":{"value":"[[%romanesco.patterns.purpose_title]]","fieldId":"contentblocks-field-24"},"heading_subtitle":{"value":"","fieldId":"contentblocks-field-25"},"heading_icon":{"url":"","size":"","width":"","height":"","extension":"","crops":[],"fieldId":"contentblocks-field-26"},"content":{"child_layouts":[{"layout":7,"content":{"main":[{"value":"<p>Define a CC address where forms will also be sent to.<\/p>","field":6,"settings":[]}]},"settings":[],"parent":78}],"fieldId":"contentblocks-field-27"}},{"heading":{"value":"[[%romanesco.patterns.specifications_title]]","fieldId":"contentblocks-field-29"},"heading_subtitle":{"value":"","fieldId":"contentblocks-field-30"},"heading_icon":{"url":"","size":"","width":"","height":"","extension":"","crops":[],"fieldId":"contentblocks-field-31"},"content":{"child_layouts":[{"layout":7,"content":{"main":[{"value":"{\n    \"caption\": \"Email CC address\",\n    \"name\": \"fb_email_cc\",\n    \"description\": \"Optional.\",\n    \"category\": \"Settings - Email\",\n    \"sortOrder\": \"2\",\n    \"type\": \"email\",\n    \"templates\": [\"fbForm\"]\n}","lang":"json","field":83,"settings":[]}]},"settings":[],"parent":78}],"fieldId":"contentblocks-field-32"}},{"heading":{"value":"[[%romanesco.patterns.references_title]]","fieldId":"contentblocks-field-34"},"heading_subtitle":{"value":"","fieldId":"contentblocks-field-35"},"heading_icon":{"url":"","size":"","width":"","height":"","extension":"","crops":[],"fieldId":"contentblocks-field-36"},"content":{"child_layouts":[{"layout":12,"content":{"col_1":[{"value":"[[%romanesco.patterns.assigned_templates]]","level":"h5","field":1,"settings":[]},{"chunk_properties":[],"field":85,"settings":{"pattern_list":"assignedTemplates","pattern_name":"[[+pattern_name]]"}}],"col_2":[{"value":"[[%romanesco.patterns.referring_patterns]]","level":"h5","field":1,"settings":[]},{"chunk_properties":[],"field":85,"settings":{"pattern_list":"referringChunks,referringTemplates","pattern_name":"[[+pattern_name]]"}}]},"settings":{"padding":"relaxed","alignment":"","divider":"divided"},"parent":78}],"fieldId":"contentblocks-field-37"}}],"field":76,"settings":{"layout_type":"accordion","accordion_type":"fluid styled","padding":"padded","tab_type":"regular"}},{"rows":[{"heading":{"value":"[[%romanesco.patterns.purpose_title]]","fieldId":"contentblocks-field-43"},"heading_subtitle":{"value":"","fieldId":"contentblocks-field-44"},"heading_icon":{"url":"","size":"","width":"","height":"","extension":"","crops":[],"fieldId":"contentblocks-field-45"},"content":{"child_layouts":[{"layout":7,"content":{"main":[{"value":"<p>Define a BCC address where forms will also be sent to.\n<\/p><p>Tip: this can be convenient for linking your form to an automated service like Zapier.\n<\/p>","field":6,"settings":[]}]},"settings":[],"parent":78}],"fieldId":"contentblocks-field-46"}},{"heading":{"value":"[[%romanesco.patterns.specifications_title]]","fieldId":"contentblocks-field-48"},"heading_subtitle":{"value":"","fieldId":"contentblocks-field-49"},"heading_icon":{"url":"","size":"","width":"","height":"","extension":"","crops":[],"fieldId":"contentblocks-field-50"},"content":{"child_layouts":[{"layout":7,"content":{"main":[{"value":"{\n    \"caption\": \"Email BCC address\",\n    \"name\": \"fb_email_bcc\",\n    \"description\": \"Optional.\",\n    \"category\": \"Settings - Email\",\n    \"sortOrder\": \"3\",\n    \"type\": \"email\",\n    \"templates\": [\"fbForm\"]\n}","lang":"json","field":83,"settings":[]}]},"settings":[],"parent":78}],"fieldId":"contentblocks-field-51"}},{"heading":{"value":"[[%romanesco.patterns.references_title]]","fieldId":"contentblocks-field-53"},"heading_subtitle":{"value":"","fieldId":"contentblocks-field-54"},"heading_icon":{"url":"","size":"","width":"","height":"","extension":"","crops":[],"fieldId":"contentblocks-field-55"},"content":{"child_layouts":[{"layout":12,"content":{"col_1":[{"value":"[[%romanesco.patterns.assigned_templates]]","level":"h5","field":1,"settings":[]},{"chunk_properties":[],"field":85,"settings":{"pattern_list":"assignedTemplates","pattern_name":"[[+pattern_name]]"}}],"col_2":[{"value":"[[%romanesco.patterns.referring_patterns]]","level":"h5","field":1,"settings":[]},{"chunk_properties":[],"field":85,"settings":{"pattern_list":"referringChunks,referringTemplates","pattern_name":"[[+pattern_name]]"}}]},"settings":{"padding":"relaxed","alignment":"","divider":"divided"},"parent":78}],"fieldId":"contentblocks-field-56"}}],"field":76,"settings":{"layout_type":"accordion","accordion_type":"fluid styled","padding":"padded","tab_type":"regular"}},{"rows":[{"heading":{"value":"[[%romanesco.patterns.purpose_title]]","fieldId":"contentblocks-field-62"},"heading_subtitle":{"value":"","fieldId":"contentblocks-field-63"},"heading_icon":{"url":"","size":"","width":"","height":"","extension":"","crops":[],"fieldId":"contentblocks-field-64"},"content":{"child_layouts":[{"layout":7,"content":{"main":[{"value":"<p>It will appear as if the form was sent from this email address.<\/p>","field":6,"settings":[]}]},"settings":[],"parent":78}],"fieldId":"contentblocks-field-65"}},{"heading":{"value":"[[%romanesco.patterns.specifications_title]]","fieldId":"contentblocks-field-67"},"heading_subtitle":{"value":"","fieldId":"contentblocks-field-68"},"heading_icon":{"url":"","size":"","width":"","height":"","extension":"","crops":[],"fieldId":"contentblocks-field-69"},"content":{"child_layouts":[{"layout":7,"content":{"main":[{"value":"{\n    \"caption\": \"Email FROM address\",\n    \"name\": \"fb_email_from\",\n    \"description\": \"Optional. Defaults to emailsender system setting.\",\n    \"category\": \"Settings - Email\",\n    \"sortOrder\": \"5\",\n    \"type\": \"email\",\n    \"templates\": [\"fbForm\"]\n}","lang":"json","field":83,"settings":[]}]},"settings":[],"parent":78}],"fieldId":"contentblocks-field-70"}},{"heading":{"value":"[[%romanesco.patterns.references_title]]","fieldId":"contentblocks-field-72"},"heading_subtitle":{"value":"","fieldId":"contentblocks-field-73"},"heading_icon":{"url":"","size":"","width":"","height":"","extension":"","crops":[],"fieldId":"contentblocks-field-74"},"content":{"child_layouts":[{"layout":12,"content":{"col_1":[{"value":"[[%romanesco.patterns.assigned_templates]]","level":"h5","field":1,"settings":[]},{"chunk_properties":[],"field":85,"settings":{"pattern_list":"assignedTemplates","pattern_name":"[[+pattern_name]]"}}],"col_2":[{"value":"[[%romanesco.patterns.referring_patterns]]","level":"h5","field":1,"settings":[]},{"chunk_properties":[],"field":85,"settings":{"pattern_list":"referringChunks,referringTemplates","pattern_name":"[[+pattern_name]]"}}]},"settings":{"padding":"relaxed","alignment":"","divider":"divided"},"parent":78}],"fieldId":"contentblocks-field-75"}}],"field":76,"settings":{"layout_type":"accordion","accordion_type":"fluid styled","padding":"padded","tab_type":"regular"}},{"rows":[{"heading":{"value":"[[%romanesco.patterns.purpose_title]]","fieldId":"contentblocks-field-81"},"heading_subtitle":{"value":"","fieldId":"contentblocks-field-82"},"heading_icon":{"url":"","size":"","width":"","height":"","extension":"","crops":[],"fieldId":"contentblocks-field-83"},"content":{"child_layouts":[{"layout":7,"content":{"main":[{"value":"<p>It will appear as if the form was sent by this person or organization.\n<\/p>","field":6,"settings":[]}]},"settings":[],"parent":78}],"fieldId":"contentblocks-field-84"}},{"heading":{"value":"[[%romanesco.patterns.specifications_title]]","fieldId":"contentblocks-field-86"},"heading_subtitle":{"value":"","fieldId":"contentblocks-field-87"},"heading_icon":{"url":"","size":"","width":"","height":"","extension":"","crops":[],"fieldId":"contentblocks-field-88"},"content":{"child_layouts":[{"layout":7,"content":{"main":[{"value":"{\n    \"caption\": \"Email FROM name\",\n    \"name\": \"fb_email_from_name\",\n    \"description\": \"Optional. Defaults to site_name system setting.\",\n    \"category\": \"Settings - Email\",\n    \"sortOrder\": \"6\",\n    \"type\": \"text\",\n    \"templates\": [\"fbForm\"]\n}","lang":"json","field":83,"settings":[]}]},"settings":[],"parent":78}],"fieldId":"contentblocks-field-89"}},{"heading":{"value":"[[%romanesco.patterns.references_title]]","fieldId":"contentblocks-field-91"},"heading_subtitle":{"value":"","fieldId":"contentblocks-field-92"},"heading_icon":{"url":"","size":"","width":"","height":"","extension":"","crops":[],"fieldId":"contentblocks-field-93"},"content":{"child_layouts":[{"layout":12,"content":{"col_1":[{"value":"[[%romanesco.patterns.assigned_templates]]","level":"h5","field":1,"settings":[]},{"chunk_properties":[],"field":85,"settings":{"pattern_list":"assignedTemplates","pattern_name":"[[+pattern_name]]"}}],"col_2":[{"value":"[[%romanesco.patterns.referring_patterns]]","level":"h5","field":1,"settings":[]},{"chunk_properties":[],"field":85,"settings":{"pattern_list":"referringChunks,referringTemplates","pattern_name":"[[+pattern_name]]"}}]},"settings":{"padding":"relaxed","alignment":"","divider":"divided"},"parent":78}],"fieldId":"contentblocks-field-94"}}],"field":76,"settings":{"layout_type":"accordion","accordion_type":"fluid styled","padding":"padded","tab_type":"regular"}},{"rows":[{"heading":{"value":"[[%romanesco.patterns.purpose_title]]","fieldId":"contentblocks-field-100"},"heading_subtitle":{"value":"","fieldId":"contentblocks-field-101"},"heading_icon":{"url":"","size":"","width":"","height":"","extension":"","crops":[],"fieldId":"contentblocks-field-102"},"content":{"child_layouts":[{"layout":7,"content":{"main":[{"value":"<p>Provides the subject line for an email message.<\/p>","field":6,"settings":[]}]},"settings":[],"parent":78}],"fieldId":"contentblocks-field-103"}},{"heading":{"value":"[[%romanesco.patterns.specifications_title]]","fieldId":"contentblocks-field-105"},"heading_subtitle":{"value":"","fieldId":"contentblocks-field-106"},"heading_icon":{"url":"","size":"","width":"","height":"","extension":"","crops":[],"fieldId":"contentblocks-field-107"},"content":{"child_layouts":[{"layout":7,"content":{"main":[{"value":"{\n    \"caption\": \"Email subject\",\n    \"name\": \"fb_email_subject\",\n    \"category\": \"Settings - Email\",\n    \"sortOrder\": \"10\",\n    \"type\": \"text\",\n    \"templates\": [\"fbForm\"]\n}","lang":"json","field":83,"settings":[]}]},"settings":[],"parent":78}],"fieldId":"contentblocks-field-108"}},{"heading":{"value":"[[%romanesco.patterns.references_title]]","fieldId":"contentblocks-field-110"},"heading_subtitle":{"value":"","fieldId":"contentblocks-field-111"},"heading_icon":{"url":"","size":"","width":"","height":"","extension":"","crops":[],"fieldId":"contentblocks-field-112"},"content":{"child_layouts":[{"layout":12,"content":{"col_1":[{"value":"[[%romanesco.patterns.assigned_templates]]","level":"h5","field":1,"settings":[]},{"chunk_properties":[],"field":85,"settings":{"pattern_list":"assignedTemplates","pattern_name":"[[+pattern_name]]"}}],"col_2":[{"value":"[[%romanesco.patterns.referring_patterns]]","level":"h5","field":1,"settings":[]},{"chunk_properties":[],"field":85,"settings":{"pattern_list":"referringChunks,referringTemplates","pattern_name":"[[+pattern_name]]"}}]},"settings":{"padding":"relaxed","alignment":"","divider":"divided"},"parent":78}],"fieldId":"contentblocks-field-113"}}],"field":76,"settings":{"layout_type":"accordion","accordion_type":"fluid styled","padding":"padded","tab_type":"regular"}},{"value":"Settings - General<br>","level":"h2","field":1,"settings":{"alignment":"","anchor":"Anchor"}},{"value":1,"field":5,"settings":{"divider_text":"","divider_section":"0","divider_hidden":"0"}},{"rows":[{"heading":{"value":"[[%romanesco.patterns.purpose_title]]","fieldId":"contentblocks-field-119"},"heading_subtitle":{"value":"","fieldId":"contentblocks-field-120"},"heading_icon":{"url":"","size":"","width":"","height":"","extension":"","crops":[],"fieldId":"contentblocks-field-121"},"content":{"child_layouts":[{"layout":7,"content":{"main":[{"value":"<p>Allows you to link to a specific redirect page.<\/p>","field":6,"settings":[]}]},"settings":[],"parent":78}],"fieldId":"contentblocks-field-122"}},{"heading":{"value":"[[%romanesco.patterns.specifications_title]]","fieldId":"contentblocks-field-124"},"heading_subtitle":{"value":"","fieldId":"contentblocks-field-125"},"heading_icon":{"url":"","size":"","width":"","height":"","extension":"","crops":[],"fieldId":"contentblocks-field-126"},"content":{"child_layouts":[{"layout":7,"content":{"main":[{"value":"{\n    \"caption\": \"Redirect page\",\n    \"name\": \"fb_redirect_id\",\n    \"description\": \"Enter the ID of the page, or drag the page from the menu tree to this input field.\",\n    \"category\": \"Settings - General\",\n    \"sortOrder\": \"90\",\n    \"type\": \"number\",\n    \"templates\": [\"fbForm\"]\n}","lang":"json","field":83,"settings":[]}]},"settings":[],"parent":78}],"fieldId":"contentblocks-field-127"}},{"heading":{"value":"[[%romanesco.patterns.references_title]]","fieldId":"contentblocks-field-129"},"heading_subtitle":{"value":"","fieldId":"contentblocks-field-130"},"heading_icon":{"url":"","size":"","width":"","height":"","extension":"","crops":[],"fieldId":"contentblocks-field-131"},"content":{"child_layouts":[{"layout":12,"content":{"col_1":[{"value":"[[%romanesco.patterns.assigned_templates]]","level":"h5","field":1,"settings":[]},{"chunk_properties":[],"field":85,"settings":{"pattern_list":"assignedTemplates","pattern_name":"[[+pattern_name]]"}}],"col_2":[{"value":"[[%romanesco.patterns.referring_patterns]]","level":"h5","field":1,"settings":[]},{"chunk_properties":[],"field":85,"settings":{"pattern_list":"referringChunks,referringTemplates","pattern_name":"[[+pattern_name]]"}}]},"settings":{"padding":"relaxed","alignment":"","divider":"divided"},"parent":78}],"fieldId":"contentblocks-field-132"}}],"field":76,"settings":{"layout_type":"accordion","accordion_type":"fluid styled","padding":"padded","tab_type":"regular"}},{"rows":[{"heading":{"value":"[[%romanesco.patterns.purpose_title]]","fieldId":"contentblocks-field-138"},"heading_subtitle":{"value":"","fieldId":"contentblocks-field-139"},"heading_icon":{"url":"","size":"","width":"","height":"","extension":"","crops":[],"fieldId":"contentblocks-field-140"},"content":{"child_layouts":[{"layout":7,"content":{"main":[{"value":"<p>Allows you to change the default text inside the submit button of each form.<\/p>","field":6,"settings":[]}]},"settings":[],"parent":78}],"fieldId":"contentblocks-field-141"}},{"heading":{"value":"[[%romanesco.patterns.specifications_title]]","fieldId":"contentblocks-field-143"},"heading_subtitle":{"value":"","fieldId":"contentblocks-field-144"},"heading_icon":{"url":"","size":"","width":"","height":"","extension":"","crops":[],"fieldId":"contentblocks-field-145"},"content":{"child_layouts":[{"layout":7,"content":{"main":[{"value":"{\n    \"caption\": \"Text in submit button\",\n    \"name\": \"fb_submit_button\",\n    \"description\": \"Defaults to Send.\",\n    \"category\": \"Settings - General\",\n    \"sortOrder\": \"92\",\n    \"type\": \"text\",\n    \"templates\": [\"fbForm\"]\n}","lang":"json","field":83,"settings":[]}]},"settings":[],"parent":78}],"fieldId":"contentblocks-field-146"}},{"heading":{"value":"[[%romanesco.patterns.references_title]]","fieldId":"contentblocks-field-148"},"heading_subtitle":{"value":"","fieldId":"contentblocks-field-149"},"heading_icon":{"url":"","size":"","width":"","height":"","extension":"","crops":[],"fieldId":"contentblocks-field-150"},"content":{"child_layouts":[{"layout":12,"content":{"col_1":[{"value":"[[%romanesco.patterns.assigned_templates]]","level":"h5","field":1,"settings":[]},{"chunk_properties":[],"field":85,"settings":{"pattern_list":"assignedTemplates","pattern_name":"[[+pattern_name]]"}}],"col_2":[{"value":"[[%romanesco.patterns.referring_patterns]]","level":"h5","field":1,"settings":[]},{"chunk_properties":[],"field":85,"settings":{"pattern_list":"referringChunks,referringTemplates","pattern_name":"[[+pattern_name]]"}}]},"settings":{"padding":"relaxed","alignment":"","divider":"divided"},"parent":78}],"fieldId":"contentblocks-field-151"}}],"field":76,"settings":{"layout_type":"accordion","accordion_type":"fluid styled","padding":"padded","tab_type":"regular"}},{"rows":[{"heading":{"value":"[[%romanesco.patterns.purpose_title]]","fieldId":"contentblocks-field-157"},"heading_subtitle":{"value":"","fieldId":"contentblocks-field-158"},"heading_icon":{"url":"","size":"","width":"","height":"","extension":"","crops":[],"fieldId":"contentblocks-field-159"},"content":{"child_layouts":[{"layout":7,"content":{"main":[{"value":"<p>Allows you to change the appearance of a form by selecting the position of the labels.<\/p>","field":6,"settings":[]}]},"settings":[],"parent":78}],"fieldId":"contentblocks-field-160"}},{"heading":{"value":"[[%romanesco.patterns.specifications_title]]","fieldId":"contentblocks-field-162"},"heading_subtitle":{"value":"","fieldId":"contentblocks-field-163"},"heading_icon":{"url":"","size":"","width":"","height":"","extension":"","crops":[],"fieldId":"contentblocks-field-164"},"content":{"child_layouts":[{"layout":7,"content":{"main":[{"value":"{\n    \"caption\": \"Layout type\",\n    \"name\": \"fb_form_layout\",\n    \"description\": \"Stacked means the labels are always above the input fields, Horizontal means the labels are next to the fields, Inline means everything is on 1 row (so only for very small forms).\",\n    \"category\": \"Settings - General\",\n    \"sortOrder\": \"5\",\n    \"type\": \"listbox\",\n    \"inputOptionValues\": \"Stacked==vertical||Horizontal==horizontal||Inline==inline\",\n    \"defaultValue\": \"horizontal\",\n    \"templates\": [\"fbForm\"]\n}","lang":"json","field":83,"settings":[]}]},"settings":[],"parent":78}],"fieldId":"contentblocks-field-165"}},{"heading":{"value":"[[%romanesco.patterns.references_title]]","fieldId":"contentblocks-field-167"},"heading_subtitle":{"value":"","fieldId":"contentblocks-field-168"},"heading_icon":{"url":"","size":"","width":"","height":"","extension":"","crops":[],"fieldId":"contentblocks-field-169"},"content":{"child_layouts":[{"layout":12,"content":{"col_1":[{"value":"[[%romanesco.patterns.assigned_templates]]","level":"h5","field":1,"settings":[]},{"chunk_properties":[],"field":85,"settings":{"pattern_list":"assignedTemplates","pattern_name":"[[+pattern_name]]"}}],"col_2":[{"value":"[[%romanesco.patterns.referring_patterns]]","level":"h5","field":1,"settings":[]},{"chunk_properties":[],"field":85,"settings":{"pattern_list":"referringChunks,referringTemplates","pattern_name":"[[+pattern_name]]"}}]},"settings":{"padding":"relaxed","alignment":"","divider":"divided"},"parent":78}],"fieldId":"contentblocks-field-170"}}],"field":76,"settings":{"layout_type":"accordion","accordion_type":"fluid styled","padding":"padded","tab_type":"regular"}},{"value":"Settings - Advanced<br>","level":"h2","field":1,"settings":{"alignment":"","anchor":"Anchor"}},{"value":1,"field":5,"settings":{"divider_text":"","divider_section":"0","divider_hidden":"0"}},{"rows":[{"heading":{"value":"[[%romanesco.patterns.purpose_title]]","fieldId":"contentblocks-field-178"},"heading_subtitle":{"value":"","fieldId":"contentblocks-field-179"},"heading_icon":{"url":"","size":"","width":"","height":"","extension":"","crops":[],"fieldId":"contentblocks-field-180"},"content":{"child_layouts":[{"layout":7,"content":{"main":[{"value":"<p>[[getElementDescription? &name=`[[+pattern_name]]` &type=`[[+pattern_template]]`]]\n<\/p>","field":6,"settings":[]}]},"settings":[],"parent":78}],"fieldId":"contentblocks-field-181"}},{"heading":{"value":"[[%romanesco.patterns.specifications_title]]","fieldId":"contentblocks-field-183"},"heading_subtitle":{"value":"","fieldId":"contentblocks-field-184"},"heading_icon":{"url":"","size":"","width":"","height":"","extension":"","crops":[],"fieldId":"contentblocks-field-185"},"content":{"child_layouts":[{"layout":7,"content":{"main":[{"value":"[[tvToJSON?\n    &tv=`[[+pattern_name]]`\n    &showName=`1`\n    &showSource=`0`\n    &optionsDelimiter=`0`\n]]","lang":"json","field":83,"settings":[]}]},"settings":[],"parent":78}],"fieldId":"contentblocks-field-186"}},{"heading":{"value":"[[%romanesco.patterns.references_title]]","fieldId":"contentblocks-field-188"},"heading_subtitle":{"value":"","fieldId":"contentblocks-field-189"},"heading_icon":{"url":"","size":"","width":"","height":"","extension":"","crops":[],"fieldId":"contentblocks-field-190"},"content":{"child_layouts":[{"layout":12,"content":{"col_1":[{"value":"[[%romanesco.patterns.assigned_templates]]","level":"h5","field":1,"settings":[]},{"chunk_properties":[],"field":85,"settings":{"pattern_list":"assignedTemplates","pattern_name":"[[+pattern_name]]"}}],"col_2":[{"value":"[[%romanesco.patterns.referring_patterns]]","level":"h5","field":1,"settings":[]},{"chunk_properties":[],"field":85,"settings":{"pattern_list":"referringChunks,referringTemplates","pattern_name":"[[+pattern_name]]"}}]},"settings":{"padding":"relaxed","alignment":"","divider":"divided"},"parent":78}],"fieldId":"contentblocks-field-191"}}],"field":76,"settings":{"layout_type":"accordion","accordion_type":"fluid styled","padding":"padded","tab_type":"regular"}},{"rows":[{"heading":{"value":"[[%romanesco.patterns.purpose_title]]","fieldId":"contentblocks-field-197"},"heading_subtitle":{"value":"","fieldId":"contentblocks-field-198"},"heading_icon":{"url":"","size":"","width":"","height":"","extension":"","crops":[],"fieldId":"contentblocks-field-199"},"content":{"child_layouts":[{"layout":7,"content":{"main":[{"value":"<p>[[getElementDescription? &name=`[[+pattern_name]]` &type=`[[+pattern_template]]`]]\n<\/p>","field":6,"settings":[]}]},"settings":[],"parent":78}],"fieldId":"contentblocks-field-200"}},{"heading":{"value":"[[%romanesco.patterns.specifications_title]]","fieldId":"contentblocks-field-202"},"heading_subtitle":{"value":"","fieldId":"contentblocks-field-203"},"heading_icon":{"url":"","size":"","width":"","height":"","extension":"","crops":[],"fieldId":"contentblocks-field-204"},"content":{"child_layouts":[{"layout":7,"content":{"main":[{"value":"[[tvToJSON?\n    &tv=`[[+pattern_name]]`\n    &showName=`1`\n    &showSource=`0`\n    &optionsDelimiter=`0`\n]]","lang":"json","field":83,"settings":[]}]},"settings":[],"parent":78}],"fieldId":"contentblocks-field-205"}},{"heading":{"value":"[[%romanesco.patterns.references_title]]","fieldId":"contentblocks-field-207"},"heading_subtitle":{"value":"","fieldId":"contentblocks-field-208"},"heading_icon":{"url":"","size":"","width":"","height":"","extension":"","crops":[],"fieldId":"contentblocks-field-209"},"content":{"child_layouts":[{"layout":12,"content":{"col_1":[{"value":"[[%romanesco.patterns.assigned_templates]]","level":"h5","field":1,"settings":[]},{"chunk_properties":[],"field":85,"settings":{"pattern_list":"assignedTemplates","pattern_name":"[[+pattern_name]]"}}],"col_2":[{"value":"[[%romanesco.patterns.referring_patterns]]","level":"h5","field":1,"settings":[]},{"chunk_properties":[],"field":85,"settings":{"pattern_list":"referringChunks,referringTemplates","pattern_name":"[[+pattern_name]]"}}]},"settings":{"padding":"relaxed","alignment":"","divider":"divided"},"parent":78}],"fieldId":"contentblocks-field-210"}}],"field":76,"settings":{"layout_type":"accordion","accordion_type":"fluid styled","padding":"padded","tab_type":"regular"}},{"rows":[{"heading":{"value":"[[%romanesco.patterns.purpose_title]]","fieldId":"contentblocks-field-216"},"heading_subtitle":{"value":"","fieldId":"contentblocks-field-217"},"heading_icon":{"url":"","size":"","width":"","height":"","extension":"","crops":[],"fieldId":"contentblocks-field-218"},"content":{"child_layouts":[{"layout":7,"content":{"main":[{"value":"<p>With this TV you can override the default <a href=\"[[~[[*id]]]]#fb_email_to\">fb_email_to<\/a> field by a dynamically generated email address. This can be done by placing a custom snippet call inside the textarea of\n this TV. You can use any snippet you like, as long as it returns a \nvalid email address (or comma separated list of addresses).\n<\/p>","field":6,"settings":[]}]},"settings":[],"parent":78}],"fieldId":"contentblocks-field-219"}},{"heading":{"value":"[[%romanesco.patterns.usage_title]]","fieldId":"contentblocks-field-221"},"heading_subtitle":{"value":"","fieldId":"contentblocks-field-222"},"heading_icon":{"url":"","size":"","width":"","height":"","extension":"","crops":[],"fieldId":"contentblocks-field-223"},"content":{"child_layouts":[{"layout":7,"content":{"main":[{"value":"<p>As an example, consider the following scenario:\n<\/p><p>You're building a website for an \norganization with several departments. Each department wants to have its\n own page on the site, with the option to contact that department \ndirectly through a web form. The form can be the same for all \ndepartments, but they want to have it sent to a different person in each\n case.\n<\/p><p>At this point you might think: let's just create a TV and attach \nit to template that all departments pages use. Then simply retrieve the \nvalue of this TV inside the fb_email_to field, instead of entering a \nreal email address there. Unfortunately this won't work, because:\n<\/p><ul>\n\t<li>The fb_email_to field is expecting an email address, meaning a string containing an @<\/li>\n\t<li>The form is coming from a different resource, meaning its content is already rendered when being loaded on the page<\/li>\n<\/ul><p>This is where the <strong>fb_email_to_dynamic<\/strong>\n\tfield comes in. We can fetch the TV containing the email address of the\n department by sending out a snippet to go look for it. As you can see \nunder Specifications, we can use the \n\t<strong>current_id<\/strong> placeholder to look inside the resource containing the form. The snippet call could be something like this (using the <a href=\"https:\/\/docs.modx.pro\/en\/components\/pdotools\/parser#FastField-tags\" target=\"_blank\">fastField shorthand syntax of pdoParser<\/a>):\n<\/p>","field":6,"settings":[]},{"value":"[[#[[+current_id]].tv.department_email]]","lang":"html","field":13,"settings":{"label":"Example"}},{"value":"<p>Now the same form can be used on multiple different pages, with a unique email_to address for every page.<br><\/p>","field":6,"settings":[]}]},"settings":[],"parent":78}],"fieldId":"contentblocks-field-224"}},{"heading":{"value":"[[%romanesco.patterns.specifications_title]]","fieldId":"contentblocks-field-228"},"heading_subtitle":{"value":"","fieldId":"contentblocks-field-229"},"heading_icon":{"url":"","size":"","width":"","height":"","extension":"","crops":[],"fieldId":"contentblocks-field-230"},"content":{"child_layouts":[{"layout":7,"content":{"main":[{"value":"[[tvToJSON?\n    &tv=`[[+pattern_name]]`\n    &showName=`1`\n    &showSource=`0`\n    &optionsDelimiter=`0`\n]]","lang":"json","field":83,"settings":[]}]},"settings":[],"parent":78}],"fieldId":"contentblocks-field-231"}},{"heading":{"value":"[[%romanesco.patterns.references_title]]","fieldId":"contentblocks-field-233"},"heading_subtitle":{"value":"","fieldId":"contentblocks-field-234"},"heading_icon":{"url":"","size":"","width":"","height":"","extension":"","crops":[],"fieldId":"contentblocks-field-235"},"content":{"child_layouts":[{"layout":12,"content":{"col_1":[{"value":"[[%romanesco.patterns.assigned_templates]]","level":"h5","field":1,"settings":[]},{"chunk_properties":[],"field":85,"settings":{"pattern_list":"assignedTemplates","pattern_name":"[[+pattern_name]]"}}],"col_2":[{"value":"[[%romanesco.patterns.referring_patterns]]","level":"h5","field":1,"settings":[]},{"chunk_properties":[],"field":85,"settings":{"pattern_list":"referringChunks,referringTemplates","pattern_name":"[[+pattern_name]]"}}]},"settings":{"padding":"relaxed","alignment":"","divider":"divided"},"parent":78}],"fieldId":"contentblocks-field-236"}}],"field":76,"settings":{"layout_type":"accordion","accordion_type":"fluid styled","padding":"padded","tab_type":"regular"}},{"rows":[{"heading":{"value":"[[%romanesco.patterns.purpose_title]]","fieldId":"contentblocks-field-242"},"heading_subtitle":{"value":"","fieldId":"contentblocks-field-243"},"heading_icon":{"url":"","size":"","width":"","height":"","extension":"","crops":[],"fieldId":"contentblocks-field-244"},"content":{"child_layouts":[{"layout":7,"content":{"main":[{"value":"<p>[[getElementDescription? &name=`[[+pattern_name]]` &type=`[[+pattern_template]]`]]\n<\/p>","field":6,"settings":[]}]},"settings":[],"parent":78}],"fieldId":"contentblocks-field-245"}},{"heading":{"value":"[[%romanesco.patterns.specifications_title]]","fieldId":"contentblocks-field-247"},"heading_subtitle":{"value":"","fieldId":"contentblocks-field-248"},"heading_icon":{"url":"","size":"","width":"","height":"","extension":"","crops":[],"fieldId":"contentblocks-field-249"},"content":{"child_layouts":[{"layout":7,"content":{"main":[{"value":"[[tvToJSON?\n    &tv=`[[+pattern_name]]`\n    &showName=`1`\n    &showSource=`0`\n    &optionsDelimiter=`0`\n]]","lang":"json","field":83,"settings":[]}]},"settings":[],"parent":78}],"fieldId":"contentblocks-field-250"}},{"heading":{"value":"[[%romanesco.patterns.references_title]]","fieldId":"contentblocks-field-252"},"heading_subtitle":{"value":"","fieldId":"contentblocks-field-253"},"heading_icon":{"url":"","size":"","width":"","height":"","extension":"","crops":[],"fieldId":"contentblocks-field-254"},"content":{"child_layouts":[{"layout":12,"content":{"col_1":[{"value":"[[%romanesco.patterns.assigned_templates]]","level":"h5","field":1,"settings":[]},{"chunk_properties":[],"field":85,"settings":{"pattern_list":"assignedTemplates","pattern_name":"[[+pattern_name]]"}}],"col_2":[{"value":"[[%romanesco.patterns.referring_patterns]]","level":"h5","field":1,"settings":[]},{"chunk_properties":[],"field":85,"settings":{"pattern_list":"referringChunks,referringTemplates","pattern_name":"[[+pattern_name]]"}}]},"settings":{"padding":"relaxed","alignment":"","divider":"divided"},"parent":78}],"fieldId":"contentblocks-field-255"}}],"field":76,"settings":{"layout_type":"accordion","accordion_type":"fluid styled","padding":"padded","tab_type":"regular"}},{"rows":[{"heading":{"value":"[[%romanesco.patterns.purpose_title]]","fieldId":"contentblocks-field-261"},"heading_subtitle":{"value":"","fieldId":"contentblocks-field-262"},"heading_icon":{"url":"","size":"","width":"","height":"","extension":"","crops":[],"fieldId":"contentblocks-field-263"},"content":{"child_layouts":[{"layout":7,"content":{"main":[{"value":"<p>Enables you to use your own email template.<\/p>","field":6,"settings":[]}]},"settings":[],"parent":78}],"fieldId":"contentblocks-field-264"}},{"heading":{"value":"[[%romanesco.patterns.specifications_title]]","fieldId":"contentblocks-field-266"},"heading_subtitle":{"value":"","fieldId":"contentblocks-field-267"},"heading_icon":{"url":"","size":"","width":"","height":"","extension":"","crops":[],"fieldId":"contentblocks-field-268"},"content":{"child_layouts":[{"layout":7,"content":{"main":[{"value":"{\n    \"caption\": \"Email template\",\n    \"name\": \"fb_email_template\",\n    \"description\": \"Optional. Name of the chunk containing your own customized (HTML) email template. Make sure there is a &#91;&#91;+content&#93;&#93; placeholder in there for listing the fields.\",\n    \"category\": \"Settings - Advanced\",\n    \"sortOrder\": \"20\",\n    \"type\": \"text\",\n    \"templates\": [\"fbForm\"]\n}","lang":"json","field":83,"settings":[]}]},"settings":[],"parent":78}],"fieldId":"contentblocks-field-269"}},{"heading":{"value":"[[%romanesco.patterns.references_title]]","fieldId":"contentblocks-field-271"},"heading_subtitle":{"value":"","fieldId":"contentblocks-field-272"},"heading_icon":{"url":"","size":"","width":"","height":"","extension":"","crops":[],"fieldId":"contentblocks-field-273"},"content":{"child_layouts":[{"layout":12,"content":{"col_1":[{"value":"[[%romanesco.patterns.assigned_templates]]","level":"h5","field":1,"settings":[]},{"chunk_properties":[],"field":85,"settings":{"pattern_list":"assignedTemplates","pattern_name":"[[+pattern_name]]"}}],"col_2":[{"value":"[[%romanesco.patterns.referring_patterns]]","level":"h5","field":1,"settings":[]},{"chunk_properties":[],"field":85,"settings":{"pattern_list":"referringChunks,referringTemplates","pattern_name":"[[+pattern_name]]"}}]},"settings":{"padding":"relaxed","alignment":"","divider":"divided"},"parent":78}],"fieldId":"contentblocks-field-274"}}],"field":76,"settings":{"layout_type":"accordion","accordion_type":"fluid styled","padding":"padded","tab_type":"regular"}},{"rows":[{"heading":{"value":"[[%romanesco.patterns.purpose_title]]","fieldId":"contentblocks-field-280"},"heading_subtitle":{"value":"","fieldId":"contentblocks-field-281"},"heading_icon":{"url":"","size":"","width":"","height":"","extension":"","crops":[],"fieldId":"contentblocks-field-282"},"content":{"child_layouts":[{"layout":7,"content":{"main":[{"value":"<p>Define rows for your custom email template.<\/p>","field":6,"settings":[]}]},"settings":[],"parent":78}],"fieldId":"contentblocks-field-283"}},{"heading":{"value":"[[%romanesco.patterns.specifications_title]]","fieldId":"contentblocks-field-285"},"heading_subtitle":{"value":"","fieldId":"contentblocks-field-286"},"heading_icon":{"url":"","size":"","width":"","height":"","extension":"","crops":[],"fieldId":"contentblocks-field-287"},"content":{"child_layouts":[{"layout":7,"content":{"main":[{"value":"{\n    \"caption\": \"Email template rows\",\n    \"name\": \"fb_email_template_rows\",\n    \"description\": \"Optional. Name of the chunk containing the customized HTML for the template rows. This will be used to display each individual field in your email. Use &#91;&#91;+label&#93;&#93; and &#91;&#91;+value&#93;&#93; placeholders to show the content.\",\n    \"category\": \"Settings - Advanced\",\n    \"sortOrder\": \"21\",\n    \"type\": \"text\",\n    \"templates\": [\"fbForm\"]\n}","lang":"json","field":83,"settings":[]}]},"settings":[],"parent":78}],"fieldId":"contentblocks-field-288"}},{"heading":{"value":"[[%romanesco.patterns.references_title]]","fieldId":"contentblocks-field-290"},"heading_subtitle":{"value":"","fieldId":"contentblocks-field-291"},"heading_icon":{"url":"","size":"","width":"","height":"","extension":"","crops":[],"fieldId":"contentblocks-field-292"},"content":{"child_layouts":[{"layout":12,"content":{"col_1":[{"value":"[[%romanesco.patterns.assigned_templates]]","level":"h5","field":1,"settings":[]},{"chunk_properties":[],"field":85,"settings":{"pattern_list":"assignedTemplates","pattern_name":"[[+pattern_name]]"}}],"col_2":[{"value":"[[%romanesco.patterns.referring_patterns]]","level":"h5","field":1,"settings":[]},{"chunk_properties":[],"field":85,"settings":{"pattern_list":"referringChunks,referringTemplates","pattern_name":"[[+pattern_name]]"}}]},"settings":{"padding":"relaxed","alignment":"","divider":"divided"},"parent":78}],"fieldId":"contentblocks-field-293"}}],"field":76,"settings":{"layout_type":"accordion","accordion_type":"fluid styled","padding":"padded","tab_type":"regular"}}],"fieldcounts":{"19":1,"1":3,"5":3,"76":15},"_isContentBlocks":true}}