{"contentblocks":{"content":"[{\"layout\":17,\"content\":{\"preview\":[{\"value\":\"<div class=\\\"ui segment\\\">\\n    <div class=\\\"ui one column center aligned grid wireframe\\\">\\n        <div class=\\\"column\\\">\\n            <p class=\\\"ui secondary segment\\\">Header<\/p>\\n        <\/div>\\n        <div class=\\\"column\\\">\\n            <p class=\\\"ui secondary segment\\\" style=\\\"line-height: 0 !important;\\\">Toolbar<\/p>\\n        <\/div>\\n        <div class=\\\"column\\\">\\n            <p class=\\\"ui secondary segment\\\" style=\\\"line-height: 5em !important;\\\">Content<\/p>\\n        <\/div>\\n        <div class=\\\"column\\\">\\n            <p class=\\\"ui secondary segment\\\" style=\\\"line-height: 2em !important;\\\">Footer<\/p>\\n        <\/div>\\n    <\/div>\\n<\/div>\",\"lang\":\"html\",\"field\":14,\"settings\":[]}],\"code\":[{\"value\":\"[[Rowboat?\\n    &table=`modx_site_templates`\\n    &tpl=`displayRawTemplate`\\n    &where=`{\\\"templatename\\\":\\\"[[+pattern_name]]\\\"}`\\n]]\",\"lang\":\"html\",\"field\":86,\"settings\":{\"label\":\"[[%romanesco.patterns.code_label]]\"}}],\"info\":[{\"rows\":[{\"heading\":{\"value\":\"[[%romanesco.patterns.purpose_title]]\",\"fieldId\":\"contentblocks-field-4\"},\"content\":{\"child_layouts\":[{\"layout\":7,\"content\":{\"main\":[{\"value\":\"<p>[[getElementDescription? &name=`[[+pattern_name]]` &type=`[[+pattern_template]]`]]<\/p>\",\"field\":6,\"settings\":[]}]},\"settings\":[],\"parent\":78}],\"fieldId\":\"contentblocks-field-5\"}},{\"heading\":{\"value\":\"[[%romanesco.patterns.usage_title]]\",\"fieldId\":\"contentblocks-field-7\"},\"content\":{\"child_layouts\":[{\"layout\":7,\"content\":{\"main\":[{\"value\":\"\",\"field\":6,\"settings\":[]}]},\"settings\":[],\"parent\":78}],\"fieldId\":\"contentblocks-field-8\"}},{\"heading\":{\"value\":\"[[%romanesco.patterns.references_title]]\",\"fieldId\":\"contentblocks-field-10\"},\"content\":{\"child_layouts\":[{\"layout\":12,\"content\":{\"col_1\":[{\"value\":\"[[%romanesco.patterns.included_patterns]]\",\"level\":\"h5\",\"field\":1,\"settings\":[]},{\"chunk_properties\":{},\"field\":84,\"settings\":{\"pattern_list\":\"includedChunks,includedSnippets,includedTVs\",\"pattern_name\":\"[[+pattern_name]]\"}}],\"col_2\":[{\"value\":\"[[%romanesco.patterns.assigned_tvs]]\",\"level\":\"h5\",\"field\":1,\"settings\":[]},{\"chunk_properties\":{},\"field\":84,\"settings\":{\"pattern_list\":\"assignedTVs\",\"pattern_name\":\"[[+pattern_name]]\"}}]},\"settings\":{\"padding\":\"relaxed\",\"alignment\":\"\",\"divider\":\"divided\"},\"parent\":78}],\"fieldId\":\"contentblocks-field-11\"}}],\"field\":76,\"settings\":{\"layout_type\":\"tabs\",\"accordion_type\":\"\",\"tab_type\":\"regular\",\"padding\":\"padded\"}}]},\"settings\":{\"background\":\"white\",\"container_type\":\"\",\"sidebar_width\":\"five\",\"alignment\":\"\",\"pattern_name\":\"BasicOverview\",\"pattern_template\":\"patternLayoutTemplate\"},\"parent\":0,\"title\":\"\"},{\"layout\":17,\"content\":{\"preview\":[{\"value\":\"<div class=\\\"ui segment\\\">\\n    <div class=\\\"ui one column center aligned grid wireframe\\\">\\n        <div class=\\\"column\\\">\\n            <p class=\\\"ui secondary segment\\\">Header<\/p>\\n        <\/div>\\n        <div class=\\\"column\\\">\\n            <p class=\\\"ui secondary segment\\\" style=\\\"line-height: 0 !important;\\\">Toolbar<\/p>\\n        <\/div>\\n        <div class=\\\"column\\\">\\n            <div class=\\\"ui two column equal width nested grid\\\">\\n                <div class=\\\"column\\\">\\n                    <p class=\\\"ui secondary segment\\\" style=\\\"line-height: 5em !important;\\\">Content<\/p>\\n                <\/div>\\n                <div class=\\\"seven wide column\\\">\\n                    <p class=\\\"ui secondary segment\\\" style=\\\"line-height: 5em !important;\\\">Sub<\/p>\\n                <\/div>\\n            <\/div>\\n        <\/div>\\n        <div class=\\\"column\\\">\\n            <p class=\\\"ui secondary segment\\\" style=\\\"line-height: 2em !important;\\\">Footer<\/p>\\n        <\/div>\\n    <\/div>\\n<\/div>\",\"lang\":\"html\",\"field\":14,\"settings\":[]}],\"code\":[{\"value\":\"[[Rowboat?\\n    &table=`modx_site_templates`\\n    &tpl=`displayRawTemplate`\\n    &where=`{\\\"templatename\\\":\\\"[[+pattern_name]]\\\"}`\\n]]\",\"lang\":\"html\",\"field\":86,\"settings\":{\"label\":\"[[%romanesco.patterns.code_label]]\"}}],\"info\":[{\"rows\":[{\"heading\":{\"value\":\"[[%romanesco.patterns.purpose_title]]\",\"fieldId\":\"contentblocks-field-19\"},\"content\":{\"child_layouts\":[{\"layout\":7,\"content\":{\"main\":[{\"value\":\"<p>[[getElementDescription? &name=`[[+pattern_name]]` &type=`[[+pattern_template]]`]]<\/p>\",\"field\":6,\"settings\":[]}]},\"settings\":[],\"parent\":78}],\"fieldId\":\"contentblocks-field-20\"}},{\"heading\":{\"value\":\"[[%romanesco.patterns.usage_title]]\",\"fieldId\":\"contentblocks-field-22\"},\"content\":{\"child_layouts\":[{\"layout\":7,\"content\":{\"main\":[{\"value\":\"\",\"field\":6,\"settings\":[]}]},\"settings\":[],\"parent\":78}],\"fieldId\":\"contentblocks-field-23\"}},{\"heading\":{\"value\":\"[[%romanesco.patterns.references_title]]\",\"fieldId\":\"contentblocks-field-25\"},\"content\":{\"child_layouts\":[{\"layout\":12,\"content\":{\"col_1\":[{\"value\":\"[[%romanesco.patterns.included_patterns]]\",\"level\":\"h5\",\"field\":1,\"settings\":[]},{\"chunk_properties\":{},\"field\":84,\"settings\":{\"pattern_list\":\"includedChunks,includedSnippets,includedTVs\",\"pattern_name\":\"[[+pattern_name]]\"}}],\"col_2\":[{\"value\":\"[[%romanesco.patterns.assigned_tvs]]\",\"level\":\"h5\",\"field\":1,\"settings\":[]},{\"chunk_properties\":{},\"field\":84,\"settings\":{\"pattern_list\":\"assignedTVs\"}}]},\"settings\":{\"padding\":\"relaxed\",\"alignment\":\"\",\"divider\":\"divided\"},\"parent\":78}],\"fieldId\":\"contentblocks-field-26\"}}],\"field\":76,\"settings\":{\"layout_type\":\"tabs\",\"accordion_type\":\"\",\"tab_type\":\"regular\",\"padding\":\"padded\"}}]},\"settings\":{\"background\":\"white\",\"container_type\":\"\",\"sidebar_width\":\"five\",\"alignment\":\"\",\"pattern_name\":\"BasicDetail\",\"pattern_template\":\"patternLayoutTemplate\"},\"parent\":0,\"title\":\"\"},{\"layout\":17,\"content\":{\"preview\":[{\"value\":\"<div class=\\\"ui segment\\\">\\n    <div class=\\\"ui one column center aligned grid wireframe\\\">\\n        <div class=\\\"column\\\">\\n            <p class=\\\"ui secondary segment\\\">Header<\/p>\\n        <\/div>\\n        <div class=\\\"column\\\">\\n            <p class=\\\"ui secondary segment\\\" style=\\\"line-height: 5em !important;\\\">Content<\/p>\\n        <\/div>\\n        <div class=\\\"column\\\">\\n            <p class=\\\"ui secondary segment\\\" style=\\\"line-height: 2em !important;\\\">Footer<\/p>\\n        <\/div>\\n    <\/div>\\n<\/div>\",\"lang\":\"html\",\"field\":14,\"settings\":[]}],\"code\":[{\"value\":\"[[Rowboat?\\n    &table=`modx_site_templates`\\n    &tpl=`displayRawTemplate`\\n    &where=`{\\\"templatename\\\":\\\"[[+pattern_name]]\\\"}`\\n]]\",\"lang\":\"html\",\"field\":86,\"settings\":{\"label\":\"[[%romanesco.patterns.code_label]]\"}}],\"info\":[{\"rows\":[{\"heading\":{\"value\":\"[[%romanesco.patterns.purpose_title]]\",\"fieldId\":\"contentblocks-field-34\"},\"content\":{\"child_layouts\":[{\"layout\":7,\"content\":{\"main\":[{\"value\":\"<p>[[getElementDescription? &name=`[[+pattern_name]]` &type=`[[+pattern_template]]`]]<\/p>\",\"field\":6,\"settings\":[]}]},\"settings\":[],\"parent\":78}],\"fieldId\":\"contentblocks-field-35\"}},{\"heading\":{\"value\":\"[[%romanesco.patterns.usage_title]]\",\"fieldId\":\"contentblocks-field-37\"},\"content\":{\"child_layouts\":[{\"layout\":7,\"content\":{\"main\":[{\"value\":\"\",\"field\":6,\"settings\":[]}]},\"settings\":[],\"parent\":78}],\"fieldId\":\"contentblocks-field-38\"}},{\"heading\":{\"value\":\"[[%romanesco.patterns.references_title]]\",\"fieldId\":\"contentblocks-field-40\"},\"content\":{\"child_layouts\":[{\"layout\":12,\"content\":{\"col_1\":[{\"value\":\"[[%romanesco.patterns.included_patterns]]\",\"level\":\"h5\",\"field\":1,\"settings\":[]},{\"chunk_properties\":{},\"field\":84,\"settings\":{\"pattern_list\":\"includedChunks,includedSnippets,includedTVs\",\"pattern_name\":\"[[+pattern_name]]\"}}],\"col_2\":[{\"value\":\"[[%romanesco.patterns.assigned_tvs]]\",\"level\":\"h5\",\"field\":1,\"settings\":[]},{\"chunk_properties\":{},\"field\":84,\"settings\":{\"pattern_list\":\"assignedTVs\",\"pattern_name\":\"[[+pattern_name]]\"}}]},\"settings\":{\"padding\":\"relaxed\",\"alignment\":\"\",\"divider\":\"divided\"},\"parent\":78}],\"fieldId\":\"contentblocks-field-41\"}}],\"field\":76,\"settings\":{\"layout_type\":\"tabs\",\"accordion_type\":\"\",\"tab_type\":\"regular\",\"padding\":\"padded\"}}]},\"settings\":{\"background\":\"white\",\"container_type\":\"\",\"sidebar_width\":\"five\",\"alignment\":\"\",\"pattern_name\":\"Home\",\"pattern_template\":\"patternLayoutTemplate\"},\"parent\":0,\"title\":\"\"}]","linear":[{"value":"<div class=\"ui segment\">\n    <div class=\"ui one column center aligned grid wireframe\">\n        <div class=\"column\">\n            <p class=\"ui secondary segment\">Header<\/p>\n        <\/div>\n        <div class=\"column\">\n            <p class=\"ui secondary segment\" style=\"line-height: 0 !important;\">Toolbar<\/p>\n        <\/div>\n        <div class=\"column\">\n            <p class=\"ui secondary segment\" style=\"line-height: 5em !important;\">Content<\/p>\n        <\/div>\n        <div class=\"column\">\n            <p class=\"ui secondary segment\" style=\"line-height: 2em !important;\">Footer<\/p>\n        <\/div>\n    <\/div>\n<\/div>","lang":"html","field":14,"settings":[]},{"value":"[[Rowboat?\n    &table=`modx_site_templates`\n    &tpl=`displayRawTemplate`\n    &where=`{\"templatename\":\"[[+pattern_name]]\"}`\n]]","lang":"html","field":86,"settings":{"label":"[[%romanesco.patterns.code_label]]"}},{"rows":[{"heading":{"value":"[[%romanesco.patterns.purpose_title]]","fieldId":"contentblocks-field-4"},"content":{"child_layouts":[{"layout":7,"content":{"main":[{"value":"<p>[[getElementDescription? &name=`[[+pattern_name]]` &type=`[[+pattern_template]]`]]<\/p>","field":6,"settings":[]}]},"settings":[],"parent":78}],"fieldId":"contentblocks-field-5"}},{"heading":{"value":"[[%romanesco.patterns.usage_title]]","fieldId":"contentblocks-field-7"},"content":{"child_layouts":[{"layout":7,"content":{"main":[{"value":"","field":6,"settings":[]}]},"settings":[],"parent":78}],"fieldId":"contentblocks-field-8"}},{"heading":{"value":"[[%romanesco.patterns.references_title]]","fieldId":"contentblocks-field-10"},"content":{"child_layouts":[{"layout":12,"content":{"col_1":[{"value":"[[%romanesco.patterns.included_patterns]]","level":"h5","field":1,"settings":[]},{"chunk_properties":[],"field":84,"settings":{"pattern_list":"includedChunks,includedSnippets,includedTVs","pattern_name":"[[+pattern_name]]"}}],"col_2":[{"value":"[[%romanesco.patterns.assigned_tvs]]","level":"h5","field":1,"settings":[]},{"chunk_properties":[],"field":84,"settings":{"pattern_list":"assignedTVs","pattern_name":"[[+pattern_name]]"}}]},"settings":{"padding":"relaxed","alignment":"","divider":"divided"},"parent":78}],"fieldId":"contentblocks-field-11"}}],"field":76,"settings":{"layout_type":"tabs","accordion_type":"","tab_type":"regular","padding":"padded"}},{"value":"<div class=\"ui segment\">\n    <div class=\"ui one column center aligned grid wireframe\">\n        <div class=\"column\">\n            <p class=\"ui secondary segment\">Header<\/p>\n        <\/div>\n        <div class=\"column\">\n            <p class=\"ui secondary segment\" style=\"line-height: 0 !important;\">Toolbar<\/p>\n        <\/div>\n        <div class=\"column\">\n            <div class=\"ui two column equal width nested grid\">\n                <div class=\"column\">\n                    <p class=\"ui secondary segment\" style=\"line-height: 5em !important;\">Content<\/p>\n                <\/div>\n                <div class=\"seven wide column\">\n                    <p class=\"ui secondary segment\" style=\"line-height: 5em !important;\">Sub<\/p>\n                <\/div>\n            <\/div>\n        <\/div>\n        <div class=\"column\">\n            <p class=\"ui secondary segment\" style=\"line-height: 2em !important;\">Footer<\/p>\n        <\/div>\n    <\/div>\n<\/div>","lang":"html","field":14,"settings":[]},{"value":"[[Rowboat?\n    &table=`modx_site_templates`\n    &tpl=`displayRawTemplate`\n    &where=`{\"templatename\":\"[[+pattern_name]]\"}`\n]]","lang":"html","field":86,"settings":{"label":"[[%romanesco.patterns.code_label]]"}},{"rows":[{"heading":{"value":"[[%romanesco.patterns.purpose_title]]","fieldId":"contentblocks-field-19"},"content":{"child_layouts":[{"layout":7,"content":{"main":[{"value":"<p>[[getElementDescription? &name=`[[+pattern_name]]` &type=`[[+pattern_template]]`]]<\/p>","field":6,"settings":[]}]},"settings":[],"parent":78}],"fieldId":"contentblocks-field-20"}},{"heading":{"value":"[[%romanesco.patterns.usage_title]]","fieldId":"contentblocks-field-22"},"content":{"child_layouts":[{"layout":7,"content":{"main":[{"value":"","field":6,"settings":[]}]},"settings":[],"parent":78}],"fieldId":"contentblocks-field-23"}},{"heading":{"value":"[[%romanesco.patterns.references_title]]","fieldId":"contentblocks-field-25"},"content":{"child_layouts":[{"layout":12,"content":{"col_1":[{"value":"[[%romanesco.patterns.included_patterns]]","level":"h5","field":1,"settings":[]},{"chunk_properties":[],"field":84,"settings":{"pattern_list":"includedChunks,includedSnippets,includedTVs","pattern_name":"[[+pattern_name]]"}}],"col_2":[{"value":"[[%romanesco.patterns.assigned_tvs]]","level":"h5","field":1,"settings":[]},{"chunk_properties":[],"field":84,"settings":{"pattern_list":"assignedTVs"}}]},"settings":{"padding":"relaxed","alignment":"","divider":"divided"},"parent":78}],"fieldId":"contentblocks-field-26"}}],"field":76,"settings":{"layout_type":"tabs","accordion_type":"","tab_type":"regular","padding":"padded"}},{"value":"<div class=\"ui segment\">\n    <div class=\"ui one column center aligned grid wireframe\">\n        <div class=\"column\">\n            <p class=\"ui secondary segment\">Header<\/p>\n        <\/div>\n        <div class=\"column\">\n            <p class=\"ui secondary segment\" style=\"line-height: 5em !important;\">Content<\/p>\n        <\/div>\n        <div class=\"column\">\n            <p class=\"ui secondary segment\" style=\"line-height: 2em !important;\">Footer<\/p>\n        <\/div>\n    <\/div>\n<\/div>","lang":"html","field":14,"settings":[]},{"value":"[[Rowboat?\n    &table=`modx_site_templates`\n    &tpl=`displayRawTemplate`\n    &where=`{\"templatename\":\"[[+pattern_name]]\"}`\n]]","lang":"html","field":86,"settings":{"label":"[[%romanesco.patterns.code_label]]"}},{"rows":[{"heading":{"value":"[[%romanesco.patterns.purpose_title]]","fieldId":"contentblocks-field-34"},"content":{"child_layouts":[{"layout":7,"content":{"main":[{"value":"<p>[[getElementDescription? &name=`[[+pattern_name]]` &type=`[[+pattern_template]]`]]<\/p>","field":6,"settings":[]}]},"settings":[],"parent":78}],"fieldId":"contentblocks-field-35"}},{"heading":{"value":"[[%romanesco.patterns.usage_title]]","fieldId":"contentblocks-field-37"},"content":{"child_layouts":[{"layout":7,"content":{"main":[{"value":"","field":6,"settings":[]}]},"settings":[],"parent":78}],"fieldId":"contentblocks-field-38"}},{"heading":{"value":"[[%romanesco.patterns.references_title]]","fieldId":"contentblocks-field-40"},"content":{"child_layouts":[{"layout":12,"content":{"col_1":[{"value":"[[%romanesco.patterns.included_patterns]]","level":"h5","field":1,"settings":[]},{"chunk_properties":[],"field":84,"settings":{"pattern_list":"includedChunks,includedSnippets,includedTVs","pattern_name":"[[+pattern_name]]"}}],"col_2":[{"value":"[[%romanesco.patterns.assigned_tvs]]","level":"h5","field":1,"settings":[]},{"chunk_properties":[],"field":84,"settings":{"pattern_list":"assignedTVs","pattern_name":"[[+pattern_name]]"}}]},"settings":{"padding":"relaxed","alignment":"","divider":"divided"},"parent":78}],"fieldId":"contentblocks-field-41"}}],"field":76,"settings":{"layout_type":"tabs","accordion_type":"","tab_type":"regular","padding":"padded"}}],"fieldcounts":{"14":3,"86":3,"76":3},"_isContentBlocks":true}}