{"contentblocks":{"content":"[{\"layout\":2,\"content\":{\"main\":[{\"value\":\"Romanesco pattern library<br>\",\"level\":\"h1\",\"field\":1,\"settings\":[]},{\"value\":\"<p>The goal of the front-end pattern library is to give an overview of all the available components in the system, as well as an explanation of how they work and how they should be integrated.<br>\\n<\/p><p>One crucial requirement is that this pattern library, like the components themselves, should be interchangeable between all PL projects. In order to make this work, the following rules should apply:\\n<\/p><ul>\\n\\t<li>The library will be composed of resources.<\/li>\\n\\t<li>All resources will be static files, which means they can\u2019t be edited per project.<\/li>\\n\\t<li>There will be 1 central nursery for creating the static files.<\/li>\\n\\t<li>All project specific library elements will be placed in <strong>theme<\/strong> subfolders.<\/li>\\n<\/ul>\",\"field\":\"\",\"settings\":[]}],\"sidebar\":[{\"chunk_properties\":{},\"field\":19,\"settings\":{\"cols\":\"one\",\"row_tpl\":\"overviewRowBasicLinkCard\",\"show_introtext\":\"0\",\"show_subtitle\":\"1\",\"padding\":\"regular\",\"title_field\":\"menutitle\",\"title_hierarchy\":\"h2\",\"link_text\":\"\",\"de_emphasize\":\"0\",\"icon_type\":\"svg\"}}]},\"settings\":{\"background\":\"white\",\"container_type\":\"Standard width (container)=\",\"sidebar_width\":\"six\",\"padding\":\"relaxed\",\"alignment\":\"\",\"divider\":\"celled\"},\"parent\":0,\"title\":\"\"},{\"layout\":1,\"content\":{\"main\":[]},\"settings\":{\"background\":\"white\",\"container_type\":\"\",\"alignment\":\"\"},\"parent\":0,\"title\":\"\"}]","linear":[{"value":"Romanesco pattern library<br>","level":"h1","field":1,"settings":[]},{"value":"<p>The goal of the front-end pattern library is to give an overview of all the available components in the system, as well as an explanation of how they work and how they should be integrated.<br>\n<\/p><p>One crucial requirement is that this pattern library, like the components themselves, should be interchangeable between all PL projects. In order to make this work, the following rules should apply:\n<\/p><ul>\n\t<li>The library will be composed of resources.<\/li>\n\t<li>All resources will be static files, which means they can\u2019t be edited per project.<\/li>\n\t<li>There will be 1 central nursery for creating the static files.<\/li>\n\t<li>All project specific library elements will be placed in <strong>theme<\/strong> subfolders.<\/li>\n<\/ul>","field":"","settings":[]},{"chunk_properties":[],"field":19,"settings":{"cols":"one","row_tpl":"overviewRowBasicLinkCard","show_introtext":"0","show_subtitle":"1","padding":"regular","title_field":"menutitle","title_hierarchy":"h2","link_text":"","de_emphasize":"0","icon_type":"svg"}}],"fieldcounts":{"1":1,"":1,"19":1},"_isContentBlocks":true}}
