{"contentblocks":{"content":"[{\"layout\":17,\"content\":{\"preview\":[{\"value\":\"<div class=\\\"ui segment\\\">\\n    <div class=\\\"ui one column center aligned grid wireframe\\\">\\n        <div class=\\\"column\\\">\\n            <p class=\\\"ui secondary segment\\\">Header<\/p>\\n        <\/div>\\n        <div class=\\\"column\\\">\\n            <p class=\\\"ui secondary segment\\\" style=\\\"line-height: 0 !important;\\\">Toolbar<\/p>\\n        <\/div>\\n        <div class=\\\"column\\\">\\n            <p class=\\\"ui secondary segment\\\" style=\\\"line-height: 5em !important;\\\">Content<\/p>\\n        <\/div>\\n        <div class=\\\"column\\\">\\n            <p class=\\\"ui secondary segment\\\" style=\\\"line-height: 2em !important;\\\">Footer<\/p>\\n        <\/div>\\n    <\/div>\\n<\/div>\",\"lang\":\"html\",\"field\":14,\"settings\":[]}],\"code\":[{\"value\":\"[[Rowboat?\\n    &table=`modx_site_templates`\\n    &tpl=`displayRawTemplate`\\n    &where=`{\\\"templatename\\\":\\\"[[+pattern_name]]\\\"}`\\n]]\",\"lang\":\"html\",\"field\":86,\"settings\":{\"label\":\"[[%romanesco.patterns.code_label]]\"}}],\"info\":[{\"rows\":[{\"heading\":{\"value\":\"[[%romanesco.patterns.purpose_title]]\",\"fieldId\":\"contentblocks-field-5\"},\"content\":{\"child_layouts\":[{\"layout\":7,\"content\":{\"main\":[{\"value\":\"<p>[[getElementDescription? &name=`[[+pattern_name]]` &type=`[[+pattern_template]]`]]<\/p>\",\"field\":6,\"settings\":[]}]},\"settings\":[],\"parent\":78}],\"fieldId\":\"contentblocks-field-6\"}},{\"heading\":{\"value\":\"[[%romanesco.patterns.usage_title]]\",\"fieldId\":\"contentblocks-field-8\"},\"content\":{\"child_layouts\":[{\"layout\":7,\"content\":{\"main\":[{\"value\":\"<p>Doesn't contain any specific elements or TVs at this point, but could be used to set global settings for all underlying publications. Things like enable or disable comments by default, publish new posts on Twitter, etc. Similar to the old <a href=\\\"https:\/\/docs.modx.com\/extras\/revo\/articles\/articles.creating-a-blog\\\" target=\\\"_blank\\\">Articles container<\/a>.\\n<\/p>\",\"field\":6,\"settings\":[]}]},\"settings\":[],\"parent\":78}],\"fieldId\":\"contentblocks-field-9\"}},{\"heading\":{\"value\":\"[[%romanesco.patterns.references_title]]\",\"fieldId\":\"contentblocks-field-11\"},\"content\":{\"child_layouts\":[{\"layout\":12,\"content\":{\"col_1\":[{\"value\":\"[[%romanesco.patterns.included_patterns]]\",\"level\":\"h5\",\"field\":1,\"settings\":[]},{\"chunk_properties\":{},\"field\":84,\"settings\":{\"pattern_list\":\"includedChunks,includedSnippets,includedTVs\",\"pattern_name\":\"[[+pattern_name]]\"}}],\"col_2\":[{\"value\":\"[[%romanesco.patterns.assigned_tvs]]\",\"level\":\"h5\",\"field\":1,\"settings\":[]},{\"chunk_properties\":{},\"field\":84,\"settings\":{\"pattern_list\":\"assignedTVs\"}}]},\"settings\":{\"padding\":\"relaxed\",\"alignment\":\"\",\"divider\":\"divided\"},\"parent\":78}],\"fieldId\":\"contentblocks-field-12\"}}],\"field\":76,\"settings\":{\"layout_type\":\"tabs\",\"accordion_type\":\"\",\"tab_type\":\"regular\",\"padding\":\"padded\"}}]},\"settings\":{\"background\":\"white\",\"container_type\":\"\",\"sidebar_width\":\"five\",\"alignment\":\"\",\"pattern_name\":\"Publications\",\"pattern_template\":\"patternLayoutTemplate\",\"pattern_status\":\"blue\"},\"parent\":0,\"title\":\"\"},{\"layout\":17,\"content\":{\"preview\":[{\"value\":\"<div class=\\\"ui segment\\\">\\n    <div class=\\\"ui one column center aligned grid wireframe\\\">\\n        <div class=\\\"column\\\">\\n            <p class=\\\"ui secondary segment\\\">Header<\/p>\\n        <\/div>\\n        <div class=\\\"column\\\">\\n            <p class=\\\"ui secondary segment\\\" style=\\\"line-height: 0 !important;\\\">\\n                Toolbar\\n            <\/p>\\n        <\/div>\\n        <div class=\\\"column\\\">\\n            <div class=\\\"ui two column equal width nested grid\\\">\\n                <div class=\\\"column\\\">\\n                    <div class=\\\"ui secondary segment\\\" style=\\\"padding: 0.5em\\\">\\n                        <div class=\\\"ui tertiary segment\\\" style=\\\"line-height: 0 !important;\\\">\\n                            Heading\\n                        <\/div>\\n                        <div class=\\\"ui tertiary segment\\\" style=\\\"line-height: 0 !important;\\\">\\n                            Meta\\n                        <\/div>\\n                        <div class=\\\"ui tertiary segment\\\" style=\\\"line-height: 4em !important;\\\">\\n                            Article\\n                        <\/div>\\n                        <div class=\\\"ui tertiary segment\\\" style=\\\"line-height: 1em !important;\\\">\\n                            About\\n                        <\/div>\\n                        <div class=\\\"ui tertiary segment\\\" style=\\\"line-height: 2em !important;\\\">\\n                            Comments\\n                        <\/div>\\n                    <\/div>\\n                <\/div>\\n                <div class=\\\"six wide column\\\">\\n                    <p class=\\\"ui secondary segment\\\" style=\\\"line-height: 0 !important;\\\">\\n                        Share\\n                    <\/p>\\n                    <p class=\\\"ui secondary segment\\\" style=\\\"line-height: 1 !important;\\\">\\n                        Tags\\n                    <\/p>\\n                    <p class=\\\"ui secondary segment\\\" style=\\\"line-height: 3 !important;\\\">\\n                        Related\\n                    <\/p>\\n                <\/div>\\n            <\/div>\\n        <\/div>\\n        <div class=\\\"column\\\">\\n            <p class=\\\"ui secondary segment\\\" style=\\\"line-height: 2em !important;\\\">Footer<\/p>\\n        <\/div>\\n    <\/div>\\n<\/div>\",\"lang\":\"html\",\"field\":14,\"settings\":[]}],\"code\":[{\"value\":\"[[Rowboat?\\n    &table=`modx_site_templates`\\n    &tpl=`displayRawTemplate`\\n    &where=`{\\\"templatename\\\":\\\"[[+pattern_name]]\\\"}`\\n]]\",\"lang\":\"html\",\"field\":86,\"settings\":{\"label\":\"[[%romanesco.patterns.code_label]]\"}}],\"info\":[{\"rows\":[{\"heading\":{\"value\":\"[[%romanesco.patterns.purpose_title]]\",\"fieldId\":\"contentblocks-field-21\"},\"content\":{\"child_layouts\":[{\"layout\":7,\"content\":{\"main\":[{\"value\":\"<p>[[getElementDescription? &name=`[[+pattern_name]]` &type=`[[+pattern_template]]`]]<\/p>\",\"field\":6,\"settings\":[]}]},\"settings\":[],\"parent\":78}],\"fieldId\":\"contentblocks-field-22\"}},{\"heading\":{\"value\":\"[[%romanesco.patterns.usage_title]]\",\"fieldId\":\"contentblocks-field-24\"},\"content\":{\"child_layouts\":[{\"layout\":7,\"content\":{\"main\":[{\"value\":\"\",\"field\":6,\"settings\":[]}]},\"settings\":[],\"parent\":78}],\"fieldId\":\"contentblocks-field-25\"}},{\"heading\":{\"value\":\"[[%romanesco.patterns.references_title]]\",\"fieldId\":\"contentblocks-field-27\"},\"content\":{\"child_layouts\":[{\"layout\":12,\"content\":{\"col_1\":[{\"value\":\"[[%romanesco.patterns.included_patterns]]\",\"level\":\"h5\",\"field\":1,\"settings\":[]},{\"chunk_properties\":{},\"field\":84,\"settings\":{\"pattern_list\":\"includedChunks,includedSnippets,includedTVs\",\"pattern_name\":\"[[+pattern_name]]\"}}],\"col_2\":[{\"value\":\"[[%romanesco.patterns.assigned_tvs]]\",\"level\":\"h5\",\"field\":1,\"settings\":[]},{\"chunk_properties\":{},\"field\":84,\"settings\":{\"pattern_list\":\"assignedTVs\"}}]},\"settings\":{\"padding\":\"relaxed\",\"alignment\":\"\",\"divider\":\"divided\"},\"parent\":78}],\"fieldId\":\"contentblocks-field-28\"}}],\"field\":76,\"settings\":{\"layout_type\":\"tabs\",\"accordion_type\":\"\",\"tab_type\":\"regular\",\"padding\":\"padded\"}}]},\"settings\":{\"background\":\"white\",\"container_type\":\"\",\"sidebar_width\":\"six\",\"alignment\":\"\",\"pattern_name\":\"ArticleTraditional\",\"pattern_template\":\"patternLayoutTemplate\",\"pattern_status\":\"yellow\"},\"parent\":0,\"title\":\"\"},{\"layout\":17,\"content\":{\"preview\":[{\"value\":\"<div class=\\\"ui segment\\\">\\n    <div class=\\\"ui one column center aligned grid wireframe\\\">\\n        <div class=\\\"column\\\">\\n            <p class=\\\"ui secondary segment\\\">Header<\/p>\\n        <\/div>\\n        <div class=\\\"column\\\">\\n            <div class=\\\"ui secondary segment\\\" style=\\\"width: 75%; margin: auto; padding: 0.5em\\\">\\n                <div class=\\\"ui tertiary segment\\\" style=\\\"line-height: 0 !important;\\\">\\n                    Heading\\n                <\/div>\\n                <div class=\\\"ui tertiary segment\\\" style=\\\"line-height: 0 !important;\\\">\\n                    Meta\\n                <\/div>\\n                <div class=\\\"ui tertiary segment\\\" style=\\\"line-height: 4em !important;\\\">\\n                    Article\\n                <\/div>\\n            <\/div>\\n        <\/div>\\n        <div class=\\\"column\\\">\\n            <div class=\\\"ui secondary segment\\\" style=\\\"width: 75%; margin: auto; line-height: 3em !important;\\\">\\n                Comments\\n            <\/div>\\n        <\/div>\\n        <div class=\\\"column\\\">\\n            <p class=\\\"ui secondary segment\\\" style=\\\"line-height: 2em !important;\\\">\\n                Footer\\n            <\/p>\\n        <\/div>\\n    <\/div>\\n<\/div>\",\"lang\":\"html\",\"field\":14,\"settings\":[]}],\"code\":[{\"value\":\"[[Rowboat?\\n    &table=`modx_site_templates`\\n    &tpl=`displayRawTemplate`\\n    &where=`{\\\"templatename\\\":\\\"[[+pattern_name]]\\\"}`\\n]]\",\"lang\":\"html\",\"field\":86,\"settings\":{\"label\":\"[[%romanesco.patterns.code_label]]\"}}],\"info\":[{\"rows\":[{\"heading\":{\"value\":\"[[%romanesco.patterns.purpose_title]]\",\"fieldId\":\"contentblocks-field-36\"},\"content\":{\"child_layouts\":[{\"layout\":7,\"content\":{\"main\":[{\"value\":\"<p>[[getElementDescription? &name=`[[+pattern_name]]` &type=`[[+pattern_template]]`]]<\/p>\",\"field\":6,\"settings\":[]}]},\"settings\":[],\"parent\":78}],\"fieldId\":\"contentblocks-field-37\"}},{\"heading\":{\"value\":\"[[%romanesco.patterns.usage_title]]\",\"fieldId\":\"contentblocks-field-39\"},\"content\":{\"child_layouts\":[{\"layout\":7,\"content\":{\"main\":[{\"value\":\"\",\"field\":6,\"settings\":[]}]},\"settings\":[],\"parent\":78}],\"fieldId\":\"contentblocks-field-40\"}},{\"heading\":{\"value\":\"[[%romanesco.patterns.references_title]]\",\"fieldId\":\"contentblocks-field-42\"},\"content\":{\"child_layouts\":[{\"layout\":12,\"content\":{\"col_1\":[{\"value\":\"[[%romanesco.patterns.included_patterns]]\",\"level\":\"h5\",\"field\":1,\"settings\":[]},{\"chunk_properties\":{},\"field\":84,\"settings\":{\"pattern_list\":\"includedChunks,includedSnippets,includedTVs\",\"pattern_name\":\"[[+pattern_name]]\"}}],\"col_2\":[{\"value\":\"[[%romanesco.patterns.assigned_tvs]]\",\"level\":\"h5\",\"field\":1,\"settings\":[]},{\"chunk_properties\":{},\"field\":84,\"settings\":{\"pattern_list\":\"assignedTVs\"}}]},\"settings\":{\"padding\":\"relaxed\",\"alignment\":\"\",\"divider\":\"divided\"},\"parent\":78}],\"fieldId\":\"contentblocks-field-43\"}}],\"field\":76,\"settings\":{\"layout_type\":\"tabs\",\"accordion_type\":\"\",\"tab_type\":\"regular\",\"padding\":\"padded\"}}]},\"settings\":{\"background\":\"white\",\"container_type\":\"\",\"sidebar_width\":\"six\",\"alignment\":\"\",\"pattern_name\":\"ArticleReadability\",\"pattern_template\":\"patternLayoutTemplate\",\"pattern_status\":\"purple\"},\"parent\":0,\"title\":\"\"},{\"layout\":17,\"content\":{\"preview\":[{\"value\":\"<div class=\\\"ui segment\\\">\\n    <div class=\\\"ui one column center aligned grid wireframe\\\">\\n        <div class=\\\"column\\\">\\n            <p class=\\\"ui secondary segment\\\">Header<\/p>\\n        <\/div>\\n        <div class=\\\"column\\\">\\n            <div class=\\\"ui two column equal width nested grid\\\">\\n                <div class=\\\"column\\\">\\n                    <div class=\\\"ui secondary segment\\\" style=\\\"padding: 0.5em\\\">\\n                        <div class=\\\"ui tertiary segment\\\" style=\\\"line-height: 0 !important;\\\">\\n                            Heading\\n                        <\/div>\\n                        <div class=\\\"ui tertiary segment\\\" style=\\\"line-height: 0 !important;\\\">\\n                            Meta\\n                        <\/div>\\n                        <div class=\\\"ui tertiary segment\\\" style=\\\"line-height: 5em !important;\\\">\\n                            Article\\n                        <\/div>\\n                    <\/div>\\n                <\/div>\\n                <div class=\\\"six wide column\\\">\\n                    <div class=\\\"ui secondary segment\\\" style=\\\"margin-top: 3em; line-height: 0 !important;\\\">\\n                        Note\\n                    <\/div>\\n                    <div class=\\\"ui secondary segment\\\" style=\\\"margin-top: 2em; line-height: 0 !important;\\\">\\n                        Note\\n                    <\/div>\\n                    <div class=\\\"ui secondary segment\\\" style=\\\"line-height: 0 !important;\\\">\\n                        Note\\n                    <\/div>\\n                <\/div>\\n            <\/div>\\n        <\/div>\\n        <div class=\\\"column\\\">\\n            <div class=\\\"ui secondary segment\\\" style=\\\"line-height: 3em !important;\\\">\\n                Comments\\n            <\/div>\\n        <\/div>\\n        <div class=\\\"column\\\">\\n            <div class=\\\"ui secondary segment\\\" style=\\\"line-height: 2em !important;\\\">\\n                Footer\\n            <\/div>\\n        <\/div>\\n    <\/div>\\n<\/div>\",\"lang\":\"html\",\"field\":14,\"settings\":[]}],\"code\":[{\"value\":\"[[Rowboat?\\n    &table=`modx_site_templates`\\n    &tpl=`displayRawTemplate`\\n    &where=`{\\\"templatename\\\":\\\"[[+pattern_name]]\\\"}`\\n]]\",\"lang\":\"html\",\"field\":86,\"settings\":{\"label\":\"[[%romanesco.patterns.code_label]]\"}}],\"info\":[{\"rows\":[{\"heading\":{\"value\":\"[[%romanesco.patterns.purpose_title]]\",\"fieldId\":\"contentblocks-field-51\"},\"content\":{\"child_layouts\":[{\"layout\":7,\"content\":{\"main\":[{\"value\":\"<p>[[getElementDescription? &name=`[[+pattern_name]]` &type=`[[+pattern_template]]`]]<\/p>\",\"field\":6,\"settings\":[]}]},\"settings\":[],\"parent\":78}],\"fieldId\":\"contentblocks-field-52\"}},{\"heading\":{\"value\":\"[[%romanesco.patterns.usage_title]]\",\"fieldId\":\"contentblocks-field-54\"},\"content\":{\"child_layouts\":[{\"layout\":7,\"content\":{\"main\":[{\"value\":\"\",\"field\":6,\"settings\":[]}]},\"settings\":[],\"parent\":78}],\"fieldId\":\"contentblocks-field-55\"}},{\"heading\":{\"value\":\"[[%romanesco.patterns.references_title]]\",\"fieldId\":\"contentblocks-field-57\"},\"content\":{\"child_layouts\":[{\"layout\":12,\"content\":{\"col_1\":[{\"value\":\"[[%romanesco.patterns.included_patterns]]\",\"level\":\"h5\",\"field\":1,\"settings\":[]},{\"chunk_properties\":{},\"field\":84,\"settings\":{\"pattern_list\":\"includedChunks,includedSnippets,includedTVs\",\"pattern_name\":\"[[+pattern_name]]\"}}],\"col_2\":[{\"value\":\"[[%romanesco.patterns.assigned_tvs]]\",\"level\":\"h5\",\"field\":1,\"settings\":[]},{\"chunk_properties\":{},\"field\":84,\"settings\":{\"pattern_list\":\"assignedTVs\"}}]},\"settings\":{\"padding\":\"relaxed\",\"alignment\":\"\",\"divider\":\"divided\"},\"parent\":78}],\"fieldId\":\"contentblocks-field-58\"}}],\"field\":76,\"settings\":{\"layout_type\":\"tabs\",\"accordion_type\":\"\",\"tab_type\":\"regular\",\"padding\":\"padded\"}}]},\"settings\":{\"background\":\"white\",\"container_type\":\"\",\"sidebar_width\":\"six\",\"alignment\":\"\",\"pattern_name\":\"ArticleSidenotes\",\"pattern_template\":\"patternLayoutTemplate\",\"pattern_status\":\"pink\"},\"parent\":0,\"title\":\"\"}]","linear":[{"value":"<div class=\"ui segment\">\n    <div class=\"ui one column center aligned grid wireframe\">\n        <div class=\"column\">\n            <p class=\"ui secondary segment\">Header<\/p>\n        <\/div>\n        <div class=\"column\">\n            <p class=\"ui secondary segment\" style=\"line-height: 0 !important;\">Toolbar<\/p>\n        <\/div>\n        <div class=\"column\">\n            <p class=\"ui secondary segment\" style=\"line-height: 5em !important;\">Content<\/p>\n        <\/div>\n        <div class=\"column\">\n            <p class=\"ui secondary segment\" style=\"line-height: 2em !important;\">Footer<\/p>\n        <\/div>\n    <\/div>\n<\/div>","lang":"html","field":14,"settings":[]},{"value":"[[Rowboat?\n    &table=`modx_site_templates`\n    &tpl=`displayRawTemplate`\n    &where=`{\"templatename\":\"[[+pattern_name]]\"}`\n]]","lang":"html","field":86,"settings":{"label":"[[%romanesco.patterns.code_label]]"}},{"rows":[{"heading":{"value":"[[%romanesco.patterns.purpose_title]]","fieldId":"contentblocks-field-5"},"content":{"child_layouts":[{"layout":7,"content":{"main":[{"value":"<p>[[getElementDescription? &name=`[[+pattern_name]]` &type=`[[+pattern_template]]`]]<\/p>","field":6,"settings":[]}]},"settings":[],"parent":78}],"fieldId":"contentblocks-field-6"}},{"heading":{"value":"[[%romanesco.patterns.usage_title]]","fieldId":"contentblocks-field-8"},"content":{"child_layouts":[{"layout":7,"content":{"main":[{"value":"<p>Doesn't contain any specific elements or TVs at this point, but could be used to set global settings for all underlying publications. Things like enable or disable comments by default, publish new posts on Twitter, etc. Similar to the old <a href=\"https:\/\/docs.modx.com\/extras\/revo\/articles\/articles.creating-a-blog\" target=\"_blank\">Articles container<\/a>.\n<\/p>","field":6,"settings":[]}]},"settings":[],"parent":78}],"fieldId":"contentblocks-field-9"}},{"heading":{"value":"[[%romanesco.patterns.references_title]]","fieldId":"contentblocks-field-11"},"content":{"child_layouts":[{"layout":12,"content":{"col_1":[{"value":"[[%romanesco.patterns.included_patterns]]","level":"h5","field":1,"settings":[]},{"chunk_properties":[],"field":84,"settings":{"pattern_list":"includedChunks,includedSnippets,includedTVs","pattern_name":"[[+pattern_name]]"}}],"col_2":[{"value":"[[%romanesco.patterns.assigned_tvs]]","level":"h5","field":1,"settings":[]},{"chunk_properties":[],"field":84,"settings":{"pattern_list":"assignedTVs"}}]},"settings":{"padding":"relaxed","alignment":"","divider":"divided"},"parent":78}],"fieldId":"contentblocks-field-12"}}],"field":76,"settings":{"layout_type":"tabs","accordion_type":"","tab_type":"regular","padding":"padded"}},{"value":"<div class=\"ui segment\">\n    <div class=\"ui one column center aligned grid wireframe\">\n        <div class=\"column\">\n            <p class=\"ui secondary segment\">Header<\/p>\n        <\/div>\n        <div class=\"column\">\n            <p class=\"ui secondary segment\" style=\"line-height: 0 !important;\">\n                Toolbar\n            <\/p>\n        <\/div>\n        <div class=\"column\">\n            <div class=\"ui two column equal width nested grid\">\n                <div class=\"column\">\n                    <div class=\"ui secondary segment\" style=\"padding: 0.5em\">\n                        <div class=\"ui tertiary segment\" style=\"line-height: 0 !important;\">\n                            Heading\n                        <\/div>\n                        <div class=\"ui tertiary segment\" style=\"line-height: 0 !important;\">\n                            Meta\n                        <\/div>\n                        <div class=\"ui tertiary segment\" style=\"line-height: 4em !important;\">\n                            Article\n                        <\/div>\n                        <div class=\"ui tertiary segment\" style=\"line-height: 1em !important;\">\n                            About\n                        <\/div>\n                        <div class=\"ui tertiary segment\" style=\"line-height: 2em !important;\">\n                            Comments\n                        <\/div>\n                    <\/div>\n                <\/div>\n                <div class=\"six wide column\">\n                    <p class=\"ui secondary segment\" style=\"line-height: 0 !important;\">\n                        Share\n                    <\/p>\n                    <p class=\"ui secondary segment\" style=\"line-height: 1 !important;\">\n                        Tags\n                    <\/p>\n                    <p class=\"ui secondary segment\" style=\"line-height: 3 !important;\">\n                        Related\n                    <\/p>\n                <\/div>\n            <\/div>\n        <\/div>\n        <div class=\"column\">\n            <p class=\"ui secondary segment\" style=\"line-height: 2em !important;\">Footer<\/p>\n        <\/div>\n    <\/div>\n<\/div>","lang":"html","field":14,"settings":[]},{"value":"[[Rowboat?\n    &table=`modx_site_templates`\n    &tpl=`displayRawTemplate`\n    &where=`{\"templatename\":\"[[+pattern_name]]\"}`\n]]","lang":"html","field":86,"settings":{"label":"[[%romanesco.patterns.code_label]]"}},{"rows":[{"heading":{"value":"[[%romanesco.patterns.purpose_title]]","fieldId":"contentblocks-field-21"},"content":{"child_layouts":[{"layout":7,"content":{"main":[{"value":"<p>[[getElementDescription? &name=`[[+pattern_name]]` &type=`[[+pattern_template]]`]]<\/p>","field":6,"settings":[]}]},"settings":[],"parent":78}],"fieldId":"contentblocks-field-22"}},{"heading":{"value":"[[%romanesco.patterns.usage_title]]","fieldId":"contentblocks-field-24"},"content":{"child_layouts":[{"layout":7,"content":{"main":[{"value":"","field":6,"settings":[]}]},"settings":[],"parent":78}],"fieldId":"contentblocks-field-25"}},{"heading":{"value":"[[%romanesco.patterns.references_title]]","fieldId":"contentblocks-field-27"},"content":{"child_layouts":[{"layout":12,"content":{"col_1":[{"value":"[[%romanesco.patterns.included_patterns]]","level":"h5","field":1,"settings":[]},{"chunk_properties":[],"field":84,"settings":{"pattern_list":"includedChunks,includedSnippets,includedTVs","pattern_name":"[[+pattern_name]]"}}],"col_2":[{"value":"[[%romanesco.patterns.assigned_tvs]]","level":"h5","field":1,"settings":[]},{"chunk_properties":[],"field":84,"settings":{"pattern_list":"assignedTVs"}}]},"settings":{"padding":"relaxed","alignment":"","divider":"divided"},"parent":78}],"fieldId":"contentblocks-field-28"}}],"field":76,"settings":{"layout_type":"tabs","accordion_type":"","tab_type":"regular","padding":"padded"}},{"value":"<div class=\"ui segment\">\n    <div class=\"ui one column center aligned grid wireframe\">\n        <div class=\"column\">\n            <p class=\"ui secondary segment\">Header<\/p>\n        <\/div>\n        <div class=\"column\">\n            <div class=\"ui secondary segment\" style=\"width: 75%; margin: auto; padding: 0.5em\">\n                <div class=\"ui tertiary segment\" style=\"line-height: 0 !important;\">\n                    Heading\n                <\/div>\n                <div class=\"ui tertiary segment\" style=\"line-height: 0 !important;\">\n                    Meta\n                <\/div>\n                <div class=\"ui tertiary segment\" style=\"line-height: 4em !important;\">\n                    Article\n                <\/div>\n            <\/div>\n        <\/div>\n        <div class=\"column\">\n            <div class=\"ui secondary segment\" style=\"width: 75%; margin: auto; line-height: 3em !important;\">\n                Comments\n            <\/div>\n        <\/div>\n        <div class=\"column\">\n            <p class=\"ui secondary segment\" style=\"line-height: 2em !important;\">\n                Footer\n            <\/p>\n        <\/div>\n    <\/div>\n<\/div>","lang":"html","field":14,"settings":[]},{"value":"[[Rowboat?\n    &table=`modx_site_templates`\n    &tpl=`displayRawTemplate`\n    &where=`{\"templatename\":\"[[+pattern_name]]\"}`\n]]","lang":"html","field":86,"settings":{"label":"[[%romanesco.patterns.code_label]]"}},{"rows":[{"heading":{"value":"[[%romanesco.patterns.purpose_title]]","fieldId":"contentblocks-field-36"},"content":{"child_layouts":[{"layout":7,"content":{"main":[{"value":"<p>[[getElementDescription? &name=`[[+pattern_name]]` &type=`[[+pattern_template]]`]]<\/p>","field":6,"settings":[]}]},"settings":[],"parent":78}],"fieldId":"contentblocks-field-37"}},{"heading":{"value":"[[%romanesco.patterns.usage_title]]","fieldId":"contentblocks-field-39"},"content":{"child_layouts":[{"layout":7,"content":{"main":[{"value":"","field":6,"settings":[]}]},"settings":[],"parent":78}],"fieldId":"contentblocks-field-40"}},{"heading":{"value":"[[%romanesco.patterns.references_title]]","fieldId":"contentblocks-field-42"},"content":{"child_layouts":[{"layout":12,"content":{"col_1":[{"value":"[[%romanesco.patterns.included_patterns]]","level":"h5","field":1,"settings":[]},{"chunk_properties":[],"field":84,"settings":{"pattern_list":"includedChunks,includedSnippets,includedTVs","pattern_name":"[[+pattern_name]]"}}],"col_2":[{"value":"[[%romanesco.patterns.assigned_tvs]]","level":"h5","field":1,"settings":[]},{"chunk_properties":[],"field":84,"settings":{"pattern_list":"assignedTVs"}}]},"settings":{"padding":"relaxed","alignment":"","divider":"divided"},"parent":78}],"fieldId":"contentblocks-field-43"}}],"field":76,"settings":{"layout_type":"tabs","accordion_type":"","tab_type":"regular","padding":"padded"}},{"value":"<div class=\"ui segment\">\n    <div class=\"ui one column center aligned grid wireframe\">\n        <div class=\"column\">\n            <p class=\"ui secondary segment\">Header<\/p>\n        <\/div>\n        <div class=\"column\">\n            <div class=\"ui two column equal width nested grid\">\n                <div class=\"column\">\n                    <div class=\"ui secondary segment\" style=\"padding: 0.5em\">\n                        <div class=\"ui tertiary segment\" style=\"line-height: 0 !important;\">\n                            Heading\n                        <\/div>\n                        <div class=\"ui tertiary segment\" style=\"line-height: 0 !important;\">\n                            Meta\n                        <\/div>\n                        <div class=\"ui tertiary segment\" style=\"line-height: 5em !important;\">\n                            Article\n                        <\/div>\n                    <\/div>\n                <\/div>\n                <div class=\"six wide column\">\n                    <div class=\"ui secondary segment\" style=\"margin-top: 3em; line-height: 0 !important;\">\n                        Note\n                    <\/div>\n                    <div class=\"ui secondary segment\" style=\"margin-top: 2em; line-height: 0 !important;\">\n                        Note\n                    <\/div>\n                    <div class=\"ui secondary segment\" style=\"line-height: 0 !important;\">\n                        Note\n                    <\/div>\n                <\/div>\n            <\/div>\n        <\/div>\n        <div class=\"column\">\n            <div class=\"ui secondary segment\" style=\"line-height: 3em !important;\">\n                Comments\n            <\/div>\n        <\/div>\n        <div class=\"column\">\n            <div class=\"ui secondary segment\" style=\"line-height: 2em !important;\">\n                Footer\n            <\/div>\n        <\/div>\n    <\/div>\n<\/div>","lang":"html","field":14,"settings":[]},{"value":"[[Rowboat?\n    &table=`modx_site_templates`\n    &tpl=`displayRawTemplate`\n    &where=`{\"templatename\":\"[[+pattern_name]]\"}`\n]]","lang":"html","field":86,"settings":{"label":"[[%romanesco.patterns.code_label]]"}},{"rows":[{"heading":{"value":"[[%romanesco.patterns.purpose_title]]","fieldId":"contentblocks-field-51"},"content":{"child_layouts":[{"layout":7,"content":{"main":[{"value":"<p>[[getElementDescription? &name=`[[+pattern_name]]` &type=`[[+pattern_template]]`]]<\/p>","field":6,"settings":[]}]},"settings":[],"parent":78}],"fieldId":"contentblocks-field-52"}},{"heading":{"value":"[[%romanesco.patterns.usage_title]]","fieldId":"contentblocks-field-54"},"content":{"child_layouts":[{"layout":7,"content":{"main":[{"value":"","field":6,"settings":[]}]},"settings":[],"parent":78}],"fieldId":"contentblocks-field-55"}},{"heading":{"value":"[[%romanesco.patterns.references_title]]","fieldId":"contentblocks-field-57"},"content":{"child_layouts":[{"layout":12,"content":{"col_1":[{"value":"[[%romanesco.patterns.included_patterns]]","level":"h5","field":1,"settings":[]},{"chunk_properties":[],"field":84,"settings":{"pattern_list":"includedChunks,includedSnippets,includedTVs","pattern_name":"[[+pattern_name]]"}}],"col_2":[{"value":"[[%romanesco.patterns.assigned_tvs]]","level":"h5","field":1,"settings":[]},{"chunk_properties":[],"field":84,"settings":{"pattern_list":"assignedTVs"}}]},"settings":{"padding":"relaxed","alignment":"","divider":"divided"},"parent":78}],"fieldId":"contentblocks-field-58"}}],"field":76,"settings":{"layout_type":"tabs","accordion_type":"","tab_type":"regular","padding":"padded"}}],"fieldcounts":{"14":4,"86":4,"76":4},"_isContentBlocks":true}}