{"contentblocks":{"content":"[{\"layout\":17,\"content\":{\"preview\":[{\"value\":\"{{PLACE EXAMPLE HERE}}\",\"lang\":\"html\",\"field\":14,\"settings\":[]}],\"code\":[{\"value\":\"[[Rowboat?\\n    &table=`modx_site_htmlsnippets`\\n    &tpl=`displayRawElement`\\n    &where=`{\\\"name\\\":\\\"[[+pattern_name]]\\\"}`\\n]]\",\"lang\":\"html\",\"field\":86,\"settings\":{\"label\":\"[[%romanesco.patterns.code_label]]\"}}],\"info\":[{\"rows\":[{\"heading\":{\"value\":\"[[%romanesco.patterns.purpose_title]]\",\"fieldId\":\"contentblocks-field-4\"},\"heading_subtitle\":{\"value\":\"\",\"fieldId\":\"contentblocks-field-5\"},\"heading_icon\":{\"url\":\"\",\"size\":\"\",\"width\":\"\",\"height\":\"\",\"extension\":\"\",\"fieldId\":\"contentblocks-field-6\"},\"content\":{\"child_layouts\":[{\"layout\":7,\"content\":{\"main\":[{\"value\":\"\",\"field\":6,\"settings\":[]}]},\"settings\":[],\"parent\":78}],\"fieldId\":\"contentblocks-field-7\"}},{\"heading\":{\"value\":\"[[%romanesco.patterns.usage_title]]\",\"fieldId\":\"contentblocks-field-9\"},\"heading_subtitle\":{\"value\":\"\",\"fieldId\":\"contentblocks-field-10\"},\"heading_icon\":{\"url\":\"\",\"size\":\"\",\"width\":\"\",\"height\":\"\",\"extension\":\"\",\"fieldId\":\"contentblocks-field-11\"},\"content\":{\"child_layouts\":[{\"layout\":7,\"content\":{\"main\":[{\"value\":\"\",\"field\":6,\"settings\":[]}]},\"settings\":[],\"parent\":78}],\"fieldId\":\"contentblocks-field-12\"}},{\"heading\":{\"value\":\"[[%romanesco.patterns.references_title]]\",\"fieldId\":\"contentblocks-field-14\"},\"heading_subtitle\":{\"value\":\"\",\"fieldId\":\"contentblocks-field-15\"},\"heading_icon\":{\"url\":\"\",\"size\":\"\",\"width\":\"\",\"height\":\"\",\"extension\":\"\",\"fieldId\":\"contentblocks-field-16\"},\"content\":{\"child_layouts\":[{\"layout\":12,\"content\":{\"col_1\":[{\"value\":\"[[%romanesco.patterns.included_patterns]]\",\"level\":\"h5\",\"field\":1,\"settings\":[]},{\"chunk_properties\":{},\"field\":84,\"settings\":{\"pattern_list\":\"includedChunks,includedSnippets,includedTVs\",\"pattern_name\":\"[[+pattern_name]]\"}}],\"col_2\":[{\"value\":\"[[%romanesco.patterns.referring_patterns]]\",\"level\":\"h5\",\"field\":1,\"settings\":[]},{\"chunk_properties\":{},\"field\":85,\"settings\":{\"pattern_list\":\"referringChunks,referringSnippets,referringTemplates\",\"pattern_name\":\"[[+pattern_name]]\"}}]},\"settings\":{\"padding\":\"relaxed\",\"alignment\":\"\",\"divider\":\"divided\"},\"parent\":78}],\"fieldId\":\"contentblocks-field-17\"}}],\"field\":76,\"settings\":{\"layout_type\":\"tabs\",\"accordion_type\":\"\",\"tab_type\":\"regular\",\"padding\":\"padded\"}}]},\"settings\":{\"background\":\"white\",\"container_type\":\"\",\"sidebar_width\":\"five\",\"alignment\":\"\",\"pattern_name\":\"breadcrumbs\",\"pattern_template\":\"patternLayoutMolecule\"},\"parent\":0,\"title\":\"\"},{\"layout\":17,\"content\":{\"preview\":[{\"value\":\"{{PLACE EXAMPLE HERE}}\",\"lang\":\"html\",\"field\":14,\"settings\":[]}],\"code\":[{\"value\":\"[[Rowboat?\\n    &table=`modx_site_htmlsnippets`\\n    &tpl=`displayRawElement`\\n    &where=`{\\\"name\\\":\\\"[[+pattern_name]]\\\"}`\\n]]\",\"lang\":\"html\",\"field\":86,\"settings\":{\"label\":\"[[%romanesco.patterns.code_label]]\"}}],\"info\":[{\"rows\":[{\"heading\":{\"value\":\"[[%romanesco.patterns.purpose_title]]\",\"fieldId\":\"contentblocks-field-25\"},\"heading_subtitle\":{\"value\":\"\",\"fieldId\":\"contentblocks-field-26\"},\"heading_icon\":{\"url\":\"\",\"size\":\"\",\"width\":\"\",\"height\":\"\",\"extension\":\"\",\"fieldId\":\"contentblocks-field-27\"},\"content\":{\"child_layouts\":[{\"layout\":7,\"content\":{\"main\":[{\"value\":\"\",\"field\":6,\"settings\":[]}]},\"settings\":[],\"parent\":78}],\"fieldId\":\"contentblocks-field-28\"}},{\"heading\":{\"value\":\"[[%romanesco.patterns.usage_title]]\",\"fieldId\":\"contentblocks-field-30\"},\"heading_subtitle\":{\"value\":\"\",\"fieldId\":\"contentblocks-field-31\"},\"heading_icon\":{\"url\":\"\",\"size\":\"\",\"width\":\"\",\"height\":\"\",\"extension\":\"\",\"fieldId\":\"contentblocks-field-32\"},\"content\":{\"child_layouts\":[{\"layout\":7,\"content\":{\"main\":[{\"value\":\"\",\"field\":6,\"settings\":[]}]},\"settings\":[],\"parent\":78}],\"fieldId\":\"contentblocks-field-33\"}},{\"heading\":{\"value\":\"[[%romanesco.patterns.references_title]]\",\"fieldId\":\"contentblocks-field-35\"},\"heading_subtitle\":{\"value\":\"\",\"fieldId\":\"contentblocks-field-36\"},\"heading_icon\":{\"url\":\"\",\"size\":\"\",\"width\":\"\",\"height\":\"\",\"extension\":\"\",\"fieldId\":\"contentblocks-field-37\"},\"content\":{\"child_layouts\":[{\"layout\":12,\"content\":{\"col_1\":[{\"value\":\"[[%romanesco.patterns.included_patterns]]\",\"level\":\"h5\",\"field\":1,\"settings\":[]},{\"chunk_properties\":{},\"field\":84,\"settings\":{\"pattern_list\":\"includedChunks,includedSnippets,includedTVs\",\"pattern_name\":\"[[+pattern_name]]\"}}],\"col_2\":[{\"value\":\"[[%romanesco.patterns.referring_patterns]]\",\"level\":\"h5\",\"field\":1,\"settings\":[]},{\"chunk_properties\":{},\"field\":85,\"settings\":{\"pattern_list\":\"referringChunks,referringSnippets,referringTemplates\",\"pattern_name\":\"[[+pattern_name]]\"}}]},\"settings\":{\"padding\":\"relaxed\",\"alignment\":\"\",\"divider\":\"divided\"},\"parent\":78}],\"fieldId\":\"contentblocks-field-38\"}}],\"field\":76,\"settings\":{\"layout_type\":\"tabs\",\"accordion_type\":\"\",\"tab_type\":\"regular\",\"padding\":\"padded\"}}]},\"settings\":{\"background\":\"white\",\"container_type\":\"\",\"sidebar_width\":\"five\",\"alignment\":\"\",\"pattern_name\":\"mainNav\",\"pattern_template\":\"patternLayoutMolecule\"},\"parent\":0,\"title\":\"\"},{\"layout\":17,\"content\":{\"preview\":[{\"value\":\"[[$mainNavVertical]]\",\"lang\":\"html\",\"field\":14,\"settings\":{\"render_tag\":\"render\"}},{\"value\":\"<style>\\n    #menu-vertical {\\n        background: grey;\\n    }\\n<\/style>\",\"lang\":\"html\",\"field\":14,\"settings\":[]}],\"code\":[{\"value\":\"[[Rowboat?\\n    &table=`modx_site_htmlsnippets`\\n    &tpl=`displayRawElement`\\n    &where=`{\\\"name\\\":\\\"[[+pattern_name]]\\\"}`\\n]]\",\"lang\":\"html\",\"field\":86,\"settings\":{\"label\":\"[[%romanesco.patterns.code_label]]\"}}],\"info\":[{\"rows\":[{\"heading\":{\"value\":\"[[%romanesco.patterns.purpose_title]]\",\"fieldId\":\"contentblocks-field-47\"},\"heading_subtitle\":{\"value\":\"\",\"fieldId\":\"contentblocks-field-48\"},\"heading_icon\":{\"url\":\"\",\"size\":\"\",\"width\":\"\",\"height\":\"\",\"extension\":\"\",\"fieldId\":\"contentblocks-field-49\"},\"content\":{\"child_layouts\":[{\"layout\":7,\"content\":{\"main\":[{\"value\":\"<p>[[getElementDescription? &name=`[[+pattern_name]]` &type=`[[+pattern_template]]`]]\\n<\/p>\",\"field\":6,\"settings\":[]}]},\"settings\":[],\"parent\":78}],\"fieldId\":\"contentblocks-field-50\"}},{\"heading\":{\"value\":\"[[%romanesco.patterns.usage_title]]\",\"fieldId\":\"contentblocks-field-52\"},\"heading_subtitle\":{\"value\":\"\",\"fieldId\":\"contentblocks-field-53\"},\"heading_icon\":{\"url\":\"\",\"size\":\"\",\"width\":\"\",\"height\":\"\",\"extension\":\"\",\"fieldId\":\"contentblocks-field-54\"},\"content\":{\"child_layouts\":[{\"layout\":7,\"content\":{\"main\":[{\"value\":\"\",\"field\":6,\"settings\":[]}]},\"settings\":[],\"parent\":78}],\"fieldId\":\"contentblocks-field-55\"}},{\"heading\":{\"value\":\"[[%romanesco.patterns.references_title]]\",\"fieldId\":\"contentblocks-field-57\"},\"heading_subtitle\":{\"value\":\"\",\"fieldId\":\"contentblocks-field-58\"},\"heading_icon\":{\"url\":\"\",\"size\":\"\",\"width\":\"\",\"height\":\"\",\"extension\":\"\",\"fieldId\":\"contentblocks-field-59\"},\"content\":{\"child_layouts\":[{\"layout\":12,\"content\":{\"col_1\":[{\"value\":\"[[%romanesco.patterns.included_patterns]]\",\"level\":\"h5\",\"field\":1,\"settings\":[]},{\"chunk_properties\":{},\"field\":84,\"settings\":{\"pattern_list\":\"includedChunks,includedSnippets,includedTVs\",\"pattern_name\":\"[[+pattern_name]]\"}}],\"col_2\":[{\"value\":\"[[%romanesco.patterns.referring_patterns]]\",\"level\":\"h5\",\"field\":1,\"settings\":[]},{\"chunk_properties\":{},\"field\":85,\"settings\":{\"pattern_list\":\"referringChunks,referringSnippets,referringTemplates\",\"pattern_name\":\"[[+pattern_name]]\"}}]},\"settings\":{\"padding\":\"relaxed\",\"alignment\":\"\",\"divider\":\"divided\"},\"parent\":78}],\"fieldId\":\"contentblocks-field-60\"}}],\"field\":76,\"settings\":{\"layout_type\":\"tabs\",\"accordion_type\":\"\",\"tab_type\":\"regular\",\"padding\":\"padded\"}}]},\"settings\":{\"background\":\"white\",\"container_type\":\"\",\"sidebar_width\":\"five\",\"alignment\":\"\",\"pattern_name\":\"mainNavVertical\",\"pattern_template\":\"patternLayoutMolecule\",\"pattern_status\":\"blue\"},\"parent\":0,\"title\":\"\"},{\"layout\":17,\"content\":{\"preview\":[{\"value\":\"{{PLACE EXAMPLE HERE}}\",\"lang\":\"html\",\"field\":14,\"settings\":[]}],\"code\":[{\"value\":\"[[Rowboat?\\n    &table=`modx_site_htmlsnippets`\\n    &tpl=`displayRawElement`\\n    &where=`{\\\"name\\\":\\\"[[+pattern_name]]\\\"}`\\n]]\",\"lang\":\"html\",\"field\":86,\"settings\":{\"label\":\"[[%romanesco.patterns.code_label]]\"}}],\"info\":[{\"rows\":[{\"heading\":{\"value\":\"[[%romanesco.patterns.purpose_title]]\",\"fieldId\":\"contentblocks-field-68\"},\"heading_subtitle\":{\"value\":\"\",\"fieldId\":\"contentblocks-field-69\"},\"heading_icon\":{\"url\":\"\",\"size\":\"\",\"width\":\"\",\"height\":\"\",\"extension\":\"\",\"fieldId\":\"contentblocks-field-70\"},\"content\":{\"child_layouts\":[{\"layout\":7,\"content\":{\"main\":[{\"value\":\"\",\"field\":6,\"settings\":[]}]},\"settings\":[],\"parent\":78}],\"fieldId\":\"contentblocks-field-71\"}},{\"heading\":{\"value\":\"[[%romanesco.patterns.usage_title]]\",\"fieldId\":\"contentblocks-field-73\"},\"heading_subtitle\":{\"value\":\"\",\"fieldId\":\"contentblocks-field-74\"},\"heading_icon\":{\"url\":\"\",\"size\":\"\",\"width\":\"\",\"height\":\"\",\"extension\":\"\",\"fieldId\":\"contentblocks-field-75\"},\"content\":{\"child_layouts\":[{\"layout\":7,\"content\":{\"main\":[{\"value\":\"\",\"field\":6,\"settings\":[]}]},\"settings\":[],\"parent\":78}],\"fieldId\":\"contentblocks-field-76\"}},{\"heading\":{\"value\":\"[[%romanesco.patterns.references_title]]\",\"fieldId\":\"contentblocks-field-78\"},\"heading_subtitle\":{\"value\":\"\",\"fieldId\":\"contentblocks-field-79\"},\"heading_icon\":{\"url\":\"\",\"size\":\"\",\"width\":\"\",\"height\":\"\",\"extension\":\"\",\"fieldId\":\"contentblocks-field-80\"},\"content\":{\"child_layouts\":[{\"layout\":12,\"content\":{\"col_1\":[{\"value\":\"[[%romanesco.patterns.included_patterns]]\",\"level\":\"h5\",\"field\":1,\"settings\":[]},{\"chunk_properties\":{},\"field\":84,\"settings\":{\"pattern_list\":\"includedChunks,includedSnippets,includedTVs\",\"pattern_name\":\"[[+pattern_name]]\"}}],\"col_2\":[{\"value\":\"[[%romanesco.patterns.referring_patterns]]\",\"level\":\"h5\",\"field\":1,\"settings\":[]},{\"chunk_properties\":{},\"field\":85,\"settings\":{\"pattern_list\":\"referringChunks,referringSnippets,referringTemplates\",\"pattern_name\":\"[[+pattern_name]]\"}}]},\"settings\":{\"padding\":\"relaxed\",\"alignment\":\"\",\"divider\":\"divided\"},\"parent\":78}],\"fieldId\":\"contentblocks-field-81\"}}],\"field\":76,\"settings\":{\"layout_type\":\"tabs\",\"accordion_type\":\"\",\"tab_type\":\"regular\",\"padding\":\"padded\"}}]},\"settings\":{\"background\":\"white\",\"container_type\":\"\",\"sidebar_width\":\"five\",\"alignment\":\"\",\"pattern_name\":\"subNav\",\"pattern_template\":\"patternLayoutMolecule\"},\"parent\":0,\"title\":\"\"},{\"layout\":17,\"content\":{\"preview\":[{\"value\":\"{{PLACE EXAMPLE HERE}}\",\"lang\":\"html\",\"field\":14,\"settings\":[]}],\"code\":[{\"value\":\"[[Rowboat?\\n    &table=`modx_site_htmlsnippets`\\n    &tpl=`displayRawElement`\\n    &where=`{\\\"name\\\":\\\"[[+pattern_name]]\\\"}`\\n]]\",\"lang\":\"html\",\"field\":86,\"settings\":{\"label\":\"[[%romanesco.patterns.code_label]]\"}}],\"info\":[{\"rows\":[{\"heading\":{\"value\":\"[[%romanesco.patterns.purpose_title]]\",\"fieldId\":\"contentblocks-field-89\"},\"heading_subtitle\":{\"value\":\"\",\"fieldId\":\"contentblocks-field-90\"},\"heading_icon\":{\"url\":\"\",\"size\":\"\",\"width\":\"\",\"height\":\"\",\"extension\":\"\",\"fieldId\":\"contentblocks-field-91\"},\"content\":{\"child_layouts\":[{\"layout\":7,\"content\":{\"main\":[{\"value\":\"\",\"field\":6,\"settings\":[]}]},\"settings\":[],\"parent\":78}],\"fieldId\":\"contentblocks-field-92\"}},{\"heading\":{\"value\":\"[[%romanesco.patterns.usage_title]]\",\"fieldId\":\"contentblocks-field-94\"},\"heading_subtitle\":{\"value\":\"\",\"fieldId\":\"contentblocks-field-95\"},\"heading_icon\":{\"url\":\"\",\"size\":\"\",\"width\":\"\",\"height\":\"\",\"extension\":\"\",\"fieldId\":\"contentblocks-field-96\"},\"content\":{\"child_layouts\":[{\"layout\":7,\"content\":{\"main\":[{\"value\":\"\",\"field\":6,\"settings\":[]}]},\"settings\":[],\"parent\":78}],\"fieldId\":\"contentblocks-field-97\"}},{\"heading\":{\"value\":\"[[%romanesco.patterns.references_title]]\",\"fieldId\":\"contentblocks-field-99\"},\"heading_subtitle\":{\"value\":\"\",\"fieldId\":\"contentblocks-field-100\"},\"heading_icon\":{\"url\":\"\",\"size\":\"\",\"width\":\"\",\"height\":\"\",\"extension\":\"\",\"fieldId\":\"contentblocks-field-101\"},\"content\":{\"child_layouts\":[{\"layout\":12,\"content\":{\"col_1\":[{\"value\":\"[[%romanesco.patterns.included_patterns]]\",\"level\":\"h5\",\"field\":1,\"settings\":[]},{\"chunk_properties\":{},\"field\":84,\"settings\":{\"pattern_list\":\"includedChunks,includedSnippets,includedTVs\",\"pattern_name\":\"[[+pattern_name]]\"}}],\"col_2\":[{\"value\":\"[[%romanesco.patterns.referring_patterns]]\",\"level\":\"h5\",\"field\":1,\"settings\":[]},{\"chunk_properties\":{},\"field\":85,\"settings\":{\"pattern_list\":\"referringChunks,referringSnippets,referringTemplates\",\"pattern_name\":\"[[+pattern_name]]\"}}]},\"settings\":{\"padding\":\"relaxed\",\"alignment\":\"\",\"divider\":\"divided\"},\"parent\":78}],\"fieldId\":\"contentblocks-field-102\"}}],\"field\":76,\"settings\":{\"layout_type\":\"tabs\",\"accordion_type\":\"\",\"tab_type\":\"regular\",\"padding\":\"padded\"}}]},\"settings\":{\"background\":\"white\",\"container_type\":\"\",\"sidebar_width\":\"five\",\"alignment\":\"\",\"pattern_name\":\"subNavHorizontal\",\"pattern_template\":\"patternLayoutMolecule\"},\"parent\":0,\"title\":\"\"},{\"layout\":17,\"content\":{\"preview\":[{\"value\":\"{{PLACE EXAMPLE HERE}}\",\"lang\":\"html\",\"field\":14,\"settings\":[]}],\"code\":[{\"value\":\"[[Rowboat?\\n    &table=`modx_site_htmlsnippets`\\n    &tpl=`displayRawElement`\\n    &where=`{\\\"name\\\":\\\"[[+pattern_name]]\\\"}`\\n]]\",\"lang\":\"html\",\"field\":86,\"settings\":{\"label\":\"[[%romanesco.patterns.code_label]]\"}}],\"info\":[{\"rows\":[{\"heading\":{\"value\":\"[[%romanesco.patterns.purpose_title]]\",\"fieldId\":\"contentblocks-field-110\"},\"heading_subtitle\":{\"value\":\"\",\"fieldId\":\"contentblocks-field-111\"},\"heading_icon\":{\"url\":\"\",\"size\":\"\",\"width\":\"\",\"height\":\"\",\"extension\":\"\",\"fieldId\":\"contentblocks-field-112\"},\"content\":{\"child_layouts\":[{\"layout\":7,\"content\":{\"main\":[{\"value\":\"\",\"field\":6,\"settings\":[]}]},\"settings\":[],\"parent\":78}],\"fieldId\":\"contentblocks-field-113\"}},{\"heading\":{\"value\":\"[[%romanesco.patterns.usage_title]]\",\"fieldId\":\"contentblocks-field-115\"},\"heading_subtitle\":{\"value\":\"\",\"fieldId\":\"contentblocks-field-116\"},\"heading_icon\":{\"url\":\"\",\"size\":\"\",\"width\":\"\",\"height\":\"\",\"extension\":\"\",\"fieldId\":\"contentblocks-field-117\"},\"content\":{\"child_layouts\":[{\"layout\":7,\"content\":{\"main\":[{\"value\":\"\",\"field\":6,\"settings\":[]}]},\"settings\":[],\"parent\":78}],\"fieldId\":\"contentblocks-field-118\"}},{\"heading\":{\"value\":\"[[%romanesco.patterns.references_title]]\",\"fieldId\":\"contentblocks-field-120\"},\"heading_subtitle\":{\"value\":\"\",\"fieldId\":\"contentblocks-field-121\"},\"heading_icon\":{\"url\":\"\",\"size\":\"\",\"width\":\"\",\"height\":\"\",\"extension\":\"\",\"fieldId\":\"contentblocks-field-122\"},\"content\":{\"child_layouts\":[{\"layout\":12,\"content\":{\"col_1\":[{\"value\":\"[[%romanesco.patterns.included_patterns]]\",\"level\":\"h5\",\"field\":1,\"settings\":[]},{\"chunk_properties\":{},\"field\":84,\"settings\":{\"pattern_list\":\"includedChunks,includedSnippets,includedTVs\",\"pattern_name\":\"[[+pattern_name]]\"}}],\"col_2\":[{\"value\":\"[[%romanesco.patterns.referring_patterns]]\",\"level\":\"h5\",\"field\":1,\"settings\":[]},{\"chunk_properties\":{},\"field\":85,\"settings\":{\"pattern_list\":\"referringChunks,referringSnippets,referringTemplates\",\"pattern_name\":\"[[+pattern_name]]\"}}]},\"settings\":{\"padding\":\"relaxed\",\"alignment\":\"\",\"divider\":\"divided\"},\"parent\":78}],\"fieldId\":\"contentblocks-field-123\"}}],\"field\":76,\"settings\":{\"layout_type\":\"tabs\",\"accordion_type\":\"\",\"tab_type\":\"regular\",\"padding\":\"padded\"}}]},\"settings\":{\"background\":\"white\",\"container_type\":\"\",\"sidebar_width\":\"five\",\"alignment\":\"\",\"pattern_name\":\"subNavVertical\",\"pattern_template\":\"patternLayoutMolecule\"},\"parent\":0,\"title\":\"\"},{\"layout\":17,\"content\":{\"preview\":[{\"value\":\"{{PLACE EXAMPLE HERE}}\",\"lang\":\"html\",\"field\":14,\"settings\":[]}],\"code\":[{\"value\":\"[[Rowboat?\\n    &table=`modx_site_htmlsnippets`\\n    &tpl=`displayRawElement`\\n    &where=`{\\\"name\\\":\\\"[[+pattern_name]]\\\"}`\\n]]\",\"lang\":\"html\",\"field\":86,\"settings\":{\"label\":\"[[%romanesco.patterns.code_label]]\"}}],\"info\":[{\"rows\":[{\"heading\":{\"value\":\"[[%romanesco.patterns.purpose_title]]\",\"fieldId\":\"contentblocks-field-131\"},\"heading_subtitle\":{\"value\":\"\",\"fieldId\":\"contentblocks-field-132\"},\"heading_icon\":{\"url\":\"\",\"size\":\"\",\"width\":\"\",\"height\":\"\",\"extension\":\"\",\"fieldId\":\"contentblocks-field-133\"},\"content\":{\"child_layouts\":[{\"layout\":7,\"content\":{\"main\":[{\"value\":\"\",\"field\":6,\"settings\":[]}]},\"settings\":[],\"parent\":78}],\"fieldId\":\"contentblocks-field-134\"}},{\"heading\":{\"value\":\"[[%romanesco.patterns.usage_title]]\",\"fieldId\":\"contentblocks-field-136\"},\"heading_subtitle\":{\"value\":\"\",\"fieldId\":\"contentblocks-field-137\"},\"heading_icon\":{\"url\":\"\",\"size\":\"\",\"width\":\"\",\"height\":\"\",\"extension\":\"\",\"fieldId\":\"contentblocks-field-138\"},\"content\":{\"child_layouts\":[{\"layout\":7,\"content\":{\"main\":[{\"value\":\"\",\"field\":6,\"settings\":[]}]},\"settings\":[],\"parent\":78}],\"fieldId\":\"contentblocks-field-139\"}},{\"heading\":{\"value\":\"[[%romanesco.patterns.references_title]]\",\"fieldId\":\"contentblocks-field-141\"},\"heading_subtitle\":{\"value\":\"\",\"fieldId\":\"contentblocks-field-142\"},\"heading_icon\":{\"url\":\"\",\"size\":\"\",\"width\":\"\",\"height\":\"\",\"extension\":\"\",\"fieldId\":\"contentblocks-field-143\"},\"content\":{\"child_layouts\":[{\"layout\":12,\"content\":{\"col_1\":[{\"value\":\"[[%romanesco.patterns.included_patterns]]\",\"level\":\"h5\",\"field\":1,\"settings\":[]},{\"chunk_properties\":{},\"field\":84,\"settings\":{\"pattern_list\":\"includedChunks,includedSnippets,includedTVs\",\"pattern_name\":\"[[+pattern_name]]\"}}],\"col_2\":[{\"value\":\"[[%romanesco.patterns.referring_patterns]]\",\"level\":\"h5\",\"field\":1,\"settings\":[]},{\"chunk_properties\":{},\"field\":85,\"settings\":{\"pattern_list\":\"referringChunks,referringSnippets,referringTemplates\",\"pattern_name\":\"[[+pattern_name]]\"}}]},\"settings\":{\"padding\":\"relaxed\",\"alignment\":\"\",\"divider\":\"divided\"},\"parent\":78}],\"fieldId\":\"contentblocks-field-144\"}}],\"field\":76,\"settings\":{\"layout_type\":\"tabs\",\"accordion_type\":\"\",\"tab_type\":\"regular\",\"padding\":\"padded\"}}]},\"settings\":{\"background\":\"white\",\"container_type\":\"\",\"sidebar_width\":\"five\",\"alignment\":\"\",\"pattern_name\":\"offCanvasNav\",\"pattern_template\":\"patternLayoutMolecule\"},\"parent\":0,\"title\":\"\"}]","linear":[{"value":"{{PLACE EXAMPLE HERE}}","lang":"html","field":14,"settings":[]},{"value":"[[Rowboat?\n    &table=`modx_site_htmlsnippets`\n    &tpl=`displayRawElement`\n    &where=`{\"name\":\"[[+pattern_name]]\"}`\n]]","lang":"html","field":86,"settings":{"label":"[[%romanesco.patterns.code_label]]"}},{"rows":[{"heading":{"value":"[[%romanesco.patterns.purpose_title]]","fieldId":"contentblocks-field-4"},"heading_subtitle":{"value":"","fieldId":"contentblocks-field-5"},"heading_icon":{"url":"","size":"","width":"","height":"","extension":"","fieldId":"contentblocks-field-6"},"content":{"child_layouts":[{"layout":7,"content":{"main":[{"value":"","field":6,"settings":[]}]},"settings":[],"parent":78}],"fieldId":"contentblocks-field-7"}},{"heading":{"value":"[[%romanesco.patterns.usage_title]]","fieldId":"contentblocks-field-9"},"heading_subtitle":{"value":"","fieldId":"contentblocks-field-10"},"heading_icon":{"url":"","size":"","width":"","height":"","extension":"","fieldId":"contentblocks-field-11"},"content":{"child_layouts":[{"layout":7,"content":{"main":[{"value":"","field":6,"settings":[]}]},"settings":[],"parent":78}],"fieldId":"contentblocks-field-12"}},{"heading":{"value":"[[%romanesco.patterns.references_title]]","fieldId":"contentblocks-field-14"},"heading_subtitle":{"value":"","fieldId":"contentblocks-field-15"},"heading_icon":{"url":"","size":"","width":"","height":"","extension":"","fieldId":"contentblocks-field-16"},"content":{"child_layouts":[{"layout":12,"content":{"col_1":[{"value":"[[%romanesco.patterns.included_patterns]]","level":"h5","field":1,"settings":[]},{"chunk_properties":[],"field":84,"settings":{"pattern_list":"includedChunks,includedSnippets,includedTVs","pattern_name":"[[+pattern_name]]"}}],"col_2":[{"value":"[[%romanesco.patterns.referring_patterns]]","level":"h5","field":1,"settings":[]},{"chunk_properties":[],"field":85,"settings":{"pattern_list":"referringChunks,referringSnippets,referringTemplates","pattern_name":"[[+pattern_name]]"}}]},"settings":{"padding":"relaxed","alignment":"","divider":"divided"},"parent":78}],"fieldId":"contentblocks-field-17"}}],"field":76,"settings":{"layout_type":"tabs","accordion_type":"","tab_type":"regular","padding":"padded"}},{"value":"{{PLACE EXAMPLE HERE}}","lang":"html","field":14,"settings":[]},{"value":"[[Rowboat?\n    &table=`modx_site_htmlsnippets`\n    &tpl=`displayRawElement`\n    &where=`{\"name\":\"[[+pattern_name]]\"}`\n]]","lang":"html","field":86,"settings":{"label":"[[%romanesco.patterns.code_label]]"}},{"rows":[{"heading":{"value":"[[%romanesco.patterns.purpose_title]]","fieldId":"contentblocks-field-25"},"heading_subtitle":{"value":"","fieldId":"contentblocks-field-26"},"heading_icon":{"url":"","size":"","width":"","height":"","extension":"","fieldId":"contentblocks-field-27"},"content":{"child_layouts":[{"layout":7,"content":{"main":[{"value":"","field":6,"settings":[]}]},"settings":[],"parent":78}],"fieldId":"contentblocks-field-28"}},{"heading":{"value":"[[%romanesco.patterns.usage_title]]","fieldId":"contentblocks-field-30"},"heading_subtitle":{"value":"","fieldId":"contentblocks-field-31"},"heading_icon":{"url":"","size":"","width":"","height":"","extension":"","fieldId":"contentblocks-field-32"},"content":{"child_layouts":[{"layout":7,"content":{"main":[{"value":"","field":6,"settings":[]}]},"settings":[],"parent":78}],"fieldId":"contentblocks-field-33"}},{"heading":{"value":"[[%romanesco.patterns.references_title]]","fieldId":"contentblocks-field-35"},"heading_subtitle":{"value":"","fieldId":"contentblocks-field-36"},"heading_icon":{"url":"","size":"","width":"","height":"","extension":"","fieldId":"contentblocks-field-37"},"content":{"child_layouts":[{"layout":12,"content":{"col_1":[{"value":"[[%romanesco.patterns.included_patterns]]","level":"h5","field":1,"settings":[]},{"chunk_properties":[],"field":84,"settings":{"pattern_list":"includedChunks,includedSnippets,includedTVs","pattern_name":"[[+pattern_name]]"}}],"col_2":[{"value":"[[%romanesco.patterns.referring_patterns]]","level":"h5","field":1,"settings":[]},{"chunk_properties":[],"field":85,"settings":{"pattern_list":"referringChunks,referringSnippets,referringTemplates","pattern_name":"[[+pattern_name]]"}}]},"settings":{"padding":"relaxed","alignment":"","divider":"divided"},"parent":78}],"fieldId":"contentblocks-field-38"}}],"field":76,"settings":{"layout_type":"tabs","accordion_type":"","tab_type":"regular","padding":"padded"}},{"value":"[[$mainNavVertical]]","lang":"html","field":14,"settings":{"render_tag":"render"}},{"value":"<style>\n    #menu-vertical {\n        background: grey;\n    }\n<\/style>","lang":"html","field":14,"settings":[]},{"value":"[[Rowboat?\n    &table=`modx_site_htmlsnippets`\n    &tpl=`displayRawElement`\n    &where=`{\"name\":\"[[+pattern_name]]\"}`\n]]","lang":"html","field":86,"settings":{"label":"[[%romanesco.patterns.code_label]]"}},{"rows":[{"heading":{"value":"[[%romanesco.patterns.purpose_title]]","fieldId":"contentblocks-field-47"},"heading_subtitle":{"value":"","fieldId":"contentblocks-field-48"},"heading_icon":{"url":"","size":"","width":"","height":"","extension":"","fieldId":"contentblocks-field-49"},"content":{"child_layouts":[{"layout":7,"content":{"main":[{"value":"<p>[[getElementDescription? &name=`[[+pattern_name]]` &type=`[[+pattern_template]]`]]\n<\/p>","field":6,"settings":[]}]},"settings":[],"parent":78}],"fieldId":"contentblocks-field-50"}},{"heading":{"value":"[[%romanesco.patterns.usage_title]]","fieldId":"contentblocks-field-52"},"heading_subtitle":{"value":"","fieldId":"contentblocks-field-53"},"heading_icon":{"url":"","size":"","width":"","height":"","extension":"","fieldId":"contentblocks-field-54"},"content":{"child_layouts":[{"layout":7,"content":{"main":[{"value":"","field":6,"settings":[]}]},"settings":[],"parent":78}],"fieldId":"contentblocks-field-55"}},{"heading":{"value":"[[%romanesco.patterns.references_title]]","fieldId":"contentblocks-field-57"},"heading_subtitle":{"value":"","fieldId":"contentblocks-field-58"},"heading_icon":{"url":"","size":"","width":"","height":"","extension":"","fieldId":"contentblocks-field-59"},"content":{"child_layouts":[{"layout":12,"content":{"col_1":[{"value":"[[%romanesco.patterns.included_patterns]]","level":"h5","field":1,"settings":[]},{"chunk_properties":[],"field":84,"settings":{"pattern_list":"includedChunks,includedSnippets,includedTVs","pattern_name":"[[+pattern_name]]"}}],"col_2":[{"value":"[[%romanesco.patterns.referring_patterns]]","level":"h5","field":1,"settings":[]},{"chunk_properties":[],"field":85,"settings":{"pattern_list":"referringChunks,referringSnippets,referringTemplates","pattern_name":"[[+pattern_name]]"}}]},"settings":{"padding":"relaxed","alignment":"","divider":"divided"},"parent":78}],"fieldId":"contentblocks-field-60"}}],"field":76,"settings":{"layout_type":"tabs","accordion_type":"","tab_type":"regular","padding":"padded"}},{"value":"{{PLACE EXAMPLE HERE}}","lang":"html","field":14,"settings":[]},{"value":"[[Rowboat?\n    &table=`modx_site_htmlsnippets`\n    &tpl=`displayRawElement`\n    &where=`{\"name\":\"[[+pattern_name]]\"}`\n]]","lang":"html","field":86,"settings":{"label":"[[%romanesco.patterns.code_label]]"}},{"rows":[{"heading":{"value":"[[%romanesco.patterns.purpose_title]]","fieldId":"contentblocks-field-68"},"heading_subtitle":{"value":"","fieldId":"contentblocks-field-69"},"heading_icon":{"url":"","size":"","width":"","height":"","extension":"","fieldId":"contentblocks-field-70"},"content":{"child_layouts":[{"layout":7,"content":{"main":[{"value":"","field":6,"settings":[]}]},"settings":[],"parent":78}],"fieldId":"contentblocks-field-71"}},{"heading":{"value":"[[%romanesco.patterns.usage_title]]","fieldId":"contentblocks-field-73"},"heading_subtitle":{"value":"","fieldId":"contentblocks-field-74"},"heading_icon":{"url":"","size":"","width":"","height":"","extension":"","fieldId":"contentblocks-field-75"},"content":{"child_layouts":[{"layout":7,"content":{"main":[{"value":"","field":6,"settings":[]}]},"settings":[],"parent":78}],"fieldId":"contentblocks-field-76"}},{"heading":{"value":"[[%romanesco.patterns.references_title]]","fieldId":"contentblocks-field-78"},"heading_subtitle":{"value":"","fieldId":"contentblocks-field-79"},"heading_icon":{"url":"","size":"","width":"","height":"","extension":"","fieldId":"contentblocks-field-80"},"content":{"child_layouts":[{"layout":12,"content":{"col_1":[{"value":"[[%romanesco.patterns.included_patterns]]","level":"h5","field":1,"settings":[]},{"chunk_properties":[],"field":84,"settings":{"pattern_list":"includedChunks,includedSnippets,includedTVs","pattern_name":"[[+pattern_name]]"}}],"col_2":[{"value":"[[%romanesco.patterns.referring_patterns]]","level":"h5","field":1,"settings":[]},{"chunk_properties":[],"field":85,"settings":{"pattern_list":"referringChunks,referringSnippets,referringTemplates","pattern_name":"[[+pattern_name]]"}}]},"settings":{"padding":"relaxed","alignment":"","divider":"divided"},"parent":78}],"fieldId":"contentblocks-field-81"}}],"field":76,"settings":{"layout_type":"tabs","accordion_type":"","tab_type":"regular","padding":"padded"}},{"value":"{{PLACE EXAMPLE HERE}}","lang":"html","field":14,"settings":[]},{"value":"[[Rowboat?\n    &table=`modx_site_htmlsnippets`\n    &tpl=`displayRawElement`\n    &where=`{\"name\":\"[[+pattern_name]]\"}`\n]]","lang":"html","field":86,"settings":{"label":"[[%romanesco.patterns.code_label]]"}},{"rows":[{"heading":{"value":"[[%romanesco.patterns.purpose_title]]","fieldId":"contentblocks-field-89"},"heading_subtitle":{"value":"","fieldId":"contentblocks-field-90"},"heading_icon":{"url":"","size":"","width":"","height":"","extension":"","fieldId":"contentblocks-field-91"},"content":{"child_layouts":[{"layout":7,"content":{"main":[{"value":"","field":6,"settings":[]}]},"settings":[],"parent":78}],"fieldId":"contentblocks-field-92"}},{"heading":{"value":"[[%romanesco.patterns.usage_title]]","fieldId":"contentblocks-field-94"},"heading_subtitle":{"value":"","fieldId":"contentblocks-field-95"},"heading_icon":{"url":"","size":"","width":"","height":"","extension":"","fieldId":"contentblocks-field-96"},"content":{"child_layouts":[{"layout":7,"content":{"main":[{"value":"","field":6,"settings":[]}]},"settings":[],"parent":78}],"fieldId":"contentblocks-field-97"}},{"heading":{"value":"[[%romanesco.patterns.references_title]]","fieldId":"contentblocks-field-99"},"heading_subtitle":{"value":"","fieldId":"contentblocks-field-100"},"heading_icon":{"url":"","size":"","width":"","height":"","extension":"","fieldId":"contentblocks-field-101"},"content":{"child_layouts":[{"layout":12,"content":{"col_1":[{"value":"[[%romanesco.patterns.included_patterns]]","level":"h5","field":1,"settings":[]},{"chunk_properties":[],"field":84,"settings":{"pattern_list":"includedChunks,includedSnippets,includedTVs","pattern_name":"[[+pattern_name]]"}}],"col_2":[{"value":"[[%romanesco.patterns.referring_patterns]]","level":"h5","field":1,"settings":[]},{"chunk_properties":[],"field":85,"settings":{"pattern_list":"referringChunks,referringSnippets,referringTemplates","pattern_name":"[[+pattern_name]]"}}]},"settings":{"padding":"relaxed","alignment":"","divider":"divided"},"parent":78}],"fieldId":"contentblocks-field-102"}}],"field":76,"settings":{"layout_type":"tabs","accordion_type":"","tab_type":"regular","padding":"padded"}},{"value":"{{PLACE EXAMPLE HERE}}","lang":"html","field":14,"settings":[]},{"value":"[[Rowboat?\n    &table=`modx_site_htmlsnippets`\n    &tpl=`displayRawElement`\n    &where=`{\"name\":\"[[+pattern_name]]\"}`\n]]","lang":"html","field":86,"settings":{"label":"[[%romanesco.patterns.code_label]]"}},{"rows":[{"heading":{"value":"[[%romanesco.patterns.purpose_title]]","fieldId":"contentblocks-field-110"},"heading_subtitle":{"value":"","fieldId":"contentblocks-field-111"},"heading_icon":{"url":"","size":"","width":"","height":"","extension":"","fieldId":"contentblocks-field-112"},"content":{"child_layouts":[{"layout":7,"content":{"main":[{"value":"","field":6,"settings":[]}]},"settings":[],"parent":78}],"fieldId":"contentblocks-field-113"}},{"heading":{"value":"[[%romanesco.patterns.usage_title]]","fieldId":"contentblocks-field-115"},"heading_subtitle":{"value":"","fieldId":"contentblocks-field-116"},"heading_icon":{"url":"","size":"","width":"","height":"","extension":"","fieldId":"contentblocks-field-117"},"content":{"child_layouts":[{"layout":7,"content":{"main":[{"value":"","field":6,"settings":[]}]},"settings":[],"parent":78}],"fieldId":"contentblocks-field-118"}},{"heading":{"value":"[[%romanesco.patterns.references_title]]","fieldId":"contentblocks-field-120"},"heading_subtitle":{"value":"","fieldId":"contentblocks-field-121"},"heading_icon":{"url":"","size":"","width":"","height":"","extension":"","fieldId":"contentblocks-field-122"},"content":{"child_layouts":[{"layout":12,"content":{"col_1":[{"value":"[[%romanesco.patterns.included_patterns]]","level":"h5","field":1,"settings":[]},{"chunk_properties":[],"field":84,"settings":{"pattern_list":"includedChunks,includedSnippets,includedTVs","pattern_name":"[[+pattern_name]]"}}],"col_2":[{"value":"[[%romanesco.patterns.referring_patterns]]","level":"h5","field":1,"settings":[]},{"chunk_properties":[],"field":85,"settings":{"pattern_list":"referringChunks,referringSnippets,referringTemplates","pattern_name":"[[+pattern_name]]"}}]},"settings":{"padding":"relaxed","alignment":"","divider":"divided"},"parent":78}],"fieldId":"contentblocks-field-123"}}],"field":76,"settings":{"layout_type":"tabs","accordion_type":"","tab_type":"regular","padding":"padded"}},{"value":"{{PLACE EXAMPLE HERE}}","lang":"html","field":14,"settings":[]},{"value":"[[Rowboat?\n    &table=`modx_site_htmlsnippets`\n    &tpl=`displayRawElement`\n    &where=`{\"name\":\"[[+pattern_name]]\"}`\n]]","lang":"html","field":86,"settings":{"label":"[[%romanesco.patterns.code_label]]"}},{"rows":[{"heading":{"value":"[[%romanesco.patterns.purpose_title]]","fieldId":"contentblocks-field-131"},"heading_subtitle":{"value":"","fieldId":"contentblocks-field-132"},"heading_icon":{"url":"","size":"","width":"","height":"","extension":"","fieldId":"contentblocks-field-133"},"content":{"child_layouts":[{"layout":7,"content":{"main":[{"value":"","field":6,"settings":[]}]},"settings":[],"parent":78}],"fieldId":"contentblocks-field-134"}},{"heading":{"value":"[[%romanesco.patterns.usage_title]]","fieldId":"contentblocks-field-136"},"heading_subtitle":{"value":"","fieldId":"contentblocks-field-137"},"heading_icon":{"url":"","size":"","width":"","height":"","extension":"","fieldId":"contentblocks-field-138"},"content":{"child_layouts":[{"layout":7,"content":{"main":[{"value":"","field":6,"settings":[]}]},"settings":[],"parent":78}],"fieldId":"contentblocks-field-139"}},{"heading":{"value":"[[%romanesco.patterns.references_title]]","fieldId":"contentblocks-field-141"},"heading_subtitle":{"value":"","fieldId":"contentblocks-field-142"},"heading_icon":{"url":"","size":"","width":"","height":"","extension":"","fieldId":"contentblocks-field-143"},"content":{"child_layouts":[{"layout":12,"content":{"col_1":[{"value":"[[%romanesco.patterns.included_patterns]]","level":"h5","field":1,"settings":[]},{"chunk_properties":[],"field":84,"settings":{"pattern_list":"includedChunks,includedSnippets,includedTVs","pattern_name":"[[+pattern_name]]"}}],"col_2":[{"value":"[[%romanesco.patterns.referring_patterns]]","level":"h5","field":1,"settings":[]},{"chunk_properties":[],"field":85,"settings":{"pattern_list":"referringChunks,referringSnippets,referringTemplates","pattern_name":"[[+pattern_name]]"}}]},"settings":{"padding":"relaxed","alignment":"","divider":"divided"},"parent":78}],"fieldId":"contentblocks-field-144"}}],"field":76,"settings":{"layout_type":"tabs","accordion_type":"","tab_type":"regular","padding":"padded"}}],"fieldcounts":{"14":8,"86":7,"76":7},"_isContentBlocks":true}}