{"contentblocks":{"content":"[{\"layout\":6,\"content\":{\"col_1\":[{\"value\":\"Project timeline<br>\",\"level\":\"h3\",\"field\":1,\"settings\":{}},{\"value\":\"[[$projectHubOuter]]\",\"lang\":\"html\",\"field\":14,\"settings\":[]}],\"col_2\":[{\"value\":\"Latest pattern library additions<br>\",\"level\":\"h3\",\"field\":1,\"settings\":[]},{\"value\":\"<p>\\n[[filterLine?\\n    &file=`[[++core_path]]components\/romanescobackyard\/docs\/changelog.txt`\\n    &searchString=`Add `\\n]]\\n<\/p>\\n<p><a href=\\\"https:\/\/github.com\/hugopeek\/romanesco-patterns\/blob\/master\/core\/components\/romanesco\/docs\/changelog.txt\\\" target=\\\"_blank\\\">See full changelog<\/a><\/p>\\n\",\"lang\":\"html\",\"field\":14,\"settings\":{\"render_tag\":\"ignore\"}}]},\"settings\":[],\"parent\":0,\"title\":\"\"}]","linear":[{"value":"Project timeline<br>","level":"h3","field":1,"settings":[]},{"value":"[[$projectHubOuter]]","lang":"html","field":14,"settings":[]},{"value":"Latest pattern library additions<br>","level":"h3","field":1,"settings":[]},{"value":"<p>\n[[filterLine?\n    &file=`[[++core_path]]components\/romanescobackyard\/docs\/changelog.txt`\n    &searchString=`Add `\n]]\n<\/p>\n<p><a href=\"https:\/\/github.com\/hugopeek\/romanesco-patterns\/blob\/master\/core\/components\/romanesco\/docs\/changelog.txt\" target=\"_blank\">See full changelog<\/a><\/p>\n","lang":"html","field":14,"settings":{"render_tag":"ignore"}}],"fieldcounts":{"1":2,"14":2},"_isContentBlocks":true}}