{"contentblocks":{"content":"[{\"layout\":17,\"content\":{\"preview\":[],\"code\":[],\"info\":[{\"rows\":[{\"heading\":{\"value\":\"[[%romanesco.patterns.purpose_title]]\",\"fieldId\":\"contentblocks-field-3\"},\"content\":{\"child_layouts\":[{\"layout\":7,\"content\":{\"main\":[{\"value\":\"<p>This TV can be used to connect a person to a MODX user. By doing this, you are basically extending the MODX user with all the available info inside the connected resource. To fetch an image TV as avatar for example, or the available social media channels.\\n<\/p><p>Only active users will be shown.\\n<\/p>\",\"field\":6,\"settings\":[]}]},\"settings\":[],\"parent\":78}],\"fieldId\":\"contentblocks-field-4\"}},{\"heading\":{\"value\":\"[[%romanesco.patterns.specifications_title]]\",\"fieldId\":\"contentblocks-field-6\"},\"content\":{\"child_layouts\":[{\"layout\":7,\"content\":{\"main\":[{\"value\":\"{\\n    \\\"caption\\\": \\\"Person\\\",\\n    \\\"name\\\": \\\"person_id\\\",\\n    \\\"description\\\": \\\"Connect a MODX user to this item. Only active users will be shown.\\\",\\n    \\\"type\\\": \\\"listbox\\\",\\n    \\\"inputOptionValues\\\": \\\"@SELECT '''' AS username, '''' AS id UNION ALL ( SELECT username, id FROM `modx_users` WHERE `active` = 1 ORDER BY username )\\\",\\n    \\\"category\\\": \\\"Connections\\\",\\n    \\\"sortOrder\\\": \\\"1\\\"\\n}\",\"lang\":\"json\",\"field\":83,\"settings\":[]}]},\"settings\":[],\"parent\":78}],\"fieldId\":\"contentblocks-field-7\"}},{\"heading\":{\"value\":\"[[%romanesco.patterns.references_title]]\",\"fieldId\":\"contentblocks-field-9\"},\"content\":{\"child_layouts\":[{\"layout\":12,\"content\":{\"col_1\":[{\"value\":\"[[%romanesco.patterns.assigned_templates]]\",\"level\":\"h5\",\"field\":1,\"settings\":[]},{\"chunk_properties\":{},\"field\":85,\"settings\":{\"pattern_list\":\"assignedTemplates\",\"pattern_name\":\"[[+pattern_name]]\"}}],\"col_2\":[{\"value\":\"[[%romanesco.patterns.referring_patterns]]\",\"level\":\"h5\",\"field\":1,\"settings\":[]},{\"chunk_properties\":{},\"field\":85,\"settings\":{\"pattern_list\":\"referringChunks,referringTemplates\",\"pattern_name\":\"[[+pattern_name]]\"}}]},\"settings\":{\"padding\":\"relaxed\",\"alignment\":\"\",\"divider\":\"divided\"},\"parent\":78}],\"fieldId\":\"contentblocks-field-10\"}}],\"field\":76,\"settings\":{\"layout_type\":\"accordion\",\"accordion_type\":\"fluid styled\",\"padding\":\"padded\",\"tab_type\":\"regular\"}}]},\"settings\":{\"background\":\"white\",\"container_type\":\"\",\"sidebar_width\":\"five\",\"alignment\":\"\",\"pattern_name\":\"person_id\",\"pattern_template\":\"patternLayoutElectronTV\"},\"parent\":0,\"title\":\"person_id\"},{\"layout\":17,\"content\":{\"preview\":[],\"code\":[],\"info\":[{\"rows\":[{\"heading\":{\"value\":\"[[%romanesco.patterns.purpose_title]]\",\"fieldId\":\"contentblocks-field-16\"},\"content\":{\"child_layouts\":[{\"layout\":7,\"content\":{\"main\":[{\"value\":\"<p>Provide the ability to connect an Organization to a template. This can be a client, an employer, a partner, etc. Organizations can be maintained from a central Collection and crosslinked through this TV, allowing you to access things like their logo or website for example.\\n<\/p>\",\"field\":6,\"settings\":[]}]},\"settings\":[],\"parent\":78}],\"fieldId\":\"contentblocks-field-17\"}},{\"heading\":{\"value\":\"[[%romanesco.patterns.specifications_title]]\",\"fieldId\":\"contentblocks-field-19\"},\"content\":{\"child_layouts\":[{\"layout\":7,\"content\":{\"main\":[{\"value\":\"{\\n    \\\"caption\\\": \\\"Organization\\\",\\n    \\\"name\\\": \\\"organization_id\\\",\\n    \\\"description\\\": \\\"Connect the related organization(s). If this list is empty, you need to create an Organizations container first and register its ID under System Settings.\\\",\\n    \\\"type\\\": \\\"listbox-multiple\\\",\\n    \\\"inputOptionValues\\\": \\\"@CHUNK tvSelectClient\\\",\\n    \\\"category\\\": \\\"Connections\\\",\\n    \\\"sortOrder\\\": \\\"2\\\",\\n    \\\"templates\\\": [\\n        \\\"@@templates_portfolio\\\"\\n    ]\\n}\",\"lang\":\"json\",\"field\":83,\"settings\":[]}]},\"settings\":[],\"parent\":78}],\"fieldId\":\"contentblocks-field-20\"}},{\"heading\":{\"value\":\"[[%romanesco.patterns.references_title]]\",\"fieldId\":\"contentblocks-field-22\"},\"content\":{\"child_layouts\":[{\"layout\":12,\"content\":{\"col_1\":[{\"value\":\"[[%romanesco.patterns.assigned_templates]]\",\"level\":\"h5\",\"field\":1,\"settings\":[]},{\"chunk_properties\":{},\"field\":85,\"settings\":{\"pattern_list\":\"assignedTemplates\",\"pattern_name\":\"[[+pattern_name]]\"}}],\"col_2\":[{\"value\":\"[[%romanesco.patterns.included_patterns]]\",\"level\":\"h5\",\"field\":1,\"settings\":[]},{\"value\":\"<div class=\\\"ui list\\\">\\n    [[$includedPatternsRow?\\n        &name=`tvSelectClient`\\n        &category=`174`\\n    ]]\\n<\/div>\",\"lang\":\"html\",\"field\":14,\"settings\":[]},{\"value\":\"[[%romanesco.patterns.referring_patterns]]\",\"level\":\"h5\",\"field\":1,\"settings\":[]},{\"chunk_properties\":{},\"field\":85,\"settings\":{\"pattern_list\":\"referringChunks,referringTemplates\",\"pattern_name\":\"[[+pattern_name]]\"}}]},\"settings\":{\"padding\":\"relaxed\",\"alignment\":\"\",\"divider\":\"divided\"},\"parent\":78}],\"fieldId\":\"contentblocks-field-23\"}}],\"field\":76,\"settings\":{\"layout_type\":\"accordion\",\"accordion_type\":\"fluid styled\",\"padding\":\"padded\",\"tab_type\":\"regular\"}}]},\"settings\":{\"background\":\"white\",\"container_type\":\"\",\"sidebar_width\":\"five\",\"alignment\":\"\",\"pattern_name\":\"organization_id\",\"pattern_template\":\"patternLayoutElectronTV\"},\"parent\":0,\"title\":\"organization_id\"},{\"layout\":17,\"content\":{\"preview\":[],\"code\":[],\"info\":[{\"rows\":[{\"heading\":{\"value\":\"[[%romanesco.patterns.purpose_title]]\",\"fieldId\":\"contentblocks-field-31\"},\"content\":{\"child_layouts\":[{\"layout\":7,\"content\":{\"main\":[{\"value\":\"<p>Contributors are persons that helped create the subject of a certain template. A portfolio project for example. In many scenarios, a Contributor will be a team member, so by default this TV looks for child resources inside your Team page.<\/p>\",\"field\":6,\"settings\":[]}]},\"settings\":[],\"parent\":78}],\"fieldId\":\"contentblocks-field-32\"}},{\"heading\":{\"value\":\"[[%romanesco.patterns.specifications_title]]\",\"fieldId\":\"contentblocks-field-34\"},\"content\":{\"child_layouts\":[{\"layout\":7,\"content\":{\"main\":[{\"value\":\"{\\n    \\\"caption\\\": \\\"Contributors\\\",\\n    \\\"name\\\": \\\"contributors_id\\\",\\n    \\\"description\\\": \\\"Link the team members that worked on this item. You can only select persons that are listed on your Team page, so if you want to add an external team member, you should add him or her to your team page first (can be unpublished).\\\",\\n    \\\"type\\\": \\\"listbox-multiple\\\",\\n    \\\"inputOptionValues\\\": \\\"@CHUNK tvSelectTeam\\\",\\n    \\\"category\\\": \\\"Connections\\\",\\n    \\\"sortOrder\\\": \\\"3\\\",\\n    \\\"templates\\\": [\\n        \\\"@@templates_portfolio\\\"\\n    ]\\n}\",\"lang\":\"json\",\"field\":83,\"settings\":[]}]},\"settings\":[],\"parent\":78}],\"fieldId\":\"contentblocks-field-35\"}},{\"heading\":{\"value\":\"[[%romanesco.patterns.references_title]]\",\"fieldId\":\"contentblocks-field-37\"},\"content\":{\"child_layouts\":[{\"layout\":12,\"content\":{\"col_1\":[{\"value\":\"[[%romanesco.patterns.assigned_templates]]\",\"level\":\"h5\",\"field\":1,\"settings\":[]},{\"chunk_properties\":{},\"field\":85,\"settings\":{\"pattern_list\":\"assignedTemplates\",\"pattern_name\":\"[[+pattern_name]]\"}}],\"col_2\":[{\"value\":\"[[%romanesco.patterns.included_patterns]]\",\"level\":\"h5\",\"field\":1,\"settings\":[]},{\"value\":\"<div class=\\\"ui list\\\">\\n    [[$includedPatternsRow?\\n        &name=`tvSelectTeam`\\n        &category=`174`\\n    ]]\\n<\/div>\",\"lang\":\"html\",\"field\":14,\"settings\":[]},{\"value\":\"[[%romanesco.patterns.referring_patterns]]\",\"level\":\"h5\",\"field\":1,\"settings\":[]},{\"chunk_properties\":{},\"field\":85,\"settings\":{\"pattern_list\":\"referringChunks,referringTemplates\",\"pattern_name\":\"[[+pattern_name]]\"}}]},\"settings\":{\"padding\":\"relaxed\",\"alignment\":\"\",\"divider\":\"divided\"},\"parent\":78}],\"fieldId\":\"contentblocks-field-38\"}}],\"field\":76,\"settings\":{\"layout_type\":\"accordion\",\"accordion_type\":\"fluid styled\",\"padding\":\"padded\",\"tab_type\":\"regular\"}}]},\"settings\":{\"background\":\"white\",\"container_type\":\"\",\"sidebar_width\":\"five\",\"alignment\":\"\",\"pattern_name\":\"contributors_id\",\"pattern_template\":\"patternLayoutElectronTV\"},\"parent\":0,\"title\":\"contributors_id\"}]","linear":[{"rows":[{"heading":{"value":"[[%romanesco.patterns.purpose_title]]","fieldId":"contentblocks-field-3"},"content":{"child_layouts":[{"layout":7,"content":{"main":[{"value":"<p>This TV can be used to connect a person to a MODX user. By doing this, you are basically extending the MODX user with all the available info inside the connected resource. To fetch an image TV as avatar for example, or the available social media channels.\n<\/p><p>Only active users will be shown.\n<\/p>","field":6,"settings":[]}]},"settings":[],"parent":78}],"fieldId":"contentblocks-field-4"}},{"heading":{"value":"[[%romanesco.patterns.specifications_title]]","fieldId":"contentblocks-field-6"},"content":{"child_layouts":[{"layout":7,"content":{"main":[{"value":"{\n    \"caption\": \"Person\",\n    \"name\": \"person_id\",\n    \"description\": \"Connect a MODX user to this item. Only active users will be shown.\",\n    \"type\": \"listbox\",\n    \"inputOptionValues\": \"@SELECT '''' AS username, '''' AS id UNION ALL ( SELECT username, id FROM `modx_users` WHERE `active` = 1 ORDER BY username )\",\n    \"category\": \"Connections\",\n    \"sortOrder\": \"1\"\n}","lang":"json","field":83,"settings":[]}]},"settings":[],"parent":78}],"fieldId":"contentblocks-field-7"}},{"heading":{"value":"[[%romanesco.patterns.references_title]]","fieldId":"contentblocks-field-9"},"content":{"child_layouts":[{"layout":12,"content":{"col_1":[{"value":"[[%romanesco.patterns.assigned_templates]]","level":"h5","field":1,"settings":[]},{"chunk_properties":[],"field":85,"settings":{"pattern_list":"assignedTemplates","pattern_name":"[[+pattern_name]]"}}],"col_2":[{"value":"[[%romanesco.patterns.referring_patterns]]","level":"h5","field":1,"settings":[]},{"chunk_properties":[],"field":85,"settings":{"pattern_list":"referringChunks,referringTemplates","pattern_name":"[[+pattern_name]]"}}]},"settings":{"padding":"relaxed","alignment":"","divider":"divided"},"parent":78}],"fieldId":"contentblocks-field-10"}}],"field":76,"settings":{"layout_type":"accordion","accordion_type":"fluid styled","padding":"padded","tab_type":"regular"}},{"rows":[{"heading":{"value":"[[%romanesco.patterns.purpose_title]]","fieldId":"contentblocks-field-16"},"content":{"child_layouts":[{"layout":7,"content":{"main":[{"value":"<p>Provide the ability to connect an Organization to a template. This can be a client, an employer, a partner, etc. Organizations can be maintained from a central Collection and crosslinked through this TV, allowing you to access things like their logo or website for example.\n<\/p>","field":6,"settings":[]}]},"settings":[],"parent":78}],"fieldId":"contentblocks-field-17"}},{"heading":{"value":"[[%romanesco.patterns.specifications_title]]","fieldId":"contentblocks-field-19"},"content":{"child_layouts":[{"layout":7,"content":{"main":[{"value":"{\n    \"caption\": \"Organization\",\n    \"name\": \"organization_id\",\n    \"description\": \"Connect the related organization(s). If this list is empty, you need to create an Organizations container first and register its ID under System Settings.\",\n    \"type\": \"listbox-multiple\",\n    \"inputOptionValues\": \"@CHUNK tvSelectClient\",\n    \"category\": \"Connections\",\n    \"sortOrder\": \"2\",\n    \"templates\": [\n        \"@@templates_portfolio\"\n    ]\n}","lang":"json","field":83,"settings":[]}]},"settings":[],"parent":78}],"fieldId":"contentblocks-field-20"}},{"heading":{"value":"[[%romanesco.patterns.references_title]]","fieldId":"contentblocks-field-22"},"content":{"child_layouts":[{"layout":12,"content":{"col_1":[{"value":"[[%romanesco.patterns.assigned_templates]]","level":"h5","field":1,"settings":[]},{"chunk_properties":[],"field":85,"settings":{"pattern_list":"assignedTemplates","pattern_name":"[[+pattern_name]]"}}],"col_2":[{"value":"[[%romanesco.patterns.included_patterns]]","level":"h5","field":1,"settings":[]},{"value":"<div class=\"ui list\">\n    [[$includedPatternsRow?\n        &name=`tvSelectClient`\n        &category=`174`\n    ]]\n<\/div>","lang":"html","field":14,"settings":[]},{"value":"[[%romanesco.patterns.referring_patterns]]","level":"h5","field":1,"settings":[]},{"chunk_properties":[],"field":85,"settings":{"pattern_list":"referringChunks,referringTemplates","pattern_name":"[[+pattern_name]]"}}]},"settings":{"padding":"relaxed","alignment":"","divider":"divided"},"parent":78}],"fieldId":"contentblocks-field-23"}}],"field":76,"settings":{"layout_type":"accordion","accordion_type":"fluid styled","padding":"padded","tab_type":"regular"}},{"rows":[{"heading":{"value":"[[%romanesco.patterns.purpose_title]]","fieldId":"contentblocks-field-31"},"content":{"child_layouts":[{"layout":7,"content":{"main":[{"value":"<p>Contributors are persons that helped create the subject of a certain template. A portfolio project for example. In many scenarios, a Contributor will be a team member, so by default this TV looks for child resources inside your Team page.<\/p>","field":6,"settings":[]}]},"settings":[],"parent":78}],"fieldId":"contentblocks-field-32"}},{"heading":{"value":"[[%romanesco.patterns.specifications_title]]","fieldId":"contentblocks-field-34"},"content":{"child_layouts":[{"layout":7,"content":{"main":[{"value":"{\n    \"caption\": \"Contributors\",\n    \"name\": \"contributors_id\",\n    \"description\": \"Link the team members that worked on this item. You can only select persons that are listed on your Team page, so if you want to add an external team member, you should add him or her to your team page first (can be unpublished).\",\n    \"type\": \"listbox-multiple\",\n    \"inputOptionValues\": \"@CHUNK tvSelectTeam\",\n    \"category\": \"Connections\",\n    \"sortOrder\": \"3\",\n    \"templates\": [\n        \"@@templates_portfolio\"\n    ]\n}","lang":"json","field":83,"settings":[]}]},"settings":[],"parent":78}],"fieldId":"contentblocks-field-35"}},{"heading":{"value":"[[%romanesco.patterns.references_title]]","fieldId":"contentblocks-field-37"},"content":{"child_layouts":[{"layout":12,"content":{"col_1":[{"value":"[[%romanesco.patterns.assigned_templates]]","level":"h5","field":1,"settings":[]},{"chunk_properties":[],"field":85,"settings":{"pattern_list":"assignedTemplates","pattern_name":"[[+pattern_name]]"}}],"col_2":[{"value":"[[%romanesco.patterns.included_patterns]]","level":"h5","field":1,"settings":[]},{"value":"<div class=\"ui list\">\n    [[$includedPatternsRow?\n        &name=`tvSelectTeam`\n        &category=`174`\n    ]]\n<\/div>","lang":"html","field":14,"settings":[]},{"value":"[[%romanesco.patterns.referring_patterns]]","level":"h5","field":1,"settings":[]},{"chunk_properties":[],"field":85,"settings":{"pattern_list":"referringChunks,referringTemplates","pattern_name":"[[+pattern_name]]"}}]},"settings":{"padding":"relaxed","alignment":"","divider":"divided"},"parent":78}],"fieldId":"contentblocks-field-38"}}],"field":76,"settings":{"layout_type":"accordion","accordion_type":"fluid styled","padding":"padded","tab_type":"regular"}}],"fieldcounts":{"76":3},"_isContentBlocks":true}}