{"contentblocks":{"content":"[{\"layout\":1,\"content\":{\"main\":[{\"value\":\"[[*pagetitle]]\",\"level\":\"h1\",\"field\":1,\"settings\":{}}]},\"settings\":[],\"parent\":0,\"title\":\"\"},{\"layout\":17,\"content\":{\"preview\":[],\"code\":[],\"info\":[{\"rows\":[{\"heading\":{\"value\":\"[[%romanesco.patterns.purpose_title]]\",\"fieldId\":\"contentblocks-field-2\"},\"content\":{\"child_layouts\":[{\"layout\":7,\"content\":{\"main\":[{\"value\":\"<p>Enables you to maintain a list of backgrounds, for use in various places inside your project. It lets you upload a background image and gives you some control over how the image will appear on the website. Will it look better with white or black text on top of it? And maybe you want to tone it down a little by applying a color mask?<\/p>\",\"field\":6,\"settings\":[]}]},\"settings\":[],\"parent\":78}],\"fieldId\":\"contentblocks-field-3\"}},{\"heading\":{\"value\":\"[[%romanesco.patterns.specifications_title]]\",\"fieldId\":\"contentblocks-field-5\"},\"content\":{\"child_layouts\":[{\"layout\":7,\"content\":{\"main\":[{\"value\":\"{\\n    \\\"caption\\\": \\\"Global background images\\\",\\n    \\\"name\\\": \\\"global_background_img\\\",\\n    \\\"description\\\": \\\"These backgrounds can be applied to CB layouts (under their Settings wheel) and possibly to other elements too.\\\",\\n    \\\"type\\\": \\\"migx\\\",\\n    \\\"category\\\": \\\"Global - Images\\\",\\n    \\\"sortOrder\\\": \\\"1\\\",\\n    \\\"inputProperties\\\": {\\n        \\\"configs\\\": \\\"global_background_images\\\"\\n    },\\n    \\\"templates\\\": [\\n        \\\"GlobalBackgrounds\\\"\\n    ]\\n}\",\"lang\":\"json\",\"field\":83,\"settings\":[]}]},\"settings\":[],\"parent\":78}],\"fieldId\":\"contentblocks-field-6\"}},{\"heading\":{\"value\":\"[[%romanesco.patterns.references_title]]\",\"fieldId\":\"contentblocks-field-8\"},\"content\":{\"child_layouts\":[{\"layout\":12,\"content\":{\"col_1\":[{\"value\":\"[[%romanesco.patterns.assigned_templates]]\",\"level\":\"h5\",\"field\":1,\"settings\":[]},{\"chunk_properties\":{},\"field\":85,\"settings\":{\"pattern_list\":\"assignedTemplates\",\"pattern_name\":\"[[+pattern_name]]\"}}],\"col_2\":[{\"value\":\"[[%romanesco.patterns.referring_patterns]]\",\"level\":\"h5\",\"field\":1,\"settings\":[]},{\"chunk_properties\":{},\"field\":85,\"settings\":{\"pattern_list\":\"referringChunks,referringTemplates\",\"pattern_name\":\"[[+pattern_name]]\"}}]},\"settings\":{\"padding\":\"relaxed\",\"alignment\":\"\",\"divider\":\"divided\"},\"parent\":78}],\"fieldId\":\"contentblocks-field-9\"}}],\"field\":76,\"settings\":{\"layout_type\":\"accordion\",\"accordion_type\":\"fluid styled\",\"padding\":\"padded\",\"tab_type\":\"regular\"}}]},\"settings\":{\"background\":\"white\",\"container_type\":\"\",\"sidebar_width\":\"five\",\"alignment\":\"\",\"pattern_name\":\"global_background_img\",\"pattern_template\":\"patternLayoutElectronTV\"},\"parent\":0,\"title\":\"\"},{\"layout\":17,\"content\":{\"preview\":[],\"code\":[],\"info\":[{\"rows\":[{\"heading\":{\"value\":\"[[%romanesco.patterns.purpose_title]]\",\"fieldId\":\"contentblocks-field-15\"},\"content\":{\"child_layouts\":[{\"layout\":7,\"content\":{\"main\":[{\"value\":\"<p>Lets you select a background from the <a href=\\\"[[~[[*id]]]]#global_background_img\\\">global_background_img<\/a> grid, for use in the header of a page. The background will be stretched out over the full width of the browser window.\\n<\/p><p>The background you select will also be inherited by all child pages by default, meaning you can instantly apply a header background to an entire group of pages. Ideal for quickly adding some design to your project. You can <a href=\\\"pattern-library\/electrons\/headers#header_inheritance\\\">change the inheritance settings<\/a> too by the way, or override a header background for an individual page. This ensures you always end up with the header you want. <br>\\n<\/p>\",\"field\":6,\"settings\":[]}]},\"settings\":[],\"parent\":78}],\"fieldId\":\"contentblocks-field-16\"}},{\"heading\":{\"value\":\"[[%romanesco.patterns.specifications_title]]\",\"fieldId\":\"contentblocks-field-18\"},\"content\":{\"child_layouts\":[{\"layout\":7,\"content\":{\"main\":[{\"value\":\"{\\n    \\\"caption\\\": \\\"Background\\\",\\n    \\\"name\\\": \\\"header_background\\\",\\n    \\\"description\\\": \\\"Select a background for this header. You can define these backgrounds under Content > Global Content > Backgrounds. Will also be inherited by default.\\\",\\n    \\\"type\\\": \\\"listbox\\\",\\n    \\\"category\\\": \\\"Header\\\",\\n    \\\"sortOrder\\\": \\\"10\\\",\\n    \\\"inputOptionValues\\\": \\\"@CHUNK globalBackgroundImgTVOptions\\\",\\n    \\\"defaultValue\\\": \\\"@INHERIT\\\",\\n    \\\"templates\\\": [\\n        \\\"@@templates_all\\\"\\n    ]\\n}\",\"lang\":\"json\",\"field\":83,\"settings\":[]}]},\"settings\":[],\"parent\":78}],\"fieldId\":\"contentblocks-field-19\"}},{\"heading\":{\"value\":\"[[%romanesco.patterns.references_title]]\",\"fieldId\":\"contentblocks-field-21\"},\"content\":{\"child_layouts\":[{\"layout\":12,\"content\":{\"col_1\":[{\"value\":\"[[%romanesco.patterns.assigned_templates]]\",\"level\":\"h5\",\"field\":1,\"settings\":[]},{\"chunk_properties\":{},\"field\":85,\"settings\":{\"pattern_list\":\"assignedTemplates\",\"pattern_name\":\"[[+pattern_name]]\"}}],\"col_2\":[{\"value\":\"[[%romanesco.patterns.included_patterns]]\",\"level\":\"h5\",\"field\":1,\"settings\":[]},{\"value\":\"<div class=\\\"ui list\\\">\\n    [[$includedPatternsRow?\\n        &name=`globalBackgroundImgTVOptions`\\n        &category=`50`\\n    ]]\\n<\/div>\",\"lang\":\"html\",\"field\":14,\"settings\":[]},{\"value\":\"[[%romanesco.patterns.referring_patterns]]\",\"level\":\"h5\",\"field\":1,\"settings\":[]},{\"chunk_properties\":{},\"field\":85,\"settings\":{\"pattern_list\":\"referringChunks,referringTemplates\",\"pattern_name\":\"[[+pattern_name]]\"}}]},\"settings\":{\"padding\":\"relaxed\",\"alignment\":\"\",\"divider\":\"divided\"},\"parent\":78}],\"fieldId\":\"contentblocks-field-22\"}}],\"field\":76,\"settings\":{\"layout_type\":\"accordion\",\"accordion_type\":\"fluid styled\",\"padding\":\"padded\",\"tab_type\":\"regular\"}}]},\"settings\":{\"background\":\"white\",\"container_type\":\"\",\"sidebar_width\":\"five\",\"alignment\":\"\",\"pattern_name\":\"header_background\",\"pattern_template\":\"patternLayoutElectronTV\"},\"parent\":0,\"title\":\"\"}]","linear":[{"value":"[[*pagetitle]]","level":"h1","field":1,"settings":[]},{"rows":[{"heading":{"value":"[[%romanesco.patterns.purpose_title]]","fieldId":"contentblocks-field-2"},"content":{"child_layouts":[{"layout":7,"content":{"main":[{"value":"<p>Enables you to maintain a list of backgrounds, for use in various places inside your project. It lets you upload a background image and gives you some control over how the image will appear on the website. Will it look better with white or black text on top of it? And maybe you want to tone it down a little by applying a color mask?<\/p>","field":6,"settings":[]}]},"settings":[],"parent":78}],"fieldId":"contentblocks-field-3"}},{"heading":{"value":"[[%romanesco.patterns.specifications_title]]","fieldId":"contentblocks-field-5"},"content":{"child_layouts":[{"layout":7,"content":{"main":[{"value":"{\n    \"caption\": \"Global background images\",\n    \"name\": \"global_background_img\",\n    \"description\": \"These backgrounds can be applied to CB layouts (under their Settings wheel) and possibly to other elements too.\",\n    \"type\": \"migx\",\n    \"category\": \"Global - Images\",\n    \"sortOrder\": \"1\",\n    \"inputProperties\": {\n        \"configs\": \"global_background_images\"\n    },\n    \"templates\": [\n        \"GlobalBackgrounds\"\n    ]\n}","lang":"json","field":83,"settings":[]}]},"settings":[],"parent":78}],"fieldId":"contentblocks-field-6"}},{"heading":{"value":"[[%romanesco.patterns.references_title]]","fieldId":"contentblocks-field-8"},"content":{"child_layouts":[{"layout":12,"content":{"col_1":[{"value":"[[%romanesco.patterns.assigned_templates]]","level":"h5","field":1,"settings":[]},{"chunk_properties":[],"field":85,"settings":{"pattern_list":"assignedTemplates","pattern_name":"[[+pattern_name]]"}}],"col_2":[{"value":"[[%romanesco.patterns.referring_patterns]]","level":"h5","field":1,"settings":[]},{"chunk_properties":[],"field":85,"settings":{"pattern_list":"referringChunks,referringTemplates","pattern_name":"[[+pattern_name]]"}}]},"settings":{"padding":"relaxed","alignment":"","divider":"divided"},"parent":78}],"fieldId":"contentblocks-field-9"}}],"field":76,"settings":{"layout_type":"accordion","accordion_type":"fluid styled","padding":"padded","tab_type":"regular"}},{"rows":[{"heading":{"value":"[[%romanesco.patterns.purpose_title]]","fieldId":"contentblocks-field-15"},"content":{"child_layouts":[{"layout":7,"content":{"main":[{"value":"<p>Lets you select a background from the <a href=\"[[~[[*id]]]]#global_background_img\">global_background_img<\/a> grid, for use in the header of a page. The background will be stretched out over the full width of the browser window.\n<\/p><p>The background you select will also be inherited by all child pages by default, meaning you can instantly apply a header background to an entire group of pages. Ideal for quickly adding some design to your project. You can <a href=\"pattern-library\/electrons\/headers#header_inheritance\">change the inheritance settings<\/a> too by the way, or override a header background for an individual page. This ensures you always end up with the header you want. <br>\n<\/p>","field":6,"settings":[]}]},"settings":[],"parent":78}],"fieldId":"contentblocks-field-16"}},{"heading":{"value":"[[%romanesco.patterns.specifications_title]]","fieldId":"contentblocks-field-18"},"content":{"child_layouts":[{"layout":7,"content":{"main":[{"value":"{\n    \"caption\": \"Background\",\n    \"name\": \"header_background\",\n    \"description\": \"Select a background for this header. You can define these backgrounds under Content > Global Content > Backgrounds. Will also be inherited by default.\",\n    \"type\": \"listbox\",\n    \"category\": \"Header\",\n    \"sortOrder\": \"10\",\n    \"inputOptionValues\": \"@CHUNK globalBackgroundImgTVOptions\",\n    \"defaultValue\": \"@INHERIT\",\n    \"templates\": [\n        \"@@templates_all\"\n    ]\n}","lang":"json","field":83,"settings":[]}]},"settings":[],"parent":78}],"fieldId":"contentblocks-field-19"}},{"heading":{"value":"[[%romanesco.patterns.references_title]]","fieldId":"contentblocks-field-21"},"content":{"child_layouts":[{"layout":12,"content":{"col_1":[{"value":"[[%romanesco.patterns.assigned_templates]]","level":"h5","field":1,"settings":[]},{"chunk_properties":[],"field":85,"settings":{"pattern_list":"assignedTemplates","pattern_name":"[[+pattern_name]]"}}],"col_2":[{"value":"[[%romanesco.patterns.included_patterns]]","level":"h5","field":1,"settings":[]},{"value":"<div class=\"ui list\">\n    [[$includedPatternsRow?\n        &name=`globalBackgroundImgTVOptions`\n        &category=`50`\n    ]]\n<\/div>","lang":"html","field":14,"settings":[]},{"value":"[[%romanesco.patterns.referring_patterns]]","level":"h5","field":1,"settings":[]},{"chunk_properties":[],"field":85,"settings":{"pattern_list":"referringChunks,referringTemplates","pattern_name":"[[+pattern_name]]"}}]},"settings":{"padding":"relaxed","alignment":"","divider":"divided"},"parent":78}],"fieldId":"contentblocks-field-22"}}],"field":76,"settings":{"layout_type":"accordion","accordion_type":"fluid styled","padding":"padded","tab_type":"regular"}}],"fieldcounts":{"1":1,"76":2},"_isContentBlocks":true}}