{"contentblocks":{"content":"[{\"layout\":1,\"content\":{\"main\":[{\"value\":\"[[*pagetitle]]\",\"level\":\"h1\",\"field\":1,\"settings\":{}},{\"chunk_properties\":{},\"field\":19,\"settings\":{\"cols\":\"two\",\"show_subtitle\":\"0\",\"show_introtext\":\"1\",\"link_text\":\"Learn more\",\"row_tpl\":\"overviewRowBasicCard\",\"parent\":\"[[*id]]\",\"title_field\":\"menutitle\",\"title_hierarchy\":\"h2\",\"depth\":\"0\",\"limit\":\"99\",\"show_hidden\":\"0\",\"sortby\":\"menuindex\",\"pagination\":\"0\",\"img_type\":\"[[$cbSettingImageType]]\",\"icon_type\":\"svg\",\"padding\":\"regular\",\"de_emphasize\":\"1\"}}]},\"settings\":[],\"parent\":0,\"title\":\"\"}]","linear":[{"value":"[[*pagetitle]]","level":"h1","field":1,"settings":[]},{"chunk_properties":[],"field":19,"settings":{"cols":"two","show_subtitle":"0","show_introtext":"1","link_text":"Learn more","row_tpl":"overviewRowBasicCard","parent":"[[*id]]","title_field":"menutitle","title_hierarchy":"h2","depth":"0","limit":"99","show_hidden":"0","sortby":"menuindex","pagination":"0","img_type":"[[$cbSettingImageType]]","icon_type":"svg","padding":"regular","de_emphasize":"1"}}],"fieldcounts":{"1":1,"19":1},"_isContentBlocks":true}}