{"contentblocks":{"content":"[{\"layout\":1,\"content\":{\"main\":[{\"chunk_properties\":{},\"field\":19,\"settings\":{\"cols\":\"three\",\"row_tpl\":\"overviewRowBasicCard\",\"show_subtitle\":\"1\",\"show_introtext\":\"0\",\"link_text\":\"Learn more\"}}]},\"settings\":[],\"parent\":0,\"title\":\"\"}]","linear":[{"chunk_properties":[],"field":19,"settings":{"cols":"three","row_tpl":"overviewRowBasicCard","show_subtitle":"1","show_introtext":"0","link_text":"Learn more"}}],"fieldcounts":{"19":1},"_isContentBlocks":true}}