<?xml version="1.0" encoding="UTF-8"?>
<model package="romanescobackyard" baseClass="xPDOObject" platform="mysql" defaultEngine="InnoDB" phpdoc-package="romanescobackyard" version="1.1">
    <!-- Timeline -->
    <object class="rmTimeline" table="romanesco_timeline" extends="xPDOSimpleObject">
        <field key="resource_id" dbtype="int" precision="11" attributes="unsigned" phptype="integer" null="false" default="" />
        <field key="title" dbtype="varchar" precision="190" phptype="string" null="false" default="" />
        <field key="description" dbtype="text" phptype="string" null="false" default="" />
        <field key="content" dbtype="text" phptype="string" null="false" default="" />
        <field key="createdon" dbtype="int" precision="20" phptype="timestamp" null="false" default="" />
        <field key="createdby" dbtype="int" precision="10" phptype="integer" null="false" default="" />
        <field key="deleted" dbtype="tinyint" precision="1" attributes="unsigned" phptype="boolean" null="false" default="0" />

        <field key="type" dbtype="varchar" precision="190" phptype="string" null="true" default="" />
        <field key="date" dbtype="datetime" phptype="datetime" null="true" />
        <field key="icon" dbtype="varchar" precision="255" phptype="string" null="false" default="" />

        <alias key="author_id" field="createdby" />
        
        <index alias="type" name="type" primary="false" unique="false" type="BTREE">
            <column key="type" length="" collation="A" null="false" />
        </index>

        <aggregate alias="Resource" class="modResource" local="resource_id" foreign="id" cardinality="one" owner="foreign" />
        <aggregate alias="Author" class="modUser" local="author_id" foreign="id" cardinality="one" owner="foreign" />
    </object>
    <!-- Notes -->
    <object class="rmNote" table="romanesco_notes" extends="xPDOSimpleObject">
        <field key="resource_id" dbtype="int" precision="11" attributes="unsigned" phptype="integer" null="false" default="" />
        <field key="title" dbtype="varchar" precision="190" phptype="string" null="false" default="" />
        <field key="content" dbtype="text" phptype="string" null="true" />
        <field key="createdon" dbtype="int" precision="20" phptype="timestamp" null="false" default="" />
        <field key="createdby" dbtype="int" precision="10" phptype="integer" null="false" default="" />
        <field key="deleted" dbtype="tinyint" precision="1" attributes="unsigned" phptype="boolean" null="false" default="0" />

        <field key="type" dbtype="varchar" precision="190" phptype="string" null="true" default="" />
        <field key="tags" dbtype="text" phptype="string" null="false" default="" />

        <alias key="author_id" field="createdby" />

        <index alias="type" name="type" primary="false" unique="false" type="BTREE">
            <column key="type" length="" collation="A" null="false" />
        </index>

        <aggregate alias="Resource" class="modResource" local="resource_id" foreign="id" cardinality="one" owner="foreign" />
        <aggregate alias="Author" class="modUser" local="author_id" foreign="id" cardinality="one" owner="foreign" />
    </object>
    <!-- Crosslinks -->
    <object class="rmCrosslink" table="romanesco_crosslinks" extends="xPDOSimpleObject">
        <field key="source" dbtype="int" precision="11" attributes="unsigned" phptype="integer" null="true" default="" />
        <field key="destination" dbtype="int" precision="11" attributes="unsigned" phptype="integer" null="true" default="" />
        <field key="title" dbtype="varchar" precision="190" phptype="string" null="false" default="" />
        <field key="description" dbtype="text" phptype="string" null="false" default="" />
        <field key="createdon" dbtype="int" precision="20" phptype="timestamp" null="false" default="" />
        <field key="createdby" dbtype="int" precision="10" phptype="integer" null="false" default="" />
        <field key="deleted" dbtype="tinyint" precision="1" attributes="unsigned" phptype="boolean" null="false" default="0" />

        <alias key="author_id" field="createdby" />

        <aggregate alias="Author" class="modUser" local="author_id" foreign="id" cardinality="one" owner="foreign" />
    </object>
    <!-- Options -->
    <object class="rmOption" table="romanesco_options" extends="xPDOSimpleObject">
        <field key="name" dbtype="varchar" precision="190" phptype="string" null="false" default="" />
        <field key="description" dbtype="text" phptype="string" null="false" default="" />
        <field key="alias" dbtype="varchar" precision="190" phptype="string" null="false" default="" />
        <field key="group" dbtype="int" precision="10" attributes="unsigned" phptype="integer" null="true" />
        <field key="key" dbtype="varchar" precision="190" phptype="string" null="true" default="" />
        <field key="position" dbtype="int" precision="10" phptype="integer" null="false" default="0" />
        <field key="deleted" dbtype="tinyint" precision="1" attributes="unsigned" phptype="boolean" null="false" default="0" />

        <alias key="parent" field="group" />

        <index alias="key" name="key" primary="false" unique="false" type="BTREE">
            <column key="key" length="" collation="A" null="false" />
        </index>
        <index alias="position" name="position" primary="false" unique="false" type="BTREE">
            <column key="position" length="" collation="A" null="false" />
        </index>

        <aggregate alias="Group" class="rmOptionGroup" local="key" foreign="key" cardinality="one" owner="foreign" />
    </object>
    <!-- Option groups -->
    <object class="rmOptionGroup" table="romanesco_option_groups" extends="xPDOSimpleObject">
        <field key="name" dbtype="varchar" precision="190" phptype="string" null="false" />
        <field key="description" dbtype="text" phptype="string" null="false" />
        <field key="key" dbtype="varchar" precision="190" phptype="string" null="true" default="" />
        <field key="position" dbtype="int" precision="10" phptype="integer" null="false" default="0" />
        <field key="deleted" dbtype="tinyint" precision="1" attributes="unsigned" phptype="boolean" null="false" default="0" />

        <index alias="position" name="position" primary="false" unique="false" type="BTREE">
            <column key="position" length="" collation="A" null="false" />
        </index>

        <composite alias="Options" class="rmOption" local="key" foreign="key" cardinality="many" owner="local" />
    </object>

    <!-- More specific tables, based on the classes above -->
    <!-- Ideally they would be extended, but I couldn't make that happen yet -->
    <object class="rmTimelineProject" table="romanesco_timeline_project" extends="xPDOSimpleObject">
        <field key="resource_id" dbtype="int" precision="11" attributes="unsigned" phptype="integer" null="false" default="" />
        <field key="title" dbtype="varchar" precision="190" phptype="string" null="false" default="" />
        <field key="description" dbtype="text" phptype="string" null="false"  default="" />
        <field key="content" dbtype="text" phptype="string" null="false" default="" />
        <field key="createdon" dbtype="int" precision="20" phptype="timestamp" null="false" default="" />
        <field key="createdby" dbtype="int" precision="10" phptype="integer" null="false" default="" />
        <field key="deleted" dbtype="tinyint" precision="1" attributes="unsigned" phptype="boolean" null="false" default="0" />

        <field key="type" dbtype="varchar" precision="190" phptype="string" null="true" default="project-hub" />
        <field key="date" dbtype="datetime" phptype="datetime" null="true" />
        <field key="icon" dbtype="varchar" precision="255" phptype="string" null="false" default="" />

        <!-- Additional fields -->
        <field key="user_id" dbtype="int" precision="10" phptype="integer" null="true" default="" />
        <field key="complexity" dbtype="int" precision="10" phptype="integer" null="true" default="" />
        <field key="attachments" dbtype="text" phptype="string" null="false" default="" />
        <field key="links" dbtype="text" phptype="string" null="false" default="" />

        <!-- Aliases and indices -->
        <alias key="author_id" field="createdby" />
        <alias key="assigned_to" field="user_id" />

        <index alias="type" name="type" primary="false" unique="false" type="BTREE">
            <column key="type" length="" collation="A" null="false" />
        </index>

        <aggregate alias="Resource" class="modResource" local="resource_id" foreign="id" cardinality="one" owner="foreign" />
        <aggregate alias="Author" class="modUser" local="author_id" foreign="id" cardinality="one" owner="foreign" />
        <aggregate alias="User" class="modUser" local="user_id" foreign="id" cardinality="one" owner="foreign" />
    </object>
    <object class="rmNoteImprovement" table="romanesco_notes_improvement" extends="xPDOSimpleObject">
        <field key="resource_id" dbtype="int" precision="11" attributes="unsigned" phptype="integer" null="false" default="" />
        <field key="title" dbtype="varchar" precision="190" phptype="string" null="false" default="" />
        <field key="content" dbtype="text" phptype="string" null="true" />
        <field key="createdon" dbtype="int" precision="20" phptype="timestamp" null="false" default="" />
        <field key="createdby" dbtype="int" precision="10" phptype="integer" null="false" default="" />
        <field key="deleted" dbtype="tinyint" precision="1" attributes="unsigned" phptype="boolean" null="false" default="0" />

        <field key="type" dbtype="varchar" precision="190" phptype="string" null="true" default="improvement" />
        <field key="tags" dbtype="text" phptype="string" null="false" default="" />

        <!-- Additional fields -->
        <field key="user_id" dbtype="int" precision="10" phptype="integer" null="true" default="" />
        <field key="status" dbtype="int" precision="10" phptype="integer" null="true" default="" />
        <field key="priority" dbtype="int" precision="10" phptype="integer" null="true" default="" />
        <field key="complexity" dbtype="int" precision="10" phptype="integer" null="true" default="" />
        <field key="attachments" dbtype="text" phptype="string" null="false" default="" />
        <field key="links" dbtype="text" phptype="string" null="false" default="" />

        <!-- Aliases and indices -->
        <alias key="author_id" field="createdby" />
        <alias key="improvements" field="tags" />
        <alias key="assigned_to" field="user_id" />

        <aggregate alias="Resource" class="modResource" local="resource_id" foreign="id" cardinality="one" owner="foreign" />
        <aggregate alias="Author" class="modUser" local="author_id" foreign="id" cardinality="one" owner="foreign" />
        <aggregate alias="User" class="modUser" local="user_id" foreign="id" cardinality="one" owner="foreign" />
    </object>
    <object class="rmNoteIssue" table="romanesco_notes_issue" extends="xPDOSimpleObject">
        <field key="resource_id" dbtype="int" precision="11" attributes="unsigned" phptype="integer" null="false" default="" />
        <field key="title" dbtype="varchar" precision="190" phptype="string" null="false" default="" />
        <field key="content" dbtype="text" phptype="string" null="true" />
        <field key="createdon" dbtype="int" precision="20" phptype="timestamp" null="false" default="" />
        <field key="createdby" dbtype="int" precision="10" phptype="integer" null="false" default="" />
        <field key="deleted" dbtype="tinyint" precision="1" attributes="unsigned" phptype="boolean" null="false" default="0" />

        <field key="type" dbtype="varchar" precision="190" phptype="string" null="true" default="improvement" />
        <field key="tags" dbtype="text" phptype="string" null="false" default="" />

        <!-- Additional fields -->
        <field key="user_id" dbtype="int" precision="10" phptype="integer" null="true" default="" />
        <field key="status" dbtype="int" precision="10" phptype="integer" null="true" default="" />
        <field key="priority" dbtype="int" precision="10" phptype="integer" null="true" default="" />
        <field key="complexity" dbtype="int" precision="10" phptype="integer" null="true" default="" />
        <field key="attachments" dbtype="text" phptype="string" null="false" default="" />
        <field key="links" dbtype="text" phptype="string" null="false" default="" />

        <!-- Aliases and indices -->
        <alias key="author_id" field="createdby" />
        <alias key="issues" field="tags" />
        <alias key="assigned_to" field="user_id" />

        <aggregate alias="Resource" class="modResource" local="resource_id" foreign="id" cardinality="one" owner="foreign" />
        <aggregate alias="Author" class="modUser" local="author_id" foreign="id" cardinality="one" owner="foreign" />
        <aggregate alias="User" class="modUser" local="user_id" foreign="id" cardinality="one" owner="foreign" />
    </object>
    <object class="rmCrosslinkRepurpose" table="romanesco_crosslinks_repurpose" extends="xPDOSimpleObject">
        <field key="source" dbtype="int" precision="11" attributes="unsigned" phptype="integer" null="true" default="" />
        <field key="destination" dbtype="int" precision="11" attributes="unsigned" phptype="integer" null="true" default="" />
        <field key="title" dbtype="varchar" precision="190" phptype="string" null="false" default="" />
        <field key="description" dbtype="text" phptype="string" null="false" default="" />
        <field key="createdon" dbtype="int" precision="20" phptype="timestamp" null="false" default="" />
        <field key="createdby" dbtype="int" precision="10" phptype="integer" null="false" default="" />
        <field key="deleted" dbtype="tinyint" precision="1" attributes="unsigned" phptype="boolean" null="false" default="0" />

        <!-- Additional fields -->
        <field key="purpose" dbtype="varchar" precision="255" phptype="string" null="false" default="" />
        <field key="theme" dbtype="varchar" precision="255" phptype="string" null="false" default="" />
        <field key="topics" dbtype="text" phptype="string" null="false" default="" />

        <!-- Aliases and indices -->
        <alias key="author_id" field="createdby" />

        <aggregate alias="Source" class="modResource" local="source" foreign="id" cardinality="one" owner="foreign" />
        <aggregate alias="Destination" class="modResource" local="destination" foreign="id" cardinality="one" owner="foreign" />
        <aggregate alias="Author" class="modUser" local="author_id" foreign="id" cardinality="one" owner="foreign" />
    </object>
    <object class="rmCrosslinkRelated" table="romanesco_crosslinks_related" extends="xPDOSimpleObject">
        <field key="source" dbtype="int" precision="11" attributes="unsigned" phptype="integer" null="true" default="" />
        <field key="destination" dbtype="int" precision="11" attributes="unsigned" phptype="integer" null="true" default="" />
        <field key="title" dbtype="varchar" precision="190" phptype="string" null="false" default="" />
        <field key="description" dbtype="text" phptype="string" null="false" default="" />
        <field key="createdon" dbtype="int" precision="20" phptype="timestamp" null="false" default="" />
        <field key="createdby" dbtype="int" precision="10" phptype="integer" null="false" default="" />
        <field key="deleted" dbtype="tinyint" precision="1" attributes="unsigned" phptype="boolean" null="false" default="0" />

        <!-- Additional fields -->
        <field key="crosslink_id" dbtype="int" precision="11" attributes="unsigned" phptype="integer" null="true" default="" />
        <field key="weight" dbtype="int" precision="10" phptype="integer" null="false" default="" />

        <!-- Aliases and indices -->
        <alias key="author_id" field="createdby" />
        <alias key="resource_id" field="source" />

        <index alias="crosslink" name="crosslink" primary="false" unique="true" type="BTREE">
            <column key="source" length="" collation="A" null="false" />
            <column key="destination" length="" collation="A" null="false" />
        </index>

        <aggregate alias="Source" class="modResource" local="source" foreign="id" cardinality="one" owner="foreign" />
        <aggregate alias="Destination" class="modResource" local="destination" foreign="id" cardinality="one" owner="foreign" />
        <composite alias="Crosslink" class="rmCrosslinkRelated" local="id" foreign="crosslink_id" cardinality="one" owner="local" />
        <composite alias="Crosslink" class="rmCrosslinkRelated" local="crosslink_id" foreign="id" cardinality="one" owner="local" />
        <aggregate alias="Author" class="modUser" local="author_id" foreign="id" cardinality="one" owner="foreign" />
    </object>

    <!-- Extended classes, based on the classes above -->
    <!-- Doesn't fully work yet, so shelved for future attempts
    <object class="rmTimelineProject" table="romanesco_timeline_project" extends="rmTimeline">
        <field key="type" dbtype="varchar" precision="190" phptype="string" null="true" default="project-hub" />
        <field key="user_id" dbtype="int" precision="10" phptype="integer" null="true" default="" />
        <field key="complexity" dbtype="int" precision="10" phptype="integer" null="true" default="" />
        <field key="attachments" dbtype="text" phptype="string" null="false" default="" />
        <field key="links" dbtype="text" phptype="string" null="false" default="" />
        <alias key="assigned_to" field="user_id" />
    </object>
    <object class="rmNoteImprovement" table="romanesco_notes_improvement" extends="rmNote">
        <field key="type" dbtype="varchar" precision="190" phptype="string" null="true" default="improvement" />
        <field key="status" dbtype="int" precision="10" phptype="integer" null="true" default="" />
        <field key="priority" dbtype="int" precision="10" phptype="integer" null="true" default="" />
        <field key="complexity" dbtype="int" precision="10" phptype="integer" null="true" default="" />
        <field key="attachments" dbtype="text" phptype="string" null="false" default="" />
        <field key="links" dbtype="text" phptype="string" null="false" default="" />
        <alias key="improvements" field="tags" />
    </object>
    <object class="rmNoteIssue" table="romanesco_notes_issue" extends="rmNote">
        <field key="type" dbtype="varchar" precision="190" phptype="string" null="true" default="issue" />
        <field key="status" dbtype="int" precision="10" phptype="integer" null="true" default="" />
        <field key="priority" dbtype="int" precision="10" phptype="integer" null="true" default="" />
        <field key="complexity" dbtype="int" precision="10" phptype="integer" null="true" default="" />
        <field key="attachments" dbtype="text" phptype="string" null="false" default="" />
        <field key="links" dbtype="text" phptype="string" null="false" default="" />
        <alias key="issues" field="tags" />
    </object>
    <object class="rmCrosslinkRepurpose" table="romanesco_crosslinks_repurpose" extends="rmCrosslink" inherit="single">
        <field key="purpose" dbtype="varchar" precision="255" phptype="string" null="false" default="" />
        <field key="theme" dbtype="varchar" precision="255" phptype="string" null="false" default="" />
        <field key="topics" dbtype="text" phptype="string" null="false" default="" />
    </object>
    <object class="rmOptionProgress" table="romanesco_options_progress" extends="rmOption">
        <field key="key" dbtype="varchar" precision="190" phptype="string" null="true" default="status_progress" />
    </object>
    <object class="rmOptionHealth" table="romanesco_options_health" extends="rmOption">
        <field key="key" dbtype="varchar" precision="190" phptype="string" null="true" default="status_health" />
    </object>
    <object class="rmOptionImprovement" table="romanesco_options_improvement" extends="rmOption">
        <field key="key" dbtype="varchar" precision="190" phptype="string" null="true" default="status_improvement" />
    </object>
    <object class="rmOptionIssue" table="romanesco_options_issue" extends="rmOption">
        <field key="key" dbtype="varchar" precision="190" phptype="string" null="true" default="status_issue" />
    </object>
    <object class="rmOptionPurpose" table="romanesco_options_purpose" extends="rmOption">
        <field key="key" dbtype="varchar" precision="190" phptype="string" null="true" default="content_purpose" />
    </object>
    <object class="rmOptionPurpose" table="romanesco_options_priority" extends="rmOption">
        <field key="key" dbtype="varchar" precision="190" phptype="string" null="true" default="content_priority" />
    </object>
    -->
</model>