{"contentblocks":{"content":"[{\"layout\":17,\"content\":{\"preview\":[{\"value\":1,\"field\":5,\"settings\":{}}],\"code\":[{\"value\":\"[[Rowboat?\\n    &table=`modx_contentblocks_field`\\n    &tpl=`displayRawTemplate`\\n    &where=`{\\\"name\\\":\\\"[[+pattern_name]]\\\",\\\"parent\\\":\\\"0\\\"}`\\n]]\",\"lang\":\"html\",\"field\":86,\"settings\":{\"label\":\"[[%romanesco.patterns.template_label]]\"}}],\"info\":[{\"rows\":[{\"heading\":{\"value\":\"[[%romanesco.patterns.purpose_title]]\",\"fieldId\":\"contentblocks-field-131\"},\"content\":{\"child_layouts\":[{\"layout\":7,\"content\":{\"main\":[{\"value\":\"<p>[[+[[+cf]].description]]<\/p>\",\"field\":6,\"settings\":[]}]},\"settings\":[],\"parent\":78}],\"fieldId\":\"contentblocks-field-132\"}},{\"heading\":{\"value\":\"[[%romanesco.patterns.usage_title]]\",\"fieldId\":\"contentblocks-field-134\"},\"content\":{\"child_layouts\":[{\"layout\":7,\"content\":{\"main\":[{\"value\":\"\",\"field\":6,\"settings\":[]}]},\"settings\":[],\"parent\":78}],\"fieldId\":\"contentblocks-field-135\"}},{\"heading\":{\"value\":\"[[%romanesco.patterns.settings_title]]\",\"fieldId\":\"contentblocks-field-137\"},\"content\":{\"child_layouts\":[{\"layout\":7,\"content\":{\"main\":[{\"value\":\"[[+[[+cf]].settings_json]]\",\"lang\":\"json\",\"field\":83,\"settings\":[]}]},\"settings\":[],\"parent\":78}],\"fieldId\":\"contentblocks-field-138\"}},{\"heading\":{\"value\":\"[[%romanesco.patterns.references_title]]\",\"fieldId\":\"contentblocks-field-140\"},\"content\":{\"child_layouts\":[{\"layout\":12,\"content\":{\"col_1\":[{\"value\":\"[[%romanesco.patterns.included_patterns]]\",\"level\":\"h5\",\"field\":1,\"settings\":[]},{\"chunk_properties\":{},\"field\":84,\"settings\":{\"pattern_name\":\"[[+pattern_name]]\"}}],\"col_2\":[{\"value\":\"[[%romanesco.patterns.referring_pages]]\",\"level\":\"h5\",\"field\":1,\"settings\":[]},{\"chunk_properties\":{},\"field\":85,\"settings\":{\"pattern_list\":\"referringPatterns\",\"pattern_template\":\"[[+pattern_template]]\",\"pattern_name\":\"[[+pattern_name]]\"}}]},\"settings\":{\"padding\":\"relaxed\",\"alignment\":\"\",\"divider\":\"divided\"},\"parent\":78}],\"fieldId\":\"contentblocks-field-141\"}}],\"field\":76,\"settings\":{\"layout_type\":\"tabs\",\"accordion_type\":\"\",\"tab_type\":\"regular\",\"padding\":\"padded\"}}]},\"settings\":{\"background\":\"white\",\"container_type\":\"\",\"sidebar_width\":\"six\",\"alignment\":\"\",\"pattern_name\":\"Divider\",\"pattern_template\":\"patternLayoutBosonField\"},\"parent\":0,\"title\":\"\"},{\"layout\":17,\"content\":{\"preview\":[{\"value\":1,\"field\":45,\"settings\":{\"divider_text\":\"Settings\",\"divider_icon_class\":\"\"}},{\"value\":1,\"field\":45,\"settings\":{\"divider_text\":\"\",\"divider_icon_class\":\"setting icon\"}}],\"code\":[{\"value\":\"[[Rowboat?\\n    &table=`modx_contentblocks_field`\\n    &tpl=`displayRawTemplate`\\n    &where=`{\\\"name\\\":\\\"[[+pattern_name]]\\\",\\\"parent\\\":\\\"0\\\"}`\\n]]\",\"lang\":\"html\",\"field\":86,\"settings\":{\"label\":\"[[%romanesco.patterns.template_label]]\"}}],\"info\":[{\"rows\":[{\"heading\":{\"value\":\"[[%romanesco.patterns.purpose_title]]\",\"fieldId\":\"contentblocks-field-113\"},\"content\":{\"child_layouts\":[{\"layout\":7,\"content\":{\"main\":[{\"value\":\"<p>[[+[[+cf]].description]]<\/p>\",\"field\":6,\"settings\":[]}]},\"settings\":[],\"parent\":78}],\"fieldId\":\"contentblocks-field-114\"}},{\"heading\":{\"value\":\"[[%romanesco.patterns.usage_title]]\",\"fieldId\":\"contentblocks-field-116\"},\"content\":{\"child_layouts\":[{\"layout\":7,\"content\":{\"main\":[{\"value\":\"\",\"field\":6,\"settings\":[]}]},\"settings\":[],\"parent\":78}],\"fieldId\":\"contentblocks-field-117\"}},{\"heading\":{\"value\":\"[[%romanesco.patterns.settings_title]]\",\"fieldId\":\"contentblocks-field-119\"},\"content\":{\"child_layouts\":[{\"layout\":7,\"content\":{\"main\":[{\"value\":\"[[+[[+cf]].settings_json]]\",\"lang\":\"json\",\"field\":83,\"settings\":[]}]},\"settings\":[],\"parent\":78}],\"fieldId\":\"contentblocks-field-120\"}},{\"heading\":{\"value\":\"[[%romanesco.patterns.references_title]]\",\"fieldId\":\"contentblocks-field-122\"},\"content\":{\"child_layouts\":[{\"layout\":12,\"content\":{\"col_1\":[{\"value\":\"[[%romanesco.patterns.included_patterns]]\",\"level\":\"h5\",\"field\":1,\"settings\":[]},{\"chunk_properties\":{},\"field\":84,\"settings\":{\"pattern_name\":\"[[+pattern_name]]\"}}],\"col_2\":[{\"value\":\"[[%romanesco.patterns.referring_pages]]\",\"level\":\"h5\",\"field\":1,\"settings\":[]},{\"chunk_properties\":{},\"field\":85,\"settings\":{\"pattern_list\":\"referringPatterns\",\"pattern_template\":\"[[+pattern_template]]\",\"pattern_name\":\"[[+pattern_name]]\"}}]},\"settings\":{\"padding\":\"relaxed\",\"alignment\":\"\",\"divider\":\"divided\"},\"parent\":78}],\"fieldId\":\"contentblocks-field-123\"}}],\"field\":76,\"settings\":{\"layout_type\":\"tabs\",\"accordion_type\":\"\",\"tab_type\":\"regular\",\"padding\":\"padded\"}}]},\"settings\":{\"background\":\"white\",\"container_type\":\"\",\"sidebar_width\":\"six\",\"alignment\":\"\",\"pattern_name\":\"Divider (with Heading)\",\"pattern_template\":\"patternLayoutBosonField\"},\"parent\":0,\"title\":\"\"},{\"layout\":17,\"content\":{\"preview\":[{\"value\":[[null,null,null,null],[null,null,null,null],[null,null,null,null]],\"field\":3,\"settings\":{}}],\"code\":[{\"value\":\"[[Rowboat?\\n    &table=`modx_contentblocks_field`\\n    &tpl=`displayRawTemplate`\\n    &where=`{\\\"name\\\":\\\"[[+pattern_name]]\\\",\\\"parent\\\":\\\"0\\\"}`\\n]]\",\"lang\":\"html\",\"field\":86,\"settings\":{\"label\":\"[[%romanesco.patterns.template_label]]\"}},{\"value\":\"[[+[[+cf]].wrapper_template]]\",\"lang\":\"html\",\"field\":86,\"settings\":{\"label\":\"[[%romanesco.patterns.template_wrapper_label]]\"}}],\"info\":[{\"rows\":[{\"heading\":{\"value\":\"[[%romanesco.patterns.purpose_title]]\",\"fieldId\":\"contentblocks-field-95\"},\"content\":{\"child_layouts\":[{\"layout\":7,\"content\":{\"main\":[{\"value\":\"<p>[[+[[+cf]].description]]<\/p>\",\"field\":6,\"settings\":[]}]},\"settings\":[],\"parent\":78}],\"fieldId\":\"contentblocks-field-96\"}},{\"heading\":{\"value\":\"[[%romanesco.patterns.usage_title]]\",\"fieldId\":\"contentblocks-field-98\"},\"content\":{\"child_layouts\":[{\"layout\":7,\"content\":{\"main\":[{\"value\":\"\",\"field\":6,\"settings\":[]}]},\"settings\":[],\"parent\":78}],\"fieldId\":\"contentblocks-field-99\"}},{\"heading\":{\"value\":\"[[%romanesco.patterns.settings_title]]\",\"fieldId\":\"contentblocks-field-101\"},\"content\":{\"child_layouts\":[{\"layout\":7,\"content\":{\"main\":[{\"value\":\"[[+[[+cf]].settings_json]]\",\"lang\":\"json\",\"field\":83,\"settings\":[]}]},\"settings\":[],\"parent\":78}],\"fieldId\":\"contentblocks-field-102\"}},{\"heading\":{\"value\":\"[[%romanesco.patterns.references_title]]\",\"fieldId\":\"contentblocks-field-104\"},\"content\":{\"child_layouts\":[{\"layout\":12,\"content\":{\"col_1\":[{\"value\":\"[[%romanesco.patterns.included_patterns]]\",\"level\":\"h5\",\"field\":1,\"settings\":[]},{\"chunk_properties\":{},\"field\":84,\"settings\":{\"pattern_name\":\"[[+pattern_name]]\"}}],\"col_2\":[{\"value\":\"[[%romanesco.patterns.referring_pages]]\",\"level\":\"h5\",\"field\":1,\"settings\":[]},{\"chunk_properties\":{},\"field\":85,\"settings\":{\"pattern_list\":\"referringPatterns\",\"pattern_template\":\"[[+pattern_template]]\",\"pattern_name\":\"[[+pattern_name]]\"}}]},\"settings\":{\"padding\":\"relaxed\",\"alignment\":\"\",\"divider\":\"divided\"},\"parent\":78}],\"fieldId\":\"contentblocks-field-105\"}}],\"field\":76,\"settings\":{\"layout_type\":\"tabs\",\"accordion_type\":\"\",\"tab_type\":\"regular\",\"padding\":\"padded\"}}]},\"settings\":{\"background\":\"white\",\"container_type\":\"\",\"sidebar_width\":\"six\",\"alignment\":\"\",\"pattern_name\":\"Table\",\"pattern_template\":\"patternLayoutBosonField\",\"pattern_status\":\"yellow\"},\"parent\":0,\"title\":\"\"},{\"layout\":17,\"content\":{\"preview\":[{\"rows\":[{\"heading\":{\"value\":\"Why have we tried so hard to find the Higgs particle?\",\"fieldId\":\"contentblocks-field-152\"},\"content\":{\"value\":\"<p>Because it could be the answer to the question: how does Nature decide whether or not to assign mass to particles?<\/p>\",\"fieldId\":\"contentblocks-field-153\"}},{\"heading\":{\"value\":\"Why is it called the 'God particle'?\",\"fieldId\":\"contentblocks-field-156\"},\"content\":{\"value\":\"<p>The term was coined for Leon Lederman's popular science book on particle physics: 'The God Particle: If the Universe Is the Answer, What Is the Question?'\\n<\/p>\",\"fieldId\":\"contentblocks-field-157\"}},{\"heading\":{\"value\":\"How does the Higgs mechanism work?\",\"fieldId\":\"contentblocks-field-160\"},\"content\":{\"value\":\"<p>According to the Englert-Brout-Higgs mechanism, the property that we measure as the 'mass' of a particle is the result of a constant interaction with a field that permeates the Universe like a sort of 'ether'. The existence of this Englert-Brout-Higgs field is definitively proven by the discovery of the corresponding quantum particle - the Higgs boson.\\n<\/p>\\n<p><em>These text clippings are only meant for filling the example. You can read the full FAQ on the Higgs particle <a href=\\\"http:\/\/cds.cern.ch\/journal\/CERNBulletin\/2012\/29\/News%20Articles\/1459456?ln=en\\\" target=\\\"_blank\\\">here<\/a>. Nerd <i class=\\\"fitted smile icon\\\"><\/i><i class=\\\"fitted hand spock icon\\\"><\/i><\/em>\\n<\/p>\",\"fieldId\":\"contentblocks-field-161\"}}],\"field\":23,\"settings\":{}}],\"code\":[{\"value\":\"[[Rowboat?\\n    &table=`modx_contentblocks_field`\\n    &tpl=`displayRawTemplate`\\n    &where=`{\\\"name\\\":\\\"[[+pattern_name]]\\\",\\\"parent\\\":\\\"0\\\"}`\\n]]\",\"lang\":\"html\",\"field\":86,\"settings\":{\"label\":\"[[%romanesco.patterns.template_label]]\"}},{\"value\":\"[[+[[+cf]].wrapper_template]]\",\"lang\":\"html\",\"field\":86,\"settings\":{\"label\":\"[[%romanesco.patterns.template_wrapper_label]]\"}}],\"info\":[{\"rows\":[{\"heading\":{\"value\":\"[[%romanesco.patterns.purpose_title]]\",\"fieldId\":\"contentblocks-field-77\"},\"content\":{\"child_layouts\":[{\"layout\":7,\"content\":{\"main\":[{\"value\":\"<p>[[+[[+cf]].description]]<\/p>\",\"field\":6,\"settings\":[]}]},\"settings\":[],\"parent\":78}],\"fieldId\":\"contentblocks-field-78\"}},{\"heading\":{\"value\":\"[[%romanesco.patterns.usage_title]]\",\"fieldId\":\"contentblocks-field-80\"},\"content\":{\"child_layouts\":[{\"layout\":7,\"content\":{\"main\":[{\"value\":\"\",\"field\":6,\"settings\":[]}]},\"settings\":[],\"parent\":78}],\"fieldId\":\"contentblocks-field-81\"}},{\"heading\":{\"value\":\"[[%romanesco.patterns.settings_title]]\",\"fieldId\":\"contentblocks-field-83\"},\"content\":{\"child_layouts\":[{\"layout\":7,\"content\":{\"main\":[{\"value\":\"[[+[[+cf]].settings_json]]\",\"lang\":\"json\",\"field\":83,\"settings\":[]}]},\"settings\":[],\"parent\":78}],\"fieldId\":\"contentblocks-field-84\"}},{\"heading\":{\"value\":\"[[%romanesco.patterns.references_title]]\",\"fieldId\":\"contentblocks-field-86\"},\"content\":{\"child_layouts\":[{\"layout\":12,\"content\":{\"col_1\":[{\"value\":\"[[%romanesco.patterns.included_patterns]]\",\"level\":\"h5\",\"field\":1,\"settings\":[]},{\"chunk_properties\":{},\"field\":84,\"settings\":{\"pattern_name\":\"[[+pattern_name]]\"}}],\"col_2\":[{\"value\":\"[[%romanesco.patterns.referring_pages]]\",\"level\":\"h5\",\"field\":1,\"settings\":[]},{\"chunk_properties\":{},\"field\":85,\"settings\":{\"pattern_list\":\"referringPatterns\",\"pattern_template\":\"[[+pattern_template]]\",\"pattern_name\":\"[[+pattern_name]]\"}}]},\"settings\":{\"padding\":\"relaxed\",\"alignment\":\"\",\"divider\":\"divided\"},\"parent\":78}],\"fieldId\":\"contentblocks-field-87\"}}],\"field\":76,\"settings\":{\"layout_type\":\"tabs\",\"accordion_type\":\"\",\"tab_type\":\"regular\",\"padding\":\"padded\"}}]},\"settings\":{\"background\":\"white\",\"container_type\":\"\",\"sidebar_width\":\"eight\",\"alignment\":\"\",\"pattern_name\":\"Accordion \/ Tabs (Text)\",\"pattern_template\":\"patternLayoutBosonField\"},\"parent\":0,\"title\":\"\"},{\"layout\":17,\"content\":{\"preview\":[{\"rows\":[{\"heading\":{\"value\":\"Intro\",\"fieldId\":\"contentblocks-field-163\"},\"content\":{\"child_layouts\":[{\"layout\":7,\"content\":{\"main\":[{\"value\":\"<p>In 1964 independently and almost simultaneously, The theory of the Higgs field was proposed by three groups of physicists: Francois Englert and Robert Brout, Peter Higgs, and Gerald Guralnik, C. R. Hagen, and Tom Kibble. However, Peter Higgs was the only one of these who pointed out explicitly the existence of the particle that bears his name and calculated some of its properties.<\/p>\",\"field\":6,\"settings\":{}}]},\"settings\":[],\"parent\":78}],\"fieldId\":\"contentblocks-field-164\"}},{\"heading\":{\"value\":\"Video\",\"fieldId\":\"contentblocks-field-166\"},\"content\":{\"child_layouts\":[{\"layout\":7,\"content\":{\"main\":[{\"value\":\"\",\"field\":2,\"settings\":{}}]},\"settings\":[],\"parent\":78}],\"fieldId\":\"contentblocks-field-167\"}},{\"heading\":{\"value\":\"Comparison\",\"fieldId\":\"contentblocks-field-169\"},\"content\":{\"child_layouts\":[{\"layout\":12,\"content\":{\"col_1\":[{\"value\":\"Pros\",\"level\":\"h5\",\"field\":1,\"settings\":{}},{\"items\":[{\"value\":\"\",\"items\":[]}],\"field\":11,\"settings\":{}}],\"col_2\":[{\"value\":\"Cons\",\"level\":\"h5\",\"field\":1,\"settings\":{}},{\"items\":[{\"value\":\"\",\"items\":[]}],\"field\":11,\"settings\":{}}]},\"settings\":{\"padding\":\"relaxed\",\"alignment\":\"\",\"divider\":\"divided\"},\"parent\":78}],\"fieldId\":\"contentblocks-field-170\"}}],\"field\":76,\"settings\":{\"layout_type\":\"tabs\",\"accordion_type\":\"\",\"tab_type\":\"basic\",\"padding\":\"regular\"}}],\"code\":[{\"value\":\"[[Rowboat?\\n    &table=`modx_contentblocks_field`\\n    &tpl=`displayRawTemplate`\\n    &where=`{\\\"name\\\":\\\"[[+pattern_name]]\\\",\\\"parent\\\":\\\"0\\\"}`\\n]]\",\"lang\":\"html\",\"field\":86,\"settings\":{\"label\":\"[[%romanesco.patterns.template_label]]\"}},{\"value\":\"[[+[[+cf]].wrapper_template]]\",\"lang\":\"html\",\"field\":86,\"settings\":{\"label\":\"[[%romanesco.patterns.template_wrapper_label]]\"}}],\"info\":[{\"rows\":[{\"heading\":{\"value\":\"[[%romanesco.patterns.purpose_title]]\",\"fieldId\":\"contentblocks-field-59\"},\"content\":{\"child_layouts\":[{\"layout\":7,\"content\":{\"main\":[{\"value\":\"<p>[[+[[+cf]].description]]<\/p>\",\"field\":6,\"settings\":[]}]},\"settings\":[],\"parent\":78}],\"fieldId\":\"contentblocks-field-60\"}},{\"heading\":{\"value\":\"[[%romanesco.patterns.usage_title]]\",\"fieldId\":\"contentblocks-field-62\"},\"content\":{\"child_layouts\":[{\"layout\":7,\"content\":{\"main\":[{\"value\":\"\",\"field\":6,\"settings\":[]}]},\"settings\":[],\"parent\":78}],\"fieldId\":\"contentblocks-field-63\"}},{\"heading\":{\"value\":\"[[%romanesco.patterns.settings_title]]\",\"fieldId\":\"contentblocks-field-65\"},\"content\":{\"child_layouts\":[{\"layout\":7,\"content\":{\"main\":[{\"value\":\"[[+[[+cf]].settings_json]]\",\"lang\":\"json\",\"field\":83,\"settings\":[]}]},\"settings\":[],\"parent\":78}],\"fieldId\":\"contentblocks-field-66\"}},{\"heading\":{\"value\":\"[[%romanesco.patterns.references_title]]\",\"fieldId\":\"contentblocks-field-68\"},\"content\":{\"child_layouts\":[{\"layout\":12,\"content\":{\"col_1\":[{\"value\":\"[[%romanesco.patterns.included_patterns]]\",\"level\":\"h5\",\"field\":1,\"settings\":[]},{\"chunk_properties\":{},\"field\":84,\"settings\":{\"pattern_name\":\"[[+pattern_name]]\"}}],\"col_2\":[{\"value\":\"[[%romanesco.patterns.referring_pages]]\",\"level\":\"h5\",\"field\":1,\"settings\":[]},{\"chunk_properties\":{},\"field\":85,\"settings\":{\"pattern_list\":\"referringPatterns\",\"pattern_template\":\"[[+pattern_template]]\",\"pattern_name\":\"[[+pattern_name]]\"}}]},\"settings\":{\"padding\":\"relaxed\",\"alignment\":\"\",\"divider\":\"divided\"},\"parent\":78}],\"fieldId\":\"contentblocks-field-69\"}}],\"field\":76,\"settings\":{\"layout_type\":\"tabs\",\"accordion_type\":\"\",\"tab_type\":\"regular\",\"padding\":\"padded\"}}]},\"settings\":{\"background\":\"white\",\"container_type\":\"\",\"sidebar_width\":\"eight\",\"alignment\":\"\",\"pattern_name\":\"Accordion \/ Tabs (Flexible)\",\"pattern_template\":\"patternLayoutBosonField\"},\"parent\":0,\"title\":\"\"},{\"layout\":17,\"content\":{\"preview\":[{\"child_layouts\":[{\"layout\":7,\"content\":{\"main\":[{\"value\":\"<p>This giant ballroom has so many columns!<\/p>\",\"field\":6,\"settings\":{\"segment_type\":\"regular\",\"padding\":\"regular\",\"alignment\":\"\"}}]},\"settings\":{\"padding\":\"regular\",\"alignment\":\"center aligned middle aligned\"},\"parent\":17},{\"layout\":11,\"content\":{\"col_1\":[{\"value\":\"<p>Columns...<\/p>\",\"field\":6,\"settings\":{\"segment_type\":\"regular\",\"padding\":\"regular\",\"alignment\":\"center aligned\"}}],\"col_2\":[{\"value\":\"<p>Columns...<\/p>\",\"field\":6,\"settings\":{\"segment_type\":\"regular\",\"padding\":\"regular\",\"alignment\":\"\"}}],\"col_3\":[{\"value\":\"<p>Columns...<\/p>\",\"field\":6,\"settings\":{\"segment_type\":\"regular\",\"padding\":\"regular\",\"alignment\":\"\"}}]},\"settings\":{\"padding\":\"regular\",\"alignment\":\"\",\"divider\":\" \"},\"parent\":17}],\"field\":17,\"settings\":{}}],\"code\":[{\"value\":\"[[Rowboat?\\n    &table=`modx_contentblocks_field`\\n    &tpl=`displayRawTemplate`\\n    &where=`{\\\"name\\\":\\\"[[+pattern_name]]\\\",\\\"parent\\\":\\\"0\\\"}`\\n]]\",\"lang\":\"html\",\"field\":86,\"settings\":{\"label\":\"[[%romanesco.patterns.template_label]]\"}}],\"info\":[{\"rows\":[{\"heading\":{\"value\":\"[[%romanesco.patterns.purpose_title]]\",\"fieldId\":\"contentblocks-field-41\"},\"content\":{\"child_layouts\":[{\"layout\":7,\"content\":{\"main\":[{\"value\":\"<p>[[+[[+cf]].description]]<\/p>\",\"field\":6,\"settings\":[]}]},\"settings\":[],\"parent\":78}],\"fieldId\":\"contentblocks-field-42\"}},{\"heading\":{\"value\":\"[[%romanesco.patterns.usage_title]]\",\"fieldId\":\"contentblocks-field-44\"},\"content\":{\"child_layouts\":[{\"layout\":7,\"content\":{\"main\":[{\"value\":\"\",\"field\":6,\"settings\":[]}]},\"settings\":[],\"parent\":78}],\"fieldId\":\"contentblocks-field-45\"}},{\"heading\":{\"value\":\"[[%romanesco.patterns.settings_title]]\",\"fieldId\":\"contentblocks-field-47\"},\"content\":{\"child_layouts\":[{\"layout\":7,\"content\":{\"main\":[{\"value\":\"[[+[[+cf]].settings_json]]\",\"lang\":\"json\",\"field\":83,\"settings\":[]}]},\"settings\":[],\"parent\":78}],\"fieldId\":\"contentblocks-field-48\"}},{\"heading\":{\"value\":\"[[%romanesco.patterns.references_title]]\",\"fieldId\":\"contentblocks-field-50\"},\"content\":{\"child_layouts\":[{\"layout\":12,\"content\":{\"col_1\":[{\"value\":\"[[%romanesco.patterns.included_patterns]]\",\"level\":\"h5\",\"field\":1,\"settings\":[]},{\"chunk_properties\":{},\"field\":84,\"settings\":{\"pattern_name\":\"[[+pattern_name]]\"}}],\"col_2\":[{\"value\":\"[[%romanesco.patterns.referring_pages]]\",\"level\":\"h5\",\"field\":1,\"settings\":[]},{\"chunk_properties\":{},\"field\":85,\"settings\":{\"pattern_list\":\"referringPatterns\",\"pattern_template\":\"[[+pattern_template]]\",\"pattern_name\":\"[[+pattern_name]]\"}}]},\"settings\":{\"padding\":\"relaxed\",\"alignment\":\"\",\"divider\":\"divided\"},\"parent\":78}],\"fieldId\":\"contentblocks-field-51\"}}],\"field\":76,\"settings\":{\"layout_type\":\"tabs\",\"accordion_type\":\"\",\"tab_type\":\"regular\",\"padding\":\"padded\"}}]},\"settings\":{\"background\":\"white\",\"container_type\":\"\",\"sidebar_width\":\"eight\",\"alignment\":\"\",\"pattern_name\":\"Nested Layout\",\"pattern_template\":\"patternLayoutBosonField\"},\"parent\":0,\"title\":\"\"},{\"layout\":17,\"content\":{\"preview\":[{\"child_layouts\":[{\"layout\":1,\"content\":{\"main\":[{\"value\":\"<p>I'm a Single Column. Usually, I am not available as a nested layout, because that would result in all sorts of styling glitches and grid conflicts. But for the Backyard area, I'd gladly make an exception. Because I know that <em>you<\/em> know what you're doing... Right?\\n<\/p>\",\"field\":6,\"settings\":{}}]},\"settings\":{\"background\":\"inverted dark\",\"container_type\":\"\",\"alignment\":\"\"},\"parent\":87}],\"field\":87,\"settings\":{}}],\"code\":[{\"value\":\"[[Rowboat?\\n    &table=`modx_contentblocks_field`\\n    &tpl=`displayRawTemplate`\\n    &where=`{\\\"name\\\":\\\"[[+pattern_name]]\\\",\\\"parent\\\":\\\"0\\\"}`\\n]]\",\"lang\":\"html\",\"field\":86,\"settings\":{\"label\":\"[[%romanesco.patterns.template_label]]\"}}],\"info\":[{\"rows\":[{\"heading\":{\"value\":\"[[%romanesco.patterns.purpose_title]]\",\"fieldId\":\"contentblocks-field-23\"},\"content\":{\"child_layouts\":[{\"layout\":7,\"content\":{\"main\":[{\"value\":\"<p>[[+[[+cf]].description]]<\/p>\",\"field\":6,\"settings\":[]}]},\"settings\":[],\"parent\":78}],\"fieldId\":\"contentblocks-field-24\"}},{\"heading\":{\"value\":\"[[%romanesco.patterns.usage_title]]\",\"fieldId\":\"contentblocks-field-26\"},\"content\":{\"child_layouts\":[{\"layout\":7,\"content\":{\"main\":[{\"value\":\"\",\"field\":6,\"settings\":[]}]},\"settings\":[],\"parent\":78}],\"fieldId\":\"contentblocks-field-27\"}},{\"heading\":{\"value\":\"[[%romanesco.patterns.settings_title]]\",\"fieldId\":\"contentblocks-field-29\"},\"content\":{\"child_layouts\":[{\"layout\":7,\"content\":{\"main\":[{\"value\":\"[[+[[+cf]].settings_json]]\",\"lang\":\"json\",\"field\":83,\"settings\":[]}]},\"settings\":[],\"parent\":78}],\"fieldId\":\"contentblocks-field-30\"}},{\"heading\":{\"value\":\"[[%romanesco.patterns.references_title]]\",\"fieldId\":\"contentblocks-field-32\"},\"content\":{\"child_layouts\":[{\"layout\":12,\"content\":{\"col_1\":[{\"value\":\"[[%romanesco.patterns.included_patterns]]\",\"level\":\"h5\",\"field\":1,\"settings\":[]},{\"chunk_properties\":{},\"field\":84,\"settings\":{\"pattern_name\":\"[[+pattern_name]]\"}}],\"col_2\":[{\"value\":\"[[%romanesco.patterns.referring_pages]]\",\"level\":\"h5\",\"field\":1,\"settings\":[]},{\"chunk_properties\":{},\"field\":85,\"settings\":{\"pattern_list\":\"referringPatterns\",\"pattern_template\":\"[[+pattern_template]]\",\"pattern_name\":\"[[+pattern_name]]\"}}]},\"settings\":{\"padding\":\"relaxed\",\"alignment\":\"\",\"divider\":\"divided\"},\"parent\":78}],\"fieldId\":\"contentblocks-field-33\"}}],\"field\":76,\"settings\":{\"layout_type\":\"tabs\",\"accordion_type\":\"\",\"tab_type\":\"regular\",\"padding\":\"padded\"}}]},\"settings\":{\"background\":\"white\",\"container_type\":\"\",\"sidebar_width\":\"eight\",\"alignment\":\"\",\"pattern_name\":\"Nested Layout (Backyard)\",\"pattern_template\":\"patternLayoutBosonField\"},\"parent\":0,\"title\":\"\"}]","linear":[{"value":1,"field":5,"settings":[]},{"value":"[[Rowboat?\n    &table=`modx_contentblocks_field`\n    &tpl=`displayRawTemplate`\n    &where=`{\"name\":\"[[+pattern_name]]\",\"parent\":\"0\"}`\n]]","lang":"html","field":86,"settings":{"label":"[[%romanesco.patterns.template_label]]"}},{"rows":[{"heading":{"value":"[[%romanesco.patterns.purpose_title]]","fieldId":"contentblocks-field-131"},"content":{"child_layouts":[{"layout":7,"content":{"main":[{"value":"<p>[[+[[+cf]].description]]<\/p>","field":6,"settings":[]}]},"settings":[],"parent":78}],"fieldId":"contentblocks-field-132"}},{"heading":{"value":"[[%romanesco.patterns.usage_title]]","fieldId":"contentblocks-field-134"},"content":{"child_layouts":[{"layout":7,"content":{"main":[{"value":"","field":6,"settings":[]}]},"settings":[],"parent":78}],"fieldId":"contentblocks-field-135"}},{"heading":{"value":"[[%romanesco.patterns.settings_title]]","fieldId":"contentblocks-field-137"},"content":{"child_layouts":[{"layout":7,"content":{"main":[{"value":"[[+[[+cf]].settings_json]]","lang":"json","field":83,"settings":[]}]},"settings":[],"parent":78}],"fieldId":"contentblocks-field-138"}},{"heading":{"value":"[[%romanesco.patterns.references_title]]","fieldId":"contentblocks-field-140"},"content":{"child_layouts":[{"layout":12,"content":{"col_1":[{"value":"[[%romanesco.patterns.included_patterns]]","level":"h5","field":1,"settings":[]},{"chunk_properties":[],"field":84,"settings":{"pattern_name":"[[+pattern_name]]"}}],"col_2":[{"value":"[[%romanesco.patterns.referring_pages]]","level":"h5","field":1,"settings":[]},{"chunk_properties":[],"field":85,"settings":{"pattern_list":"referringPatterns","pattern_template":"[[+pattern_template]]","pattern_name":"[[+pattern_name]]"}}]},"settings":{"padding":"relaxed","alignment":"","divider":"divided"},"parent":78}],"fieldId":"contentblocks-field-141"}}],"field":76,"settings":{"layout_type":"tabs","accordion_type":"","tab_type":"regular","padding":"padded"}},{"value":1,"field":45,"settings":{"divider_text":"Settings","divider_icon_class":""}},{"value":1,"field":45,"settings":{"divider_text":"","divider_icon_class":"setting icon"}},{"value":"[[Rowboat?\n    &table=`modx_contentblocks_field`\n    &tpl=`displayRawTemplate`\n    &where=`{\"name\":\"[[+pattern_name]]\",\"parent\":\"0\"}`\n]]","lang":"html","field":86,"settings":{"label":"[[%romanesco.patterns.template_label]]"}},{"rows":[{"heading":{"value":"[[%romanesco.patterns.purpose_title]]","fieldId":"contentblocks-field-113"},"content":{"child_layouts":[{"layout":7,"content":{"main":[{"value":"<p>[[+[[+cf]].description]]<\/p>","field":6,"settings":[]}]},"settings":[],"parent":78}],"fieldId":"contentblocks-field-114"}},{"heading":{"value":"[[%romanesco.patterns.usage_title]]","fieldId":"contentblocks-field-116"},"content":{"child_layouts":[{"layout":7,"content":{"main":[{"value":"","field":6,"settings":[]}]},"settings":[],"parent":78}],"fieldId":"contentblocks-field-117"}},{"heading":{"value":"[[%romanesco.patterns.settings_title]]","fieldId":"contentblocks-field-119"},"content":{"child_layouts":[{"layout":7,"content":{"main":[{"value":"[[+[[+cf]].settings_json]]","lang":"json","field":83,"settings":[]}]},"settings":[],"parent":78}],"fieldId":"contentblocks-field-120"}},{"heading":{"value":"[[%romanesco.patterns.references_title]]","fieldId":"contentblocks-field-122"},"content":{"child_layouts":[{"layout":12,"content":{"col_1":[{"value":"[[%romanesco.patterns.included_patterns]]","level":"h5","field":1,"settings":[]},{"chunk_properties":[],"field":84,"settings":{"pattern_name":"[[+pattern_name]]"}}],"col_2":[{"value":"[[%romanesco.patterns.referring_pages]]","level":"h5","field":1,"settings":[]},{"chunk_properties":[],"field":85,"settings":{"pattern_list":"referringPatterns","pattern_template":"[[+pattern_template]]","pattern_name":"[[+pattern_name]]"}}]},"settings":{"padding":"relaxed","alignment":"","divider":"divided"},"parent":78}],"fieldId":"contentblocks-field-123"}}],"field":76,"settings":{"layout_type":"tabs","accordion_type":"","tab_type":"regular","padding":"padded"}},{"value":[[null,null,null,null],[null,null,null,null],[null,null,null,null]],"field":3,"settings":[]},{"value":"[[Rowboat?\n    &table=`modx_contentblocks_field`\n    &tpl=`displayRawTemplate`\n    &where=`{\"name\":\"[[+pattern_name]]\",\"parent\":\"0\"}`\n]]","lang":"html","field":86,"settings":{"label":"[[%romanesco.patterns.template_label]]"}},{"value":"[[+[[+cf]].wrapper_template]]","lang":"html","field":86,"settings":{"label":"[[%romanesco.patterns.template_wrapper_label]]"}},{"rows":[{"heading":{"value":"[[%romanesco.patterns.purpose_title]]","fieldId":"contentblocks-field-95"},"content":{"child_layouts":[{"layout":7,"content":{"main":[{"value":"<p>[[+[[+cf]].description]]<\/p>","field":6,"settings":[]}]},"settings":[],"parent":78}],"fieldId":"contentblocks-field-96"}},{"heading":{"value":"[[%romanesco.patterns.usage_title]]","fieldId":"contentblocks-field-98"},"content":{"child_layouts":[{"layout":7,"content":{"main":[{"value":"","field":6,"settings":[]}]},"settings":[],"parent":78}],"fieldId":"contentblocks-field-99"}},{"heading":{"value":"[[%romanesco.patterns.settings_title]]","fieldId":"contentblocks-field-101"},"content":{"child_layouts":[{"layout":7,"content":{"main":[{"value":"[[+[[+cf]].settings_json]]","lang":"json","field":83,"settings":[]}]},"settings":[],"parent":78}],"fieldId":"contentblocks-field-102"}},{"heading":{"value":"[[%romanesco.patterns.references_title]]","fieldId":"contentblocks-field-104"},"content":{"child_layouts":[{"layout":12,"content":{"col_1":[{"value":"[[%romanesco.patterns.included_patterns]]","level":"h5","field":1,"settings":[]},{"chunk_properties":[],"field":84,"settings":{"pattern_name":"[[+pattern_name]]"}}],"col_2":[{"value":"[[%romanesco.patterns.referring_pages]]","level":"h5","field":1,"settings":[]},{"chunk_properties":[],"field":85,"settings":{"pattern_list":"referringPatterns","pattern_template":"[[+pattern_template]]","pattern_name":"[[+pattern_name]]"}}]},"settings":{"padding":"relaxed","alignment":"","divider":"divided"},"parent":78}],"fieldId":"contentblocks-field-105"}}],"field":76,"settings":{"layout_type":"tabs","accordion_type":"","tab_type":"regular","padding":"padded"}},{"rows":[{"heading":{"value":"Why have we tried so hard to find the Higgs particle?","fieldId":"contentblocks-field-152"},"content":{"value":"<p>Because it could be the answer to the question: how does Nature decide whether or not to assign mass to particles?<\/p>","fieldId":"contentblocks-field-153"}},{"heading":{"value":"Why is it called the 'God particle'?","fieldId":"contentblocks-field-156"},"content":{"value":"<p>The term was coined for Leon Lederman's popular science book on particle physics: 'The God Particle: If the Universe Is the Answer, What Is the Question?'\n<\/p>","fieldId":"contentblocks-field-157"}},{"heading":{"value":"How does the Higgs mechanism work?","fieldId":"contentblocks-field-160"},"content":{"value":"<p>According to the Englert-Brout-Higgs mechanism, the property that we measure as the 'mass' of a particle is the result of a constant interaction with a field that permeates the Universe like a sort of 'ether'. The existence of this Englert-Brout-Higgs field is definitively proven by the discovery of the corresponding quantum particle - the Higgs boson.\n<\/p>\n<p><em>These text clippings are only meant for filling the example. You can read the full FAQ on the Higgs particle <a href=\"http:\/\/cds.cern.ch\/journal\/CERNBulletin\/2012\/29\/News%20Articles\/1459456?ln=en\" target=\"_blank\">here<\/a>. Nerd <i class=\"fitted smile icon\"><\/i><i class=\"fitted hand spock icon\"><\/i><\/em>\n<\/p>","fieldId":"contentblocks-field-161"}}],"field":23,"settings":[]},{"value":"[[Rowboat?\n    &table=`modx_contentblocks_field`\n    &tpl=`displayRawTemplate`\n    &where=`{\"name\":\"[[+pattern_name]]\",\"parent\":\"0\"}`\n]]","lang":"html","field":86,"settings":{"label":"[[%romanesco.patterns.template_label]]"}},{"value":"[[+[[+cf]].wrapper_template]]","lang":"html","field":86,"settings":{"label":"[[%romanesco.patterns.template_wrapper_label]]"}},{"rows":[{"heading":{"value":"[[%romanesco.patterns.purpose_title]]","fieldId":"contentblocks-field-77"},"content":{"child_layouts":[{"layout":7,"content":{"main":[{"value":"<p>[[+[[+cf]].description]]<\/p>","field":6,"settings":[]}]},"settings":[],"parent":78}],"fieldId":"contentblocks-field-78"}},{"heading":{"value":"[[%romanesco.patterns.usage_title]]","fieldId":"contentblocks-field-80"},"content":{"child_layouts":[{"layout":7,"content":{"main":[{"value":"","field":6,"settings":[]}]},"settings":[],"parent":78}],"fieldId":"contentblocks-field-81"}},{"heading":{"value":"[[%romanesco.patterns.settings_title]]","fieldId":"contentblocks-field-83"},"content":{"child_layouts":[{"layout":7,"content":{"main":[{"value":"[[+[[+cf]].settings_json]]","lang":"json","field":83,"settings":[]}]},"settings":[],"parent":78}],"fieldId":"contentblocks-field-84"}},{"heading":{"value":"[[%romanesco.patterns.references_title]]","fieldId":"contentblocks-field-86"},"content":{"child_layouts":[{"layout":12,"content":{"col_1":[{"value":"[[%romanesco.patterns.included_patterns]]","level":"h5","field":1,"settings":[]},{"chunk_properties":[],"field":84,"settings":{"pattern_name":"[[+pattern_name]]"}}],"col_2":[{"value":"[[%romanesco.patterns.referring_pages]]","level":"h5","field":1,"settings":[]},{"chunk_properties":[],"field":85,"settings":{"pattern_list":"referringPatterns","pattern_template":"[[+pattern_template]]","pattern_name":"[[+pattern_name]]"}}]},"settings":{"padding":"relaxed","alignment":"","divider":"divided"},"parent":78}],"fieldId":"contentblocks-field-87"}}],"field":76,"settings":{"layout_type":"tabs","accordion_type":"","tab_type":"regular","padding":"padded"}},{"rows":[{"heading":{"value":"Intro","fieldId":"contentblocks-field-163"},"content":{"child_layouts":[{"layout":7,"content":{"main":[{"value":"<p>In 1964 independently and almost simultaneously, The theory of the Higgs field was proposed by three groups of physicists: Francois Englert and Robert Brout, Peter Higgs, and Gerald Guralnik, C. R. Hagen, and Tom Kibble. However, Peter Higgs was the only one of these who pointed out explicitly the existence of the particle that bears his name and calculated some of its properties.<\/p>","field":6,"settings":[]}]},"settings":[],"parent":78}],"fieldId":"contentblocks-field-164"}},{"heading":{"value":"Video","fieldId":"contentblocks-field-166"},"content":{"child_layouts":[{"layout":7,"content":{"main":[{"value":"","field":2,"settings":[]}]},"settings":[],"parent":78}],"fieldId":"contentblocks-field-167"}},{"heading":{"value":"Comparison","fieldId":"contentblocks-field-169"},"content":{"child_layouts":[{"layout":12,"content":{"col_1":[{"value":"Pros","level":"h5","field":1,"settings":[]},{"items":[{"value":"","items":[]}],"field":11,"settings":[]}],"col_2":[{"value":"Cons","level":"h5","field":1,"settings":[]},{"items":[{"value":"","items":[]}],"field":11,"settings":[]}]},"settings":{"padding":"relaxed","alignment":"","divider":"divided"},"parent":78}],"fieldId":"contentblocks-field-170"}}],"field":76,"settings":{"layout_type":"tabs","accordion_type":"","tab_type":"basic","padding":"regular"}},{"value":"[[Rowboat?\n    &table=`modx_contentblocks_field`\n    &tpl=`displayRawTemplate`\n    &where=`{\"name\":\"[[+pattern_name]]\",\"parent\":\"0\"}`\n]]","lang":"html","field":86,"settings":{"label":"[[%romanesco.patterns.template_label]]"}},{"value":"[[+[[+cf]].wrapper_template]]","lang":"html","field":86,"settings":{"label":"[[%romanesco.patterns.template_wrapper_label]]"}},{"rows":[{"heading":{"value":"[[%romanesco.patterns.purpose_title]]","fieldId":"contentblocks-field-59"},"content":{"child_layouts":[{"layout":7,"content":{"main":[{"value":"<p>[[+[[+cf]].description]]<\/p>","field":6,"settings":[]}]},"settings":[],"parent":78}],"fieldId":"contentblocks-field-60"}},{"heading":{"value":"[[%romanesco.patterns.usage_title]]","fieldId":"contentblocks-field-62"},"content":{"child_layouts":[{"layout":7,"content":{"main":[{"value":"","field":6,"settings":[]}]},"settings":[],"parent":78}],"fieldId":"contentblocks-field-63"}},{"heading":{"value":"[[%romanesco.patterns.settings_title]]","fieldId":"contentblocks-field-65"},"content":{"child_layouts":[{"layout":7,"content":{"main":[{"value":"[[+[[+cf]].settings_json]]","lang":"json","field":83,"settings":[]}]},"settings":[],"parent":78}],"fieldId":"contentblocks-field-66"}},{"heading":{"value":"[[%romanesco.patterns.references_title]]","fieldId":"contentblocks-field-68"},"content":{"child_layouts":[{"layout":12,"content":{"col_1":[{"value":"[[%romanesco.patterns.included_patterns]]","level":"h5","field":1,"settings":[]},{"chunk_properties":[],"field":84,"settings":{"pattern_name":"[[+pattern_name]]"}}],"col_2":[{"value":"[[%romanesco.patterns.referring_pages]]","level":"h5","field":1,"settings":[]},{"chunk_properties":[],"field":85,"settings":{"pattern_list":"referringPatterns","pattern_template":"[[+pattern_template]]","pattern_name":"[[+pattern_name]]"}}]},"settings":{"padding":"relaxed","alignment":"","divider":"divided"},"parent":78}],"fieldId":"contentblocks-field-69"}}],"field":76,"settings":{"layout_type":"tabs","accordion_type":"","tab_type":"regular","padding":"padded"}},{"child_layouts":[{"layout":7,"content":{"main":[{"value":"<p>This giant ballroom has so many columns!<\/p>","field":6,"settings":{"segment_type":"regular","padding":"regular","alignment":""}}]},"settings":{"padding":"regular","alignment":"center aligned middle aligned"},"parent":17},{"layout":11,"content":{"col_1":[{"value":"<p>Columns...<\/p>","field":6,"settings":{"segment_type":"regular","padding":"regular","alignment":"center aligned"}}],"col_2":[{"value":"<p>Columns...<\/p>","field":6,"settings":{"segment_type":"regular","padding":"regular","alignment":""}}],"col_3":[{"value":"<p>Columns...<\/p>","field":6,"settings":{"segment_type":"regular","padding":"regular","alignment":""}}]},"settings":{"padding":"regular","alignment":"","divider":" "},"parent":17}],"field":17,"settings":[]},{"value":"<p>This giant ballroom has so many columns!<\/p>","field":6,"settings":{"segment_type":"regular","padding":"regular","alignment":""}},{"value":"<p>Columns...<\/p>","field":6,"settings":{"segment_type":"regular","padding":"regular","alignment":"center aligned"}},{"value":"<p>Columns...<\/p>","field":6,"settings":{"segment_type":"regular","padding":"regular","alignment":""}},{"value":"<p>Columns...<\/p>","field":6,"settings":{"segment_type":"regular","padding":"regular","alignment":""}},{"value":"[[Rowboat?\n    &table=`modx_contentblocks_field`\n    &tpl=`displayRawTemplate`\n    &where=`{\"name\":\"[[+pattern_name]]\",\"parent\":\"0\"}`\n]]","lang":"html","field":86,"settings":{"label":"[[%romanesco.patterns.template_label]]"}},{"rows":[{"heading":{"value":"[[%romanesco.patterns.purpose_title]]","fieldId":"contentblocks-field-41"},"content":{"child_layouts":[{"layout":7,"content":{"main":[{"value":"<p>[[+[[+cf]].description]]<\/p>","field":6,"settings":[]}]},"settings":[],"parent":78}],"fieldId":"contentblocks-field-42"}},{"heading":{"value":"[[%romanesco.patterns.usage_title]]","fieldId":"contentblocks-field-44"},"content":{"child_layouts":[{"layout":7,"content":{"main":[{"value":"","field":6,"settings":[]}]},"settings":[],"parent":78}],"fieldId":"contentblocks-field-45"}},{"heading":{"value":"[[%romanesco.patterns.settings_title]]","fieldId":"contentblocks-field-47"},"content":{"child_layouts":[{"layout":7,"content":{"main":[{"value":"[[+[[+cf]].settings_json]]","lang":"json","field":83,"settings":[]}]},"settings":[],"parent":78}],"fieldId":"contentblocks-field-48"}},{"heading":{"value":"[[%romanesco.patterns.references_title]]","fieldId":"contentblocks-field-50"},"content":{"child_layouts":[{"layout":12,"content":{"col_1":[{"value":"[[%romanesco.patterns.included_patterns]]","level":"h5","field":1,"settings":[]},{"chunk_properties":[],"field":84,"settings":{"pattern_name":"[[+pattern_name]]"}}],"col_2":[{"value":"[[%romanesco.patterns.referring_pages]]","level":"h5","field":1,"settings":[]},{"chunk_properties":[],"field":85,"settings":{"pattern_list":"referringPatterns","pattern_template":"[[+pattern_template]]","pattern_name":"[[+pattern_name]]"}}]},"settings":{"padding":"relaxed","alignment":"","divider":"divided"},"parent":78}],"fieldId":"contentblocks-field-51"}}],"field":76,"settings":{"layout_type":"tabs","accordion_type":"","tab_type":"regular","padding":"padded"}},{"child_layouts":[{"layout":1,"content":{"main":[{"value":"<p>I'm a Single Column. Usually, I am not available as a nested layout, because that would result in all sorts of styling glitches and grid conflicts. But for the Backyard area, I'd gladly make an exception. Because I know that <em>you<\/em> know what you're doing... Right?\n<\/p>","field":6,"settings":[]}]},"settings":{"background":"inverted dark","container_type":"","alignment":""},"parent":87}],"field":87,"settings":[]},{"value":"<p>I'm a Single Column. Usually, I am not available as a nested layout, because that would result in all sorts of styling glitches and grid conflicts. But for the Backyard area, I'd gladly make an exception. Because I know that <em>you<\/em> know what you're doing... Right?\n<\/p>","field":6,"settings":[]},{"value":"[[Rowboat?\n    &table=`modx_contentblocks_field`\n    &tpl=`displayRawTemplate`\n    &where=`{\"name\":\"[[+pattern_name]]\",\"parent\":\"0\"}`\n]]","lang":"html","field":86,"settings":{"label":"[[%romanesco.patterns.template_label]]"}},{"rows":[{"heading":{"value":"[[%romanesco.patterns.purpose_title]]","fieldId":"contentblocks-field-23"},"content":{"child_layouts":[{"layout":7,"content":{"main":[{"value":"<p>[[+[[+cf]].description]]<\/p>","field":6,"settings":[]}]},"settings":[],"parent":78}],"fieldId":"contentblocks-field-24"}},{"heading":{"value":"[[%romanesco.patterns.usage_title]]","fieldId":"contentblocks-field-26"},"content":{"child_layouts":[{"layout":7,"content":{"main":[{"value":"","field":6,"settings":[]}]},"settings":[],"parent":78}],"fieldId":"contentblocks-field-27"}},{"heading":{"value":"[[%romanesco.patterns.settings_title]]","fieldId":"contentblocks-field-29"},"content":{"child_layouts":[{"layout":7,"content":{"main":[{"value":"[[+[[+cf]].settings_json]]","lang":"json","field":83,"settings":[]}]},"settings":[],"parent":78}],"fieldId":"contentblocks-field-30"}},{"heading":{"value":"[[%romanesco.patterns.references_title]]","fieldId":"contentblocks-field-32"},"content":{"child_layouts":[{"layout":12,"content":{"col_1":[{"value":"[[%romanesco.patterns.included_patterns]]","level":"h5","field":1,"settings":[]},{"chunk_properties":[],"field":84,"settings":{"pattern_name":"[[+pattern_name]]"}}],"col_2":[{"value":"[[%romanesco.patterns.referring_pages]]","level":"h5","field":1,"settings":[]},{"chunk_properties":[],"field":85,"settings":{"pattern_list":"referringPatterns","pattern_template":"[[+pattern_template]]","pattern_name":"[[+pattern_name]]"}}]},"settings":{"padding":"relaxed","alignment":"","divider":"divided"},"parent":78}],"fieldId":"contentblocks-field-33"}}],"field":76,"settings":{"layout_type":"tabs","accordion_type":"","tab_type":"regular","padding":"padded"}}],"fieldcounts":{"5":1,"86":10,"76":8,"45":2,"3":1,"23":1,"17":1,"6":5,"87":1},"_isContentBlocks":true}}