{"contentblocks":{"content":"[{\"layout\":1,\"content\":{\"main\":[{\"chunk_properties\":{},\"field\":19,\"settings\":{\"cols\":\"four\",\"show_subtitle\":\"1\",\"show_introtext\":\"0\",\"link_text\":\"Learn more\",\"row_tpl\":\"overviewRowBasicLinkCard\",\"parent\":\"[[*id]]\",\"title_field\":\"menutitle\",\"title_hierarchy\":\"h3\",\"depth\":\"0\",\"limit\":\"99\",\"show_hidden\":\"0\",\"sortby\":\"menuindex\",\"pagination\":\"0\",\"img_type\":\"landscape\",\"icon_type\":\"svg\",\"padding\":\"regular\",\"de_emphasize\":\"1\"}}]},\"settings\":{\"background\":\"white\",\"container_type\":\"\",\"alignment\":\"\"},\"parent\":0,\"title\":\"\"}]","linear":[{"chunk_properties":[],"field":19,"settings":{"cols":"four","show_subtitle":"1","show_introtext":"0","link_text":"Learn more","row_tpl":"overviewRowBasicLinkCard","parent":"[[*id]]","title_field":"menutitle","title_hierarchy":"h3","depth":"0","limit":"99","show_hidden":"0","sortby":"menuindex","pagination":"0","img_type":"landscape","icon_type":"svg","padding":"regular","de_emphasize":"1"}}],"fieldcounts":{"19":1},"_isContentBlocks":true}}