{"contentblocks":{"content":"[{\"layout\":17,\"content\":{\"preview\":[{\"value\":\"[[$buttonHrefBasic?\\n    &button_text=`Call me a button`\\n    &link=`[[~[[*id]]]]#buttonHrefBasic`\\n]]\",\"lang\":\"html\",\"field\":14,\"settings\":[]}],\"code\":[{\"value\":\"[[Rowboat?\\n    &table=`modx_site_htmlsnippets`\\n    &tpl=`displayRawElement`\\n    &where=`{\\\"name\\\":\\\"[[+pattern_name]]\\\"}`\\n]]\",\"lang\":\"html\",\"field\":86,\"settings\":{\"label\":\"[[%romanesco.patterns.code_label]]\"}}],\"info\":[{\"rows\":[{\"heading\":{\"value\":\"[[%romanesco.patterns.purpose_title]]\",\"fieldId\":\"contentblocks-field-4\"},\"content\":{\"child_layouts\":[{\"layout\":7,\"content\":{\"main\":[{\"value\":\"\",\"field\":6,\"settings\":[]}]},\"settings\":[],\"parent\":78}],\"fieldId\":\"contentblocks-field-5\"}},{\"heading\":{\"value\":\"[[%romanesco.patterns.usage_title]]\",\"fieldId\":\"contentblocks-field-7\"},\"content\":{\"child_layouts\":[{\"layout\":7,\"content\":{\"main\":[{\"value\":\"\",\"field\":6,\"settings\":[]}]},\"settings\":[],\"parent\":78}],\"fieldId\":\"contentblocks-field-8\"}},{\"heading\":{\"value\":\"References\",\"fieldId\":\"contentblocks-field-10\"},\"content\":{\"child_layouts\":[{\"layout\":12,\"content\":{\"col_1\":[{\"value\":\"[[%romanesco.patterns.included_patterns]]\",\"level\":\"h5\",\"field\":1,\"settings\":[]},{\"chunk_properties\":{},\"field\":84,\"settings\":{\"pattern_list\":\"includedChunks,includedSnippets,includedTVs\",\"pattern_name\":\"[[+pattern_name]]\"}}],\"col_2\":[{\"value\":\"[[%romanesco.patterns.referring_patterns]]\",\"level\":\"h5\",\"field\":1,\"settings\":[]},{\"chunk_properties\":{},\"field\":85,\"settings\":{\"pattern_list\":\"referringChunks,referringSnippets,referringTemplates\",\"pattern_name\":\"[[+pattern_name]]\"}}]},\"settings\":{\"padding\":\"relaxed\",\"alignment\":\"\",\"divider\":\"divided\"},\"parent\":78}],\"fieldId\":\"contentblocks-field-11\"}}],\"field\":76,\"settings\":{\"layout_type\":\"tabs\",\"accordion_type\":\"\",\"tab_type\":\"regular\",\"padding\":\"padded\"}}]},\"settings\":{\"background\":\"white\",\"container_type\":\"\",\"sidebar_width\":\"five\",\"alignment\":\"\",\"pattern_name\":\"buttonHrefBasic\",\"pattern_template\":\"patternLayoutAtom\"},\"parent\":0,\"title\":\"buttonHrefBasic\"},{\"layout\":17,\"content\":{\"preview\":[{\"value\":\"[[$buttonHrefIcon?\\n    &button_text=`I am still a button`\\n    &link=`[[~[[*id]]]]#buttonHrefIcon`\\n    &icon_class=`check`\\n]]\",\"lang\":\"html\",\"field\":14,\"settings\":[]}],\"code\":[{\"value\":\"[[Rowboat?\\n    &table=`modx_site_htmlsnippets`\\n    &tpl=`displayRawElement`\\n    &where=`{\\\"name\\\":\\\"[[+pattern_name]]\\\"}`\\n]]\",\"lang\":\"html\",\"field\":86,\"settings\":{\"label\":\"[[%romanesco.patterns.code_label]]\"}}],\"info\":[{\"rows\":[{\"heading\":{\"value\":\"[[%romanesco.patterns.purpose_title]]\",\"fieldId\":\"contentblocks-field-19\"},\"content\":{\"child_layouts\":[{\"layout\":7,\"content\":{\"main\":[{\"value\":\"\",\"field\":6,\"settings\":[]}]},\"settings\":[],\"parent\":78}],\"fieldId\":\"contentblocks-field-20\"}},{\"heading\":{\"value\":\"[[%romanesco.patterns.usage_title]]\",\"fieldId\":\"contentblocks-field-22\"},\"content\":{\"child_layouts\":[{\"layout\":7,\"content\":{\"main\":[{\"value\":\"\",\"field\":6,\"settings\":[]}]},\"settings\":[],\"parent\":78}],\"fieldId\":\"contentblocks-field-23\"}},{\"heading\":{\"value\":\"[[%romanesco.patterns.references_title]]\",\"fieldId\":\"contentblocks-field-25\"},\"content\":{\"child_layouts\":[{\"layout\":12,\"content\":{\"col_1\":[{\"value\":\"[[%romanesco.patterns.included_patterns]]\",\"level\":\"h5\",\"field\":1,\"settings\":[]},{\"chunk_properties\":{},\"field\":84,\"settings\":{\"pattern_list\":\"includedChunks,includedSnippets,includedTVs\",\"pattern_name\":\"[[+pattern_name]]\"}}],\"col_2\":[{\"value\":\"[[%romanesco.patterns.referring_patterns]]\",\"level\":\"h5\",\"field\":1,\"settings\":[]},{\"chunk_properties\":{},\"field\":85,\"settings\":{\"pattern_list\":\"referringChunks,referringSnippets,referringTemplates\",\"pattern_name\":\"[[+pattern_name]]\"}}]},\"settings\":{\"padding\":\"relaxed\",\"alignment\":\"\",\"divider\":\"divided\"},\"parent\":78}],\"fieldId\":\"contentblocks-field-26\"}}],\"field\":76,\"settings\":{\"layout_type\":\"tabs\",\"accordion_type\":\"\",\"tab_type\":\"regular\",\"padding\":\"padded\"}}]},\"settings\":{\"background\":\"white\",\"container_type\":\"\",\"sidebar_width\":\"five\",\"alignment\":\"\",\"pattern_name\":\"buttonHrefIcon\",\"pattern_template\":\"patternLayoutAtom\"},\"parent\":0,\"title\":\"buttonHrefIcon\"},{\"layout\":17,\"content\":{\"preview\":[{\"chunk_properties\":{},\"field\":20,\"settings\":{\"resources\":\"[[*id]]\",\"link_text\":\"Here I am again\",\"row_tpl\":\"overviewRowBasicCard\",\"cols\":\"one\",\"show_subtitle\":\"0\",\"show_introtext\":\"0\",\"title_field\":\"menutitle\",\"title_hierarchy\":\"h2\",\"img_type\":\"[[$cbSettingImageType]]\",\"icon_type\":\"svg\",\"padding\":\"regular\",\"de_emphasize\":\"1\"}}],\"code\":[{\"value\":\"[[Rowboat?\\n    &table=`modx_site_htmlsnippets`\\n    &tpl=`displayRawElement`\\n    &where=`{\\\"name\\\":\\\"[[+pattern_name]]\\\"}`\\n]]\",\"lang\":\"html\",\"field\":86,\"settings\":{\"label\":\"[[%romanesco.patterns.code_label]]\"}}],\"info\":[{\"rows\":[{\"heading\":{\"value\":\"[[%romanesco.patterns.purpose_title]]\",\"fieldId\":\"contentblocks-field-34\"},\"content\":{\"child_layouts\":[{\"layout\":7,\"content\":{\"main\":[{\"value\":\"\",\"field\":6,\"settings\":[]}]},\"settings\":[],\"parent\":78}],\"fieldId\":\"contentblocks-field-35\"}},{\"heading\":{\"value\":\"[[%romanesco.patterns.usage_title]]\",\"fieldId\":\"contentblocks-field-37\"},\"content\":{\"child_layouts\":[{\"layout\":7,\"content\":{\"main\":[{\"value\":\"\",\"field\":6,\"settings\":[]}]},\"settings\":[],\"parent\":78}],\"fieldId\":\"contentblocks-field-38\"}},{\"heading\":{\"value\":\"[[%romanesco.patterns.references_title]]\",\"fieldId\":\"contentblocks-field-40\"},\"content\":{\"child_layouts\":[{\"layout\":12,\"content\":{\"col_1\":[{\"value\":\"[[%romanesco.patterns.included_patterns]]\",\"level\":\"h5\",\"field\":1,\"settings\":[]},{\"chunk_properties\":{},\"field\":84,\"settings\":{\"pattern_list\":\"includedChunks,includedSnippets,includedTVs\",\"pattern_name\":\"[[+pattern_name]]\"}}],\"col_2\":[{\"value\":\"[[%romanesco.patterns.referring_patterns]]\",\"level\":\"h5\",\"field\":1,\"settings\":[]},{\"chunk_properties\":{},\"field\":85,\"settings\":{\"pattern_list\":\"referringChunks,referringSnippets,referringTemplates\",\"pattern_name\":\"[[+pattern_name]]\"}}]},\"settings\":{\"padding\":\"relaxed\",\"alignment\":\"\",\"divider\":\"divided\"},\"parent\":78}],\"fieldId\":\"contentblocks-field-41\"}}],\"field\":76,\"settings\":{\"layout_type\":\"tabs\",\"accordion_type\":\"\",\"tab_type\":\"regular\",\"padding\":\"padded\"}}]},\"settings\":{\"background\":\"white\",\"container_type\":\"\",\"sidebar_width\":\"five\",\"alignment\":\"\",\"pattern_name\":\"buttonHrefOverview\",\"pattern_template\":\"patternLayoutAtom\"},\"parent\":0,\"title\":\"buttonHrefOverview\"},{\"layout\":1,\"content\":{\"main\":[{\"chunk_properties\":{},\"field\":19,\"settings\":{\"cols\":\"five\",\"link_text\":\"Learn more\",\"row_tpl\":\"overviewRowBasicLinkCard\",\"show_introtext\":\"0\"}}]},\"settings\":[],\"parent\":0,\"title\":\"Social buttons\"}]","linear":[{"value":"[[$buttonHrefBasic?\n    &button_text=`Call me a button`\n    &link=`[[~[[*id]]]]#buttonHrefBasic`\n]]","lang":"html","field":14,"settings":[]},{"value":"[[Rowboat?\n    &table=`modx_site_htmlsnippets`\n    &tpl=`displayRawElement`\n    &where=`{\"name\":\"[[+pattern_name]]\"}`\n]]","lang":"html","field":86,"settings":{"label":"[[%romanesco.patterns.code_label]]"}},{"rows":[{"heading":{"value":"[[%romanesco.patterns.purpose_title]]","fieldId":"contentblocks-field-4"},"content":{"child_layouts":[{"layout":7,"content":{"main":[{"value":"","field":6,"settings":[]}]},"settings":[],"parent":78}],"fieldId":"contentblocks-field-5"}},{"heading":{"value":"[[%romanesco.patterns.usage_title]]","fieldId":"contentblocks-field-7"},"content":{"child_layouts":[{"layout":7,"content":{"main":[{"value":"","field":6,"settings":[]}]},"settings":[],"parent":78}],"fieldId":"contentblocks-field-8"}},{"heading":{"value":"References","fieldId":"contentblocks-field-10"},"content":{"child_layouts":[{"layout":12,"content":{"col_1":[{"value":"[[%romanesco.patterns.included_patterns]]","level":"h5","field":1,"settings":[]},{"chunk_properties":[],"field":84,"settings":{"pattern_list":"includedChunks,includedSnippets,includedTVs","pattern_name":"[[+pattern_name]]"}}],"col_2":[{"value":"[[%romanesco.patterns.referring_patterns]]","level":"h5","field":1,"settings":[]},{"chunk_properties":[],"field":85,"settings":{"pattern_list":"referringChunks,referringSnippets,referringTemplates","pattern_name":"[[+pattern_name]]"}}]},"settings":{"padding":"relaxed","alignment":"","divider":"divided"},"parent":78}],"fieldId":"contentblocks-field-11"}}],"field":76,"settings":{"layout_type":"tabs","accordion_type":"","tab_type":"regular","padding":"padded"}},{"value":"[[$buttonHrefIcon?\n    &button_text=`I am still a button`\n    &link=`[[~[[*id]]]]#buttonHrefIcon`\n    &icon_class=`check`\n]]","lang":"html","field":14,"settings":[]},{"value":"[[Rowboat?\n    &table=`modx_site_htmlsnippets`\n    &tpl=`displayRawElement`\n    &where=`{\"name\":\"[[+pattern_name]]\"}`\n]]","lang":"html","field":86,"settings":{"label":"[[%romanesco.patterns.code_label]]"}},{"rows":[{"heading":{"value":"[[%romanesco.patterns.purpose_title]]","fieldId":"contentblocks-field-19"},"content":{"child_layouts":[{"layout":7,"content":{"main":[{"value":"","field":6,"settings":[]}]},"settings":[],"parent":78}],"fieldId":"contentblocks-field-20"}},{"heading":{"value":"[[%romanesco.patterns.usage_title]]","fieldId":"contentblocks-field-22"},"content":{"child_layouts":[{"layout":7,"content":{"main":[{"value":"","field":6,"settings":[]}]},"settings":[],"parent":78}],"fieldId":"contentblocks-field-23"}},{"heading":{"value":"[[%romanesco.patterns.references_title]]","fieldId":"contentblocks-field-25"},"content":{"child_layouts":[{"layout":12,"content":{"col_1":[{"value":"[[%romanesco.patterns.included_patterns]]","level":"h5","field":1,"settings":[]},{"chunk_properties":[],"field":84,"settings":{"pattern_list":"includedChunks,includedSnippets,includedTVs","pattern_name":"[[+pattern_name]]"}}],"col_2":[{"value":"[[%romanesco.patterns.referring_patterns]]","level":"h5","field":1,"settings":[]},{"chunk_properties":[],"field":85,"settings":{"pattern_list":"referringChunks,referringSnippets,referringTemplates","pattern_name":"[[+pattern_name]]"}}]},"settings":{"padding":"relaxed","alignment":"","divider":"divided"},"parent":78}],"fieldId":"contentblocks-field-26"}}],"field":76,"settings":{"layout_type":"tabs","accordion_type":"","tab_type":"regular","padding":"padded"}},{"chunk_properties":[],"field":20,"settings":{"resources":"[[*id]]","link_text":"Here I am again","row_tpl":"overviewRowBasicCard","cols":"one","show_subtitle":"0","show_introtext":"0","title_field":"menutitle","title_hierarchy":"h2","img_type":"[[$cbSettingImageType]]","icon_type":"svg","padding":"regular","de_emphasize":"1"}},{"value":"[[Rowboat?\n    &table=`modx_site_htmlsnippets`\n    &tpl=`displayRawElement`\n    &where=`{\"name\":\"[[+pattern_name]]\"}`\n]]","lang":"html","field":86,"settings":{"label":"[[%romanesco.patterns.code_label]]"}},{"rows":[{"heading":{"value":"[[%romanesco.patterns.purpose_title]]","fieldId":"contentblocks-field-34"},"content":{"child_layouts":[{"layout":7,"content":{"main":[{"value":"","field":6,"settings":[]}]},"settings":[],"parent":78}],"fieldId":"contentblocks-field-35"}},{"heading":{"value":"[[%romanesco.patterns.usage_title]]","fieldId":"contentblocks-field-37"},"content":{"child_layouts":[{"layout":7,"content":{"main":[{"value":"","field":6,"settings":[]}]},"settings":[],"parent":78}],"fieldId":"contentblocks-field-38"}},{"heading":{"value":"[[%romanesco.patterns.references_title]]","fieldId":"contentblocks-field-40"},"content":{"child_layouts":[{"layout":12,"content":{"col_1":[{"value":"[[%romanesco.patterns.included_patterns]]","level":"h5","field":1,"settings":[]},{"chunk_properties":[],"field":84,"settings":{"pattern_list":"includedChunks,includedSnippets,includedTVs","pattern_name":"[[+pattern_name]]"}}],"col_2":[{"value":"[[%romanesco.patterns.referring_patterns]]","level":"h5","field":1,"settings":[]},{"chunk_properties":[],"field":85,"settings":{"pattern_list":"referringChunks,referringSnippets,referringTemplates","pattern_name":"[[+pattern_name]]"}}]},"settings":{"padding":"relaxed","alignment":"","divider":"divided"},"parent":78}],"fieldId":"contentblocks-field-41"}}],"field":76,"settings":{"layout_type":"tabs","accordion_type":"","tab_type":"regular","padding":"padded"}},{"chunk_properties":[],"field":19,"settings":{"cols":"five","link_text":"Learn more","row_tpl":"overviewRowBasicLinkCard","show_introtext":"0"}}],"fieldcounts":{"14":2,"86":3,"76":3,"20":1,"19":1},"_isContentBlocks":true}}