{"contentblocks":{"content":"[{\"layout\":17,\"content\":{\"preview\":[{\"value\":\"[[Time:date=`%Y`]]\",\"lang\":\"html\",\"field\":13,\"settings\":{\"label\":\"[[%romanesco.patterns.example_label]]\"}}],\"code\":[{\"value\":\"[[Rowboat?\\n    &table=`modx_site_snippets`\\n    &tpl=`displayRawElement`\\n    &where=`{\\\"name\\\":\\\"[[+pattern_name]]\\\"}`\\n]]\",\"lang\":\"php\",\"field\":86,\"settings\":{\"label\":\"[[%romanesco.patterns.code_label]]\"}}],\"info\":[{\"rows\":[{\"heading\":{\"value\":\"[[%romanesco.patterns.purpose_title]]\",\"fieldId\":\"contentblocks-field-4\"},\"heading_subtitle\":{\"value\":\"\",\"fieldId\":\"contentblocks-field-5\"},\"heading_icon\":{\"url\":\"\",\"size\":\"\",\"width\":\"\",\"height\":\"\",\"extension\":\"\",\"fieldId\":\"contentblocks-field-6\"},\"content\":{\"child_layouts\":[{\"layout\":7,\"content\":{\"main\":[{\"value\":\"\",\"field\":6,\"settings\":[]}]},\"settings\":[],\"parent\":78}],\"fieldId\":\"contentblocks-field-7\"}},{\"heading\":{\"value\":\"[[%romanesco.patterns.usage_title]]\",\"fieldId\":\"contentblocks-field-9\"},\"heading_subtitle\":{\"value\":\"\",\"fieldId\":\"contentblocks-field-10\"},\"heading_icon\":{\"url\":\"\",\"size\":\"\",\"width\":\"\",\"height\":\"\",\"extension\":\"\",\"fieldId\":\"contentblocks-field-11\"},\"content\":{\"child_layouts\":[{\"layout\":7,\"content\":{\"main\":[{\"value\":\"\",\"field\":6,\"settings\":[]}]},\"settings\":[],\"parent\":78}],\"fieldId\":\"contentblocks-field-12\"}},{\"heading\":{\"value\":\"[[%romanesco.patterns.references_title]]\",\"fieldId\":\"contentblocks-field-14\"},\"heading_subtitle\":{\"value\":\"\",\"fieldId\":\"contentblocks-field-15\"},\"heading_icon\":{\"url\":\"\",\"size\":\"\",\"width\":\"\",\"height\":\"\",\"extension\":\"\",\"fieldId\":\"contentblocks-field-16\"},\"content\":{\"child_layouts\":[{\"layout\":12,\"content\":{\"col_1\":[{\"value\":\"[[%romanesco.patterns.included_patterns]]\",\"level\":\"h5\",\"field\":1,\"settings\":[]},{\"chunk_properties\":{},\"field\":84,\"settings\":{\"pattern_list\":\"includedChunks,includedSnippets,includedTVs\",\"pattern_name\":\"[[+pattern_name]]\"}}],\"col_2\":[{\"value\":\"[[%romanesco.patterns.referring_patterns]]\",\"level\":\"h5\",\"field\":1,\"settings\":[]},{\"chunk_properties\":{},\"field\":85,\"settings\":{\"pattern_list\":\"referringChunks,referringSnippets,referringTemplates\",\"pattern_name\":\"[[+pattern_name]]\"}}]},\"settings\":{\"padding\":\"relaxed\",\"alignment\":\"\",\"divider\":\"divided\"},\"parent\":78}],\"fieldId\":\"contentblocks-field-17\"}}],\"field\":76,\"settings\":{\"layout_type\":\"tabs\",\"accordion_type\":\"\",\"tab_type\":\"regular\",\"padding\":\"padded\"}}]},\"settings\":{\"background\":\"white\",\"container_type\":\"\",\"sidebar_width\":\"six\",\"alignment\":\"\",\"pattern_name\":\"Time\",\"pattern_template\":\"patternLayoutFormula\",\"pattern_status\":\"green\"},\"parent\":0,\"title\":\"\"},{\"layout\":17,\"content\":{\"preview\":[{\"value\":\"[[getContextSetting?\\n    &context=`web`\\n    &setting=`site_url`\\n]]\",\"lang\":\"html\",\"field\":13,\"settings\":{\"label\":\"[[%romanesco.patterns.example_label]]\"}}],\"code\":[{\"value\":\"[[Rowboat?\\n    &table=`modx_site_snippets`\\n    &tpl=`displayRawElement`\\n    &where=`{\\\"name\\\":\\\"[[+pattern_name]]\\\"}`\\n]]\",\"lang\":\"php\",\"field\":86,\"settings\":{\"label\":\"[[%romanesco.patterns.code_label]]\"}}],\"info\":[{\"rows\":[{\"heading\":{\"value\":\"[[%romanesco.patterns.purpose_title]]\",\"fieldId\":\"contentblocks-field-25\"},\"heading_subtitle\":{\"value\":\"\",\"fieldId\":\"contentblocks-field-26\"},\"heading_icon\":{\"url\":\"\",\"size\":\"\",\"width\":\"\",\"height\":\"\",\"extension\":\"\",\"fieldId\":\"contentblocks-field-27\"},\"content\":{\"child_layouts\":[{\"layout\":7,\"content\":{\"main\":[{\"value\":\"<p>[[getElementDescription? &name=`[[+pattern_name]]` &type=`[[+pattern_template]]`]] <\/p>\",\"field\":6,\"settings\":[]}]},\"settings\":[],\"parent\":78}],\"fieldId\":\"contentblocks-field-28\"}},{\"heading\":{\"value\":\"[[%romanesco.patterns.usage_title]]\",\"fieldId\":\"contentblocks-field-30\"},\"heading_subtitle\":{\"value\":\"\",\"fieldId\":\"contentblocks-field-31\"},\"heading_icon\":{\"url\":\"\",\"size\":\"\",\"width\":\"\",\"height\":\"\",\"extension\":\"\",\"fieldId\":\"contentblocks-field-32\"},\"content\":{\"child_layouts\":[{\"layout\":7,\"content\":{\"main\":[{\"value\":\"\",\"field\":6,\"settings\":[]}]},\"settings\":[],\"parent\":78}],\"fieldId\":\"contentblocks-field-33\"}},{\"heading\":{\"value\":\"[[%romanesco.patterns.references_title]]\",\"fieldId\":\"contentblocks-field-35\"},\"heading_subtitle\":{\"value\":\"\",\"fieldId\":\"contentblocks-field-36\"},\"heading_icon\":{\"url\":\"\",\"size\":\"\",\"width\":\"\",\"height\":\"\",\"extension\":\"\",\"fieldId\":\"contentblocks-field-37\"},\"content\":{\"child_layouts\":[{\"layout\":12,\"content\":{\"col_1\":[{\"value\":\"[[%romanesco.patterns.included_patterns]]\",\"level\":\"h5\",\"field\":1,\"settings\":[]},{\"chunk_properties\":{},\"field\":84,\"settings\":{\"pattern_list\":\"includedChunks,includedSnippets,includedTVs\",\"pattern_name\":\"[[+pattern_name]]\"}}],\"col_2\":[{\"value\":\"[[%romanesco.patterns.referring_patterns]]\",\"level\":\"h5\",\"field\":1,\"settings\":[]},{\"chunk_properties\":{},\"field\":85,\"settings\":{\"pattern_list\":\"referringChunks,referringSnippets,referringTemplates\",\"pattern_name\":\"[[+pattern_name]]\"}}]},\"settings\":{\"padding\":\"relaxed\",\"alignment\":\"\",\"divider\":\"divided\"},\"parent\":78}],\"fieldId\":\"contentblocks-field-38\"}}],\"field\":76,\"settings\":{\"layout_type\":\"tabs\",\"accordion_type\":\"\",\"tab_type\":\"regular\",\"padding\":\"padded\"}}]},\"settings\":{\"background\":\"white\",\"container_type\":\"\",\"sidebar_width\":\"six\",\"alignment\":\"\",\"pattern_name\":\"getContextSetting\",\"pattern_template\":\"patternLayoutFormula\",\"pattern_status\":\"green\"},\"parent\":0,\"title\":\"\"},{\"layout\":17,\"content\":{\"preview\":[{\"value\":\"[[getElementDescription?\\n    &name=`[[+pattern_name]]`\\n    &type=`[[+pattern_template]]`\\n]] \",\"lang\":\"html\",\"field\":13,\"settings\":{\"label\":\"[[%romanesco.patterns.example_label]]\"}}],\"code\":[{\"value\":\"[[Rowboat?\\n    &table=`modx_site_snippets`\\n    &tpl=`displayRawElement`\\n    &where=`{\\\"name\\\":\\\"[[+pattern_name]]\\\"}`\\n]]\",\"lang\":\"php\",\"field\":86,\"settings\":{\"label\":\"[[%romanesco.patterns.code_label]]\"}}],\"info\":[{\"rows\":[{\"heading\":{\"value\":\"[[%romanesco.patterns.purpose_title]]\",\"fieldId\":\"contentblocks-field-46\"},\"heading_subtitle\":{\"value\":\"\",\"fieldId\":\"contentblocks-field-47\"},\"heading_icon\":{\"url\":\"\",\"size\":\"\",\"width\":\"\",\"height\":\"\",\"extension\":\"\",\"fieldId\":\"contentblocks-field-48\"},\"content\":{\"child_layouts\":[{\"layout\":7,\"content\":{\"main\":[{\"value\":\"<p>[[getElementDescription? &name=`[[+pattern_name]]` &type=`[[+pattern_template]]`]]\\n<\/p>\",\"field\":6,\"settings\":[]}]},\"settings\":[],\"parent\":78}],\"fieldId\":\"contentblocks-field-49\"}},{\"heading\":{\"value\":\"[[%romanesco.patterns.usage_title]]\",\"fieldId\":\"contentblocks-field-51\"},\"heading_subtitle\":{\"value\":\"\",\"fieldId\":\"contentblocks-field-52\"},\"heading_icon\":{\"url\":\"\",\"size\":\"\",\"width\":\"\",\"height\":\"\",\"extension\":\"\",\"fieldId\":\"contentblocks-field-53\"},\"content\":{\"child_layouts\":[{\"layout\":7,\"content\":{\"main\":[{\"value\":\"\",\"field\":6,\"settings\":[]}]},\"settings\":[],\"parent\":78}],\"fieldId\":\"contentblocks-field-54\"}},{\"heading\":{\"value\":\"[[%romanesco.patterns.references_title]]\",\"fieldId\":\"contentblocks-field-56\"},\"heading_subtitle\":{\"value\":\"\",\"fieldId\":\"contentblocks-field-57\"},\"heading_icon\":{\"url\":\"\",\"size\":\"\",\"width\":\"\",\"height\":\"\",\"extension\":\"\",\"fieldId\":\"contentblocks-field-58\"},\"content\":{\"child_layouts\":[{\"layout\":12,\"content\":{\"col_1\":[{\"value\":\"[[%romanesco.patterns.included_patterns]]\",\"level\":\"h5\",\"field\":1,\"settings\":[]},{\"chunk_properties\":{},\"field\":84,\"settings\":{\"pattern_list\":\"includedChunks,includedSnippets,includedTVs\",\"pattern_name\":\"[[+pattern_name]]\"}}],\"col_2\":[{\"value\":\"[[%romanesco.patterns.referring_patterns]]\",\"level\":\"h5\",\"field\":1,\"settings\":[]},{\"chunk_properties\":{},\"field\":85,\"settings\":{\"pattern_list\":\"referringChunks,referringSnippets,referringTemplates\",\"pattern_name\":\"[[+pattern_name]]\"}}]},\"settings\":{\"padding\":\"relaxed\",\"alignment\":\"\",\"divider\":\"divided\"},\"parent\":78}],\"fieldId\":\"contentblocks-field-59\"}}],\"field\":76,\"settings\":{\"layout_type\":\"tabs\",\"accordion_type\":\"\",\"tab_type\":\"regular\",\"padding\":\"padded\"}}]},\"settings\":{\"background\":\"white\",\"container_type\":\"\",\"sidebar_width\":\"six\",\"alignment\":\"\",\"pattern_name\":\"getElementDescription\",\"pattern_template\":\"patternLayoutFormula\",\"pattern_status\":\"green\"},\"parent\":0,\"title\":\"\"},{\"layout\":17,\"content\":{\"preview\":[{\"value\":\"[[firstChildID?\\n    &id=`[[*id]]`\\n]]\",\"lang\":\"html\",\"field\":13,\"settings\":{\"label\":\"[[%romanesco.patterns.example_label]]\"}}],\"code\":[{\"value\":\"[[Rowboat?\\n    &table=`modx_site_snippets`\\n    &tpl=`displayRawElement`\\n    &where=`{\\\"name\\\":\\\"[[+pattern_name]]\\\"}`\\n]]\",\"lang\":\"php\",\"field\":86,\"settings\":{\"label\":\"[[%romanesco.patterns.code_label]]\"}}],\"info\":[{\"rows\":[{\"heading\":{\"value\":\"[[%romanesco.patterns.purpose_title]]\",\"fieldId\":\"contentblocks-field-67\"},\"heading_subtitle\":{\"value\":\"\",\"fieldId\":\"contentblocks-field-68\"},\"heading_icon\":{\"url\":\"\",\"size\":\"\",\"width\":\"\",\"height\":\"\",\"extension\":\"\",\"fieldId\":\"contentblocks-field-69\"},\"content\":{\"child_layouts\":[{\"layout\":7,\"content\":{\"main\":[{\"value\":\"<p>[[getElementDescription? &name=`[[+pattern_name]]` &type=`[[+pattern_template]]`]]\\n<\/p>\",\"field\":6,\"settings\":[]}]},\"settings\":[],\"parent\":78}],\"fieldId\":\"contentblocks-field-70\"}},{\"heading\":{\"value\":\"[[%romanesco.patterns.usage_title]]\",\"fieldId\":\"contentblocks-field-72\"},\"heading_subtitle\":{\"value\":\"\",\"fieldId\":\"contentblocks-field-73\"},\"heading_icon\":{\"url\":\"\",\"size\":\"\",\"width\":\"\",\"height\":\"\",\"extension\":\"\",\"fieldId\":\"contentblocks-field-74\"},\"content\":{\"child_layouts\":[{\"layout\":7,\"content\":{\"main\":[{\"value\":\"\",\"field\":6,\"settings\":[]}]},\"settings\":[],\"parent\":78}],\"fieldId\":\"contentblocks-field-75\"}},{\"heading\":{\"value\":\"[[%romanesco.patterns.references_title]]\",\"fieldId\":\"contentblocks-field-77\"},\"heading_subtitle\":{\"value\":\"\",\"fieldId\":\"contentblocks-field-78\"},\"heading_icon\":{\"url\":\"\",\"size\":\"\",\"width\":\"\",\"height\":\"\",\"extension\":\"\",\"fieldId\":\"contentblocks-field-79\"},\"content\":{\"child_layouts\":[{\"layout\":12,\"content\":{\"col_1\":[{\"value\":\"[[%romanesco.patterns.included_patterns]]\",\"level\":\"h5\",\"field\":1,\"settings\":[]},{\"chunk_properties\":{},\"field\":84,\"settings\":{\"pattern_list\":\"includedChunks,includedSnippets,includedTVs\",\"pattern_name\":\"[[+pattern_name]]\"}}],\"col_2\":[{\"value\":\"[[%romanesco.patterns.referring_patterns]]\",\"level\":\"h5\",\"field\":1,\"settings\":[]},{\"chunk_properties\":{},\"field\":85,\"settings\":{\"pattern_list\":\"referringChunks,referringSnippets,referringTemplates\",\"pattern_name\":\"[[+pattern_name]]\"}}]},\"settings\":{\"padding\":\"relaxed\",\"alignment\":\"\",\"divider\":\"divided\"},\"parent\":78}],\"fieldId\":\"contentblocks-field-80\"}}],\"field\":76,\"settings\":{\"layout_type\":\"tabs\",\"accordion_type\":\"\",\"tab_type\":\"regular\",\"padding\":\"padded\"}}]},\"settings\":{\"background\":\"white\",\"container_type\":\"\",\"sidebar_width\":\"six\",\"alignment\":\"\",\"pattern_name\":\"firstChildID\",\"pattern_template\":\"patternLayoutFormula\",\"pattern_status\":\"green\"},\"parent\":0,\"title\":\"\"}]","linear":[{"value":"[[Time:date=`%Y`]]","lang":"html","field":13,"settings":{"label":"[[%romanesco.patterns.example_label]]"}},{"value":"[[Rowboat?\n    &table=`modx_site_snippets`\n    &tpl=`displayRawElement`\n    &where=`{\"name\":\"[[+pattern_name]]\"}`\n]]","lang":"php","field":86,"settings":{"label":"[[%romanesco.patterns.code_label]]"}},{"rows":[{"heading":{"value":"[[%romanesco.patterns.purpose_title]]","fieldId":"contentblocks-field-4"},"heading_subtitle":{"value":"","fieldId":"contentblocks-field-5"},"heading_icon":{"url":"","size":"","width":"","height":"","extension":"","fieldId":"contentblocks-field-6"},"content":{"child_layouts":[{"layout":7,"content":{"main":[{"value":"","field":6,"settings":[]}]},"settings":[],"parent":78}],"fieldId":"contentblocks-field-7"}},{"heading":{"value":"[[%romanesco.patterns.usage_title]]","fieldId":"contentblocks-field-9"},"heading_subtitle":{"value":"","fieldId":"contentblocks-field-10"},"heading_icon":{"url":"","size":"","width":"","height":"","extension":"","fieldId":"contentblocks-field-11"},"content":{"child_layouts":[{"layout":7,"content":{"main":[{"value":"","field":6,"settings":[]}]},"settings":[],"parent":78}],"fieldId":"contentblocks-field-12"}},{"heading":{"value":"[[%romanesco.patterns.references_title]]","fieldId":"contentblocks-field-14"},"heading_subtitle":{"value":"","fieldId":"contentblocks-field-15"},"heading_icon":{"url":"","size":"","width":"","height":"","extension":"","fieldId":"contentblocks-field-16"},"content":{"child_layouts":[{"layout":12,"content":{"col_1":[{"value":"[[%romanesco.patterns.included_patterns]]","level":"h5","field":1,"settings":[]},{"chunk_properties":[],"field":84,"settings":{"pattern_list":"includedChunks,includedSnippets,includedTVs","pattern_name":"[[+pattern_name]]"}}],"col_2":[{"value":"[[%romanesco.patterns.referring_patterns]]","level":"h5","field":1,"settings":[]},{"chunk_properties":[],"field":85,"settings":{"pattern_list":"referringChunks,referringSnippets,referringTemplates","pattern_name":"[[+pattern_name]]"}}]},"settings":{"padding":"relaxed","alignment":"","divider":"divided"},"parent":78}],"fieldId":"contentblocks-field-17"}}],"field":76,"settings":{"layout_type":"tabs","accordion_type":"","tab_type":"regular","padding":"padded"}},{"value":"[[getContextSetting?\n    &context=`web`\n    &setting=`site_url`\n]]","lang":"html","field":13,"settings":{"label":"[[%romanesco.patterns.example_label]]"}},{"value":"[[Rowboat?\n    &table=`modx_site_snippets`\n    &tpl=`displayRawElement`\n    &where=`{\"name\":\"[[+pattern_name]]\"}`\n]]","lang":"php","field":86,"settings":{"label":"[[%romanesco.patterns.code_label]]"}},{"rows":[{"heading":{"value":"[[%romanesco.patterns.purpose_title]]","fieldId":"contentblocks-field-25"},"heading_subtitle":{"value":"","fieldId":"contentblocks-field-26"},"heading_icon":{"url":"","size":"","width":"","height":"","extension":"","fieldId":"contentblocks-field-27"},"content":{"child_layouts":[{"layout":7,"content":{"main":[{"value":"<p>[[getElementDescription? &name=`[[+pattern_name]]` &type=`[[+pattern_template]]`]] <\/p>","field":6,"settings":[]}]},"settings":[],"parent":78}],"fieldId":"contentblocks-field-28"}},{"heading":{"value":"[[%romanesco.patterns.usage_title]]","fieldId":"contentblocks-field-30"},"heading_subtitle":{"value":"","fieldId":"contentblocks-field-31"},"heading_icon":{"url":"","size":"","width":"","height":"","extension":"","fieldId":"contentblocks-field-32"},"content":{"child_layouts":[{"layout":7,"content":{"main":[{"value":"","field":6,"settings":[]}]},"settings":[],"parent":78}],"fieldId":"contentblocks-field-33"}},{"heading":{"value":"[[%romanesco.patterns.references_title]]","fieldId":"contentblocks-field-35"},"heading_subtitle":{"value":"","fieldId":"contentblocks-field-36"},"heading_icon":{"url":"","size":"","width":"","height":"","extension":"","fieldId":"contentblocks-field-37"},"content":{"child_layouts":[{"layout":12,"content":{"col_1":[{"value":"[[%romanesco.patterns.included_patterns]]","level":"h5","field":1,"settings":[]},{"chunk_properties":[],"field":84,"settings":{"pattern_list":"includedChunks,includedSnippets,includedTVs","pattern_name":"[[+pattern_name]]"}}],"col_2":[{"value":"[[%romanesco.patterns.referring_patterns]]","level":"h5","field":1,"settings":[]},{"chunk_properties":[],"field":85,"settings":{"pattern_list":"referringChunks,referringSnippets,referringTemplates","pattern_name":"[[+pattern_name]]"}}]},"settings":{"padding":"relaxed","alignment":"","divider":"divided"},"parent":78}],"fieldId":"contentblocks-field-38"}}],"field":76,"settings":{"layout_type":"tabs","accordion_type":"","tab_type":"regular","padding":"padded"}},{"value":"[[getElementDescription?\n    &name=`[[+pattern_name]]`\n    &type=`[[+pattern_template]]`\n]] ","lang":"html","field":13,"settings":{"label":"[[%romanesco.patterns.example_label]]"}},{"value":"[[Rowboat?\n    &table=`modx_site_snippets`\n    &tpl=`displayRawElement`\n    &where=`{\"name\":\"[[+pattern_name]]\"}`\n]]","lang":"php","field":86,"settings":{"label":"[[%romanesco.patterns.code_label]]"}},{"rows":[{"heading":{"value":"[[%romanesco.patterns.purpose_title]]","fieldId":"contentblocks-field-46"},"heading_subtitle":{"value":"","fieldId":"contentblocks-field-47"},"heading_icon":{"url":"","size":"","width":"","height":"","extension":"","fieldId":"contentblocks-field-48"},"content":{"child_layouts":[{"layout":7,"content":{"main":[{"value":"<p>[[getElementDescription? &name=`[[+pattern_name]]` &type=`[[+pattern_template]]`]]\n<\/p>","field":6,"settings":[]}]},"settings":[],"parent":78}],"fieldId":"contentblocks-field-49"}},{"heading":{"value":"[[%romanesco.patterns.usage_title]]","fieldId":"contentblocks-field-51"},"heading_subtitle":{"value":"","fieldId":"contentblocks-field-52"},"heading_icon":{"url":"","size":"","width":"","height":"","extension":"","fieldId":"contentblocks-field-53"},"content":{"child_layouts":[{"layout":7,"content":{"main":[{"value":"","field":6,"settings":[]}]},"settings":[],"parent":78}],"fieldId":"contentblocks-field-54"}},{"heading":{"value":"[[%romanesco.patterns.references_title]]","fieldId":"contentblocks-field-56"},"heading_subtitle":{"value":"","fieldId":"contentblocks-field-57"},"heading_icon":{"url":"","size":"","width":"","height":"","extension":"","fieldId":"contentblocks-field-58"},"content":{"child_layouts":[{"layout":12,"content":{"col_1":[{"value":"[[%romanesco.patterns.included_patterns]]","level":"h5","field":1,"settings":[]},{"chunk_properties":[],"field":84,"settings":{"pattern_list":"includedChunks,includedSnippets,includedTVs","pattern_name":"[[+pattern_name]]"}}],"col_2":[{"value":"[[%romanesco.patterns.referring_patterns]]","level":"h5","field":1,"settings":[]},{"chunk_properties":[],"field":85,"settings":{"pattern_list":"referringChunks,referringSnippets,referringTemplates","pattern_name":"[[+pattern_name]]"}}]},"settings":{"padding":"relaxed","alignment":"","divider":"divided"},"parent":78}],"fieldId":"contentblocks-field-59"}}],"field":76,"settings":{"layout_type":"tabs","accordion_type":"","tab_type":"regular","padding":"padded"}},{"value":"[[firstChildID?\n    &id=`[[*id]]`\n]]","lang":"html","field":13,"settings":{"label":"[[%romanesco.patterns.example_label]]"}},{"value":"[[Rowboat?\n    &table=`modx_site_snippets`\n    &tpl=`displayRawElement`\n    &where=`{\"name\":\"[[+pattern_name]]\"}`\n]]","lang":"php","field":86,"settings":{"label":"[[%romanesco.patterns.code_label]]"}},{"rows":[{"heading":{"value":"[[%romanesco.patterns.purpose_title]]","fieldId":"contentblocks-field-67"},"heading_subtitle":{"value":"","fieldId":"contentblocks-field-68"},"heading_icon":{"url":"","size":"","width":"","height":"","extension":"","fieldId":"contentblocks-field-69"},"content":{"child_layouts":[{"layout":7,"content":{"main":[{"value":"<p>[[getElementDescription? &name=`[[+pattern_name]]` &type=`[[+pattern_template]]`]]\n<\/p>","field":6,"settings":[]}]},"settings":[],"parent":78}],"fieldId":"contentblocks-field-70"}},{"heading":{"value":"[[%romanesco.patterns.usage_title]]","fieldId":"contentblocks-field-72"},"heading_subtitle":{"value":"","fieldId":"contentblocks-field-73"},"heading_icon":{"url":"","size":"","width":"","height":"","extension":"","fieldId":"contentblocks-field-74"},"content":{"child_layouts":[{"layout":7,"content":{"main":[{"value":"","field":6,"settings":[]}]},"settings":[],"parent":78}],"fieldId":"contentblocks-field-75"}},{"heading":{"value":"[[%romanesco.patterns.references_title]]","fieldId":"contentblocks-field-77"},"heading_subtitle":{"value":"","fieldId":"contentblocks-field-78"},"heading_icon":{"url":"","size":"","width":"","height":"","extension":"","fieldId":"contentblocks-field-79"},"content":{"child_layouts":[{"layout":12,"content":{"col_1":[{"value":"[[%romanesco.patterns.included_patterns]]","level":"h5","field":1,"settings":[]},{"chunk_properties":[],"field":84,"settings":{"pattern_list":"includedChunks,includedSnippets,includedTVs","pattern_name":"[[+pattern_name]]"}}],"col_2":[{"value":"[[%romanesco.patterns.referring_patterns]]","level":"h5","field":1,"settings":[]},{"chunk_properties":[],"field":85,"settings":{"pattern_list":"referringChunks,referringSnippets,referringTemplates","pattern_name":"[[+pattern_name]]"}}]},"settings":{"padding":"relaxed","alignment":"","divider":"divided"},"parent":78}],"fieldId":"contentblocks-field-80"}}],"field":76,"settings":{"layout_type":"tabs","accordion_type":"","tab_type":"regular","padding":"padded"}}],"fieldcounts":{"13":4,"86":4,"76":4},"_isContentBlocks":true}}