{"contentblocks":{"content":"[{\"layout\":18,\"content\":{\"main\":[{\"child_layouts\":[{\"layout\":5,\"content\":{\"col_1\":[{\"value\":\"Heading 1<br>\",\"level\":\"h1\",\"field\":1,\"settings\":[]},{\"value\":\"Heading 2\",\"level\":\"h2\",\"field\":1,\"settings\":[]},{\"value\":\"Heading 3\",\"level\":\"h3\",\"field\":1,\"settings\":[]},{\"value\":\"Heading 4\",\"level\":\"h4\",\"field\":1,\"settings\":[]},{\"value\":\"Heading 5\",\"level\":\"h5\",\"field\":1,\"settings\":[]},{\"value\":\"Heading 6\",\"level\":\"h6\",\"field\":1,\"settings\":[]}],\"col_2\":[{\"value\":\"Heading 1\",\"level\":\"h1\",\"field\":1,\"settings\":{\"alignment\":\"center aligned\",\"anchor\":\"\"}},{\"value\":\"Heading 2\",\"level\":\"h2\",\"field\":1,\"settings\":{\"alignment\":\"center aligned\",\"anchor\":\"\"}},{\"value\":\"Heading 3\",\"level\":\"h3\",\"field\":1,\"settings\":{\"alignment\":\"center aligned\",\"anchor\":\"\"}},{\"value\":\"Heading 4\",\"level\":\"h4\",\"field\":1,\"settings\":{\"alignment\":\"center aligned\",\"anchor\":\"\"}},{\"value\":\"Heading 5\",\"level\":\"h5\",\"field\":1,\"settings\":{\"alignment\":\"center aligned\",\"anchor\":\"\"}},{\"value\":\"Heading 6\",\"level\":\"h6\",\"field\":1,\"settings\":{\"alignment\":\"center aligned\",\"anchor\":\"\"}}],\"col_3\":[{\"value\":\"Heading 1<br>\",\"level\":\"h1\",\"field\":1,\"settings\":{\"alignment\":\"right aligned\",\"anchor\":\"\"}},{\"value\":\"Heading 2\",\"level\":\"h2\",\"field\":1,\"settings\":{\"alignment\":\"right aligned\",\"anchor\":\"\"}},{\"value\":\"Heading 3<br>\",\"level\":\"h3\",\"field\":1,\"settings\":{\"alignment\":\"right aligned\",\"anchor\":\"\"}},{\"value\":\"Heading 4\",\"level\":\"h4\",\"field\":1,\"settings\":{\"alignment\":\"right aligned\",\"anchor\":\"\"}},{\"value\":\"Heading 5\",\"level\":\"h5\",\"field\":1,\"settings\":{\"alignment\":\"right aligned\",\"anchor\":\"\"}},{\"value\":\"Heading 6\",\"level\":\"h6\",\"field\":1,\"settings\":{\"alignment\":\"right aligned\",\"anchor\":\"\"}}]},\"settings\":{\"background\":\"white\",\"container_type\":\"\",\"padding\":\"relaxed\",\"alignment\":\"\",\"divider\":\"divided\"},\"parent\":87},{\"layout\":6,\"content\":{\"col_1\":[{\"value\":\"Heading with subtitle<br>\",\"level\":\"h1\",\"field\":25,\"settings\":{\"subtitle\":\"Sometimes you need one or two extra lines to clarify what the heading is about.\"}},{\"value\":\"Another heading with subtitle<br>\",\"level\":\"h2\",\"field\":25,\"settings\":{\"subtitle\":\"Don't place entire paragraphs in here though...\"}},{\"value\":1,\"field\":5,\"settings\":[]},{\"child_layouts\":[{\"layout\":11,\"content\":{\"col_1\":[{\"value\":\"Left aligned<br>\",\"level\":\"h3\",\"field\":25,\"settings\":{\"subtitle\":\"Also possible\"}}],\"col_2\":[{\"value\":\"Center aligned<br>\",\"level\":\"h4\",\"field\":25,\"settings\":{\"subtitle\":\"with headings\",\"alignment\":\"center aligned\"}}],\"col_3\":[{\"value\":\"Right aligned<br>\",\"level\":\"h5\",\"field\":25,\"settings\":{\"subtitle\":\"containing a subtitle\",\"alignment\":\"right aligned\"}}]},\"settings\":{\"padding\":\"regular\",\"alignment\":\"\",\"divider\":\" \"},\"parent\":87}],\"field\":87,\"settings\":[]}],\"col_2\":[{\"value\":\"<h1 class=\\\"ui header\\\">Heading 1 followed by a paragraph<\/h1><p>The goal of the front-end pattern library is to give you an overview\\n of all the available patterns in the system. It briefly describes the \\npurpose of each pattern, informs you about potential caveats and shows \\nits relationships to other patterns.\\n<\/p><h2>Heading 2 followed by a paragraph<\/h2><p>The goal of the front-end pattern library is to give you an overview of all the available patterns in the system. It briefly describes the purpose of each pattern, informs you about potential caveats and shows its relationships to other patterns.\\n<\/p>\",\"field\":6,\"settings\":[]}]},\"settings\":{\"background\":\"white\",\"container_type\":\"\",\"padding\":\"very relaxed\",\"alignment\":\"\",\"divider\":\"divided\"},\"parent\":87},{\"layout\":5,\"content\":{\"col_1\":[{\"value\":\"Heading with <a href=\\\"[[~15]]\\\">link<\/a><br>\",\"level\":\"h3\",\"field\":1,\"settings\":[]},{\"value\":\"<a href=\\\"[[~15]]\\\">Heading as full link<\/a><br>\",\"level\":\"h3\",\"field\":1,\"settings\":[]},{\"value\":\"Heading with anchor link<br>\",\"level\":\"h3\",\"field\":1,\"settings\":{\"alignment\":\"\",\"anchor\":\"Anchor\"}}],\"col_2\":[{\"chunk_properties\":{},\"field\":19,\"settings\":{\"cols\":\"one\",\"show_introtext\":\"0\",\"row_tpl\":\"overviewRowBasic\",\"show_subtitle\":\"0\",\"link_text\":\"\",\"parent\":\"[[++romanesco.pattern_container_id]]\",\"title_field\":\"pagetitle\",\"title_hierarchy\":\"h2\",\"depth\":\"0\",\"limit\":\"3\",\"show_hidden\":\"0\",\"sortby\":\"menuindex\",\"pagination\":\"0\",\"img_type\":\"landscape\",\"icon_type\":\"svg\",\"padding\":\"regular\",\"de_emphasize\":\"0\"}}],\"col_3\":[{\"chunk_properties\":{},\"field\":19,\"settings\":{\"show_introtext\":\"0\",\"row_tpl\":\"overviewRowBasic\",\"cols\":\"two\",\"show_subtitle\":\"0\",\"link_text\":\"\",\"parent\":\"[[++romanesco.pattern_container_id]]\",\"title_field\":\"menutitle\",\"title_hierarchy\":\"h3\",\"depth\":\"0\",\"limit\":\"6\",\"show_hidden\":\"0\",\"sortby\":\"menuindex\",\"pagination\":\"0\",\"img_type\":\"landscape\",\"icon_type\":\"svg\",\"padding\":\"regular\",\"de_emphasize\":\"0\"}}]},\"settings\":{\"background\":\"white\",\"container_type\":\"\",\"padding\":\"relaxed\",\"alignment\":\"\",\"divider\":\"divided\"},\"parent\":87}],\"field\":87,\"settings\":[]}],\"info\":[{\"child_layouts\":[{\"layout\":12,\"content\":{\"col_1\":[{\"value\":\"<p>Address issues with multiple includedBosons calls on 1 page Address issues with multiple includedBosons calls on 1 page<span class=\\\"redactor-invisible-space\\\">Address issues with multiple includedBosons calls on 1 page<span class=\\\"redactor-invisible-space\\\">.<br><\/span><\/span><\/p><p>Address issues with multiple includedBosons calls on 1 pageAddress issues with multiple includedBosons calls on 1 page<span class=\\\"redactor-invisible-space\\\"> Address issues with multiple includedBosons calls on 1 page<span class=\\\"redactor-invisible-space\\\">Address issues with multiple includedBosons calls on 1 page<span class=\\\"redactor-invisible-space\\\">.<\/span><\/span><\/span><br><span class=\\\"redactor-invisible-space\\\"><span class=\\\"redactor-invisible-space\\\"><\/span><\/span><\/p>\",\"field\":6,\"settings\":{\"segment_type\":\"\",\"padding\":\"regular\",\"alignment\":\"\"}}],\"col_2\":[{\"value\":\"<p>Address issues with multiple includedBosons calls on 1 page<span class=\\\"redactor-invisible-space\\\"> Address issues with multiple includedBosons calls on 1 page<span class=\\\"redactor-invisible-space\\\">Address issues with multiple includedBosons calls on 1 page<span class=\\\"redactor-invisible-space\\\">.<br><\/span><\/span><\/span>\\n<\/p>Address issues with multiple includedBosons calls on 1 page<span class=\\\"redactor-invisible-space\\\">Address issues with multiple includedBosons calls on 1 page<span class=\\\"redactor-invisible-space\\\"> Address issues with multiple <\/span><\/span>\",\"field\":6,\"settings\":{\"segment_type\":\"\",\"padding\":\"regular\",\"alignment\":\"\"}}]},\"settings\":{\"padding\":\"relaxed\",\"alignment\":\"\",\"divider\":\"celled\"},\"parent\":17}],\"field\":17,\"settings\":[]}],\"meta\":[{\"value\":\"[[includedBosons?\\n    &layout=`[[+layout_idx]]`\\n    &filterFields=`5,6,14,17,87`\\n]]\",\"lang\":\"html\",\"field\":14,\"settings\":[]}]},\"settings\":{\"background\":\"white\",\"container_type\":\"\",\"sidebar_width\":\"four\",\"alignment\":\"\",\"pattern_name\":\"\",\"pattern_template\":\"patternLayoutAtom\",\"layout_title\":\"It starts with a single header\"},\"parent\":0,\"title\":\"\"},{\"layout\":18,\"content\":{\"main\":[{\"child_layouts\":[{\"layout\":1,\"content\":{\"main\":[{\"value\":\"Full width heading<br>\",\"level\":\"h1\",\"field\":25,\"settings\":{\"subtitle\":\"This puppy automatically gets a little more weight than usual if it's H1, for extra impact.\",\"alignment\":\"center aligned\"}}]},\"settings\":[],\"parent\":87}],\"field\":87,\"settings\":[]}],\"info\":[{\"child_layouts\":[{\"layout\":12,\"content\":{\"col_1\":[{\"value\":\"\",\"field\":6,\"settings\":[]}],\"col_2\":[{\"value\":\"\",\"field\":6,\"settings\":[]}]},\"settings\":{\"padding\":\"relaxed\",\"alignment\":\"\",\"divider\":\"celled\"},\"parent\":17}],\"field\":17,\"settings\":[]}],\"meta\":[{\"value\":\"[[includedBosons?\\n    &layout=`[[+layout_idx]]`\\n    &filterFields=`6,14,17,87`\\n]]\",\"lang\":\"html\",\"field\":14,\"settings\":[]}]},\"settings\":{\"sidebar_width\":\"four\",\"layout_title\":\"H1 and H2 behave differently when full width\"},\"parent\":0,\"title\":\"\"},{\"layout\":18,\"content\":{\"main\":[{\"child_layouts\":[{\"layout\":5,\"content\":{\"col_1\":[{\"value\":\"<h3>A basic Rich Text area<\/h3><p>The goal of the front-end pattern library is to give you an overview\\n of all the available patterns in the system. It briefly describes the \\npurpose of each pattern, informs you about potential caveats and shows \\nits relationships to other patterns.\\n<\/p>\",\"field\":6,\"settings\":{\"segment_type\":\"basic\",\"padding\":\"regular\",\"alignment\":\"\"}}],\"col_2\":[{\"value\":\"<h3>A basic Rich Text area<\/h3><p>The goal of the front-end pattern library is to give you an overview\\n of all the available patterns in the system. It briefly describes the \\npurpose of each pattern, informs you about potential caveats and shows \\nits relationships to other patterns.\\n<\/p>\",\"field\":6,\"settings\":{\"segment_type\":\"regular\",\"padding\":\"regular\",\"alignment\":\"\"}}],\"col_3\":[{\"value\":\"<h3>A basic Rich Text area<\/h3><p>The goal of the front-end pattern library is to give you an overview\\n of all the available patterns in the system. It briefly describes the \\npurpose of each pattern, informs you about potential caveats and shows \\nits relationships to other patterns.\\n<\/p>\",\"field\":6,\"settings\":{\"segment_type\":\"raised\",\"padding\":\"regular\",\"alignment\":\"\"}}]},\"settings\":[],\"parent\":87}],\"field\":87,\"settings\":[]}],\"info\":[{\"child_layouts\":[{\"layout\":12,\"content\":{\"col_1\":[{\"value\":\"\",\"field\":6,\"settings\":[]}],\"col_2\":[{\"value\":\"\",\"field\":6,\"settings\":[]}]},\"settings\":{\"padding\":\"relaxed\",\"alignment\":\"\",\"divider\":\"celled\"},\"parent\":17}],\"field\":17,\"settings\":[]}],\"meta\":[{\"value\":\"[[includedBosons?\\n    &layout=`[[+layout_idx]]`\\n    &filterFields=`6,14,17,87`\\n]]\",\"lang\":\"html\",\"field\":14,\"settings\":[]}]},\"settings\":{\"sidebar_width\":\"four\",\"layout_title\":\"The rich text editor (or RTE)\"},\"parent\":0,\"title\":\"\"},{\"layout\":18,\"content\":{\"main\":[{\"child_layouts\":[{\"layout\":1,\"content\":{\"main\":[{\"value\":\"<h1>One Morning, When Gregor Samsa Woke<\/h1>\\n<p class=\\\"lead\\\">From troubled dreams, he found himself transformed in his\\n bed into a horrible vermin. He lay on his armour-like back, and if he \\nlifted his head a little he could see his brown belly, slightly domed \\nand divided by arches into stiff sections. The bedding was hardly able \\nto cover it and seemed ready to slide off any moment.\\n<\/p>\\n<p>His many legs, pitifully thin compared with the size of \\nthe rest of him, waved about helplessly as he looked. \\\"What's happened \\nto me?\\\" he thought. It wasn't a dream. His room, a proper human room \\nalthough a little too small, lay peacefully between its four familiar \\nwalls.\\n<\/p>\\n<h2>One Morning, When Gregor Samsa Woke<\/h2>\\n<p>From troubled dreams, he found himself transformed in his\\n bed into a horrible vermin. He lay on his armour-like back, and if he \\nlifted his head a little he could see his brown belly, slightly domed \\nand divided by arches into stiff sections. The bedding was hardly able \\nto cover it and seemed ready to slide off any moment.\\n<\/p>\\n<p>His many legs, pitifully thin compared with the size of \\nthe rest of him, waved about helplessly as he looked. \\\"What's happened \\nto me?\\\" he thought. It wasn't a dream. His room, a proper human room \\nalthough a little too small, lay peacefully between its four familiar \\nwalls.\\n<\/p>\\n<p class=\\\"meta\\\"><em>\u2014 Excerpt from The Metamorphosis, by Franz Kafka.<\/em><br>\\n<\/p>\",\"field\":6,\"settings\":[]}]},\"settings\":{\"background\":\"white\",\"container_type\":\"text\",\"alignment\":\"\"},\"parent\":87}],\"field\":87,\"settings\":[]}],\"info\":[{\"child_layouts\":[{\"layout\":12,\"content\":{\"col_1\":[{\"value\":\"\",\"field\":6,\"settings\":[]}],\"col_2\":[{\"value\":\"\",\"field\":6,\"settings\":[]}]},\"settings\":{\"padding\":\"relaxed\",\"alignment\":\"\",\"divider\":\"celled\"},\"parent\":17}],\"field\":17,\"settings\":[]}],\"meta\":[{\"value\":\"[[includedBosons?\\n    &layout=`[[+layout_idx]]`\\n    &filterFields=`6,14,17,87`\\n]]\",\"lang\":\"html\",\"field\":14,\"settings\":[]}]},\"settings\":{\"sidebar_width\":\"four\",\"layout_title\":\"Writing and reading\"},\"parent\":0,\"title\":\"\"},{\"layout\":18,\"content\":{\"main\":[{\"child_layouts\":[{\"layout\":4,\"content\":{\"col_1\":[{\"items\":[{\"value\":\"Atoms\",\"items\":[]},{\"value\":\"Molecules\",\"items\":[]},{\"value\":\"Organisms\",\"items\":[]},{\"value\":\"Templates\",\"items\":[]},{\"value\":\"Pages\",\"items\":[]}],\"field\":11,\"settings\":{\"list_type\":\"bulleted\",\"list_options\":\"\",\"list_size\":\"large\",\"list_padding\":\"relaxed\",\"list_icon\":\"search icon\"}}],\"col_2\":[{\"items\":[{\"value\":\"Atoms\",\"items\":[]},{\"value\":\"Molecules\",\"items\":[]},{\"value\":\"Organisms\",\"items\":[]},{\"value\":\"Templates\",\"items\":[]},{\"value\":\"Pages\",\"items\":[]}],\"field\":11,\"settings\":{\"list_type\":\"ordered\",\"list_options\":\"\",\"list_size\":\"large\",\"list_padding\":\"relaxed\",\"list_icon\":\"search icon\"}}],\"col_3\":[{\"items\":[{\"value\":\"Atoms\",\"items\":[]},{\"value\":\"Molecules\",\"items\":[]},{\"value\":\"Organisms\",\"items\":[]},{\"value\":\"Templates\",\"items\":[]},{\"value\":\"Pages\",\"items\":[]}],\"field\":11,\"settings\":{\"list_type\":\"icon\",\"list_options\":\"\",\"list_size\":\"large\",\"list_padding\":\"relaxed\",\"list_icon\":\"checkmark icon\"}}],\"col_4\":[{\"items\":[{\"value\":\"Atoms\",\"items\":[]},{\"value\":\"Molecules\",\"items\":[]},{\"value\":\"Organisms\",\"items\":[]},{\"value\":\"Templates\",\"items\":[]},{\"value\":\"Pages\",\"items\":[]}],\"field\":11,\"settings\":{\"list_type\":\"\",\"list_options\":\"divided\",\"list_size\":\"large\",\"list_padding\":\"relaxed\",\"list_icon\":\"search icon\"}}]},\"settings\":{\"background\":\"white\",\"container_type\":\"\",\"padding\":\"very relaxed\",\"alignment\":\"\",\"divider\":\"divided\"},\"parent\":87}],\"field\":87,\"settings\":[]}],\"info\":[{\"child_layouts\":[{\"layout\":12,\"content\":{\"col_1\":[{\"value\":\"\",\"field\":6,\"settings\":[]}],\"col_2\":[{\"value\":\"\",\"field\":6,\"settings\":[]}]},\"settings\":{\"padding\":\"relaxed\",\"alignment\":\"\",\"divider\":\"celled\"},\"parent\":17}],\"field\":17,\"settings\":[]}],\"meta\":[{\"value\":\"[[includedBosons?\\n    &layout=`[[+layout_idx]]`\\n    &filterFields=`6,14,17,87`\\n]]\",\"lang\":\"html\",\"field\":14,\"settings\":[]}]},\"settings\":{\"sidebar_width\":\"four\",\"layout_title\":\"Working with lists\"},\"parent\":0,\"title\":\"\"},{\"layout\":18,\"content\":{\"main\":[{\"child_layouts\":[{\"layout\":6,\"content\":{\"col_1\":[{\"value\":\"What\u2019s happened to me?\",\"cite\":\"Gregor Samsa\",\"field\":15,\"settings\":[]}],\"col_2\":[{\"value\":\"From troubled dreams, he found himself transformed in his bed into a horrible vermin. He lay on his armour-like back, and if he lifted his head a little he could see his brown belly, slightly domed and divided by arches into stiff sections. The bedding was hardly able to cover it and seemed ready to slide off any moment.\",\"cite\":\"Franz Kafka\",\"field\":15,\"settings\":[]}]},\"settings\":[],\"parent\":87}],\"field\":87,\"settings\":[]}],\"info\":[{\"child_layouts\":[{\"layout\":12,\"content\":{\"col_1\":[{\"value\":\"\",\"field\":6,\"settings\":[]}],\"col_2\":[{\"value\":\"\",\"field\":6,\"settings\":[]}]},\"settings\":{\"padding\":\"relaxed\",\"alignment\":\"\",\"divider\":\"celled\"},\"parent\":17}],\"field\":17,\"settings\":[]}],\"meta\":[{\"value\":\"[[includedBosons?\\n    &layout=`[[+layout_idx]]`\\n    &filterFields=`6,14,17,87`\\n]]\",\"lang\":\"html\",\"field\":14,\"settings\":[]}]},\"settings\":{\"sidebar_width\":\"four\",\"layout_title\":\"Quote of the day\"},\"parent\":0,\"title\":\"\"}]","linear":[{"child_layouts":[{"layout":5,"content":{"col_1":[{"value":"Heading 1<br>","level":"h1","field":1,"settings":[]},{"value":"Heading 2","level":"h2","field":1,"settings":[]},{"value":"Heading 3","level":"h3","field":1,"settings":[]},{"value":"Heading 4","level":"h4","field":1,"settings":[]},{"value":"Heading 5","level":"h5","field":1,"settings":[]},{"value":"Heading 6","level":"h6","field":1,"settings":[]}],"col_2":[{"value":"Heading 1","level":"h1","field":1,"settings":{"alignment":"center aligned","anchor":""}},{"value":"Heading 2","level":"h2","field":1,"settings":{"alignment":"center aligned","anchor":""}},{"value":"Heading 3","level":"h3","field":1,"settings":{"alignment":"center aligned","anchor":""}},{"value":"Heading 4","level":"h4","field":1,"settings":{"alignment":"center aligned","anchor":""}},{"value":"Heading 5","level":"h5","field":1,"settings":{"alignment":"center aligned","anchor":""}},{"value":"Heading 6","level":"h6","field":1,"settings":{"alignment":"center aligned","anchor":""}}],"col_3":[{"value":"Heading 1<br>","level":"h1","field":1,"settings":{"alignment":"right aligned","anchor":""}},{"value":"Heading 2","level":"h2","field":1,"settings":{"alignment":"right aligned","anchor":""}},{"value":"Heading 3<br>","level":"h3","field":1,"settings":{"alignment":"right aligned","anchor":""}},{"value":"Heading 4","level":"h4","field":1,"settings":{"alignment":"right aligned","anchor":""}},{"value":"Heading 5","level":"h5","field":1,"settings":{"alignment":"right aligned","anchor":""}},{"value":"Heading 6","level":"h6","field":1,"settings":{"alignment":"right aligned","anchor":""}}]},"settings":{"background":"white","container_type":"","padding":"relaxed","alignment":"","divider":"divided"},"parent":87},{"layout":6,"content":{"col_1":[{"value":"Heading with subtitle<br>","level":"h1","field":25,"settings":{"subtitle":"Sometimes you need one or two extra lines to clarify what the heading is about."}},{"value":"Another heading with subtitle<br>","level":"h2","field":25,"settings":{"subtitle":"Don't place entire paragraphs in here though..."}},{"value":1,"field":5,"settings":[]},{"child_layouts":[{"layout":11,"content":{"col_1":[{"value":"Left aligned<br>","level":"h3","field":25,"settings":{"subtitle":"Also possible"}}],"col_2":[{"value":"Center aligned<br>","level":"h4","field":25,"settings":{"subtitle":"with headings","alignment":"center aligned"}}],"col_3":[{"value":"Right aligned<br>","level":"h5","field":25,"settings":{"subtitle":"containing a subtitle","alignment":"right aligned"}}]},"settings":{"padding":"regular","alignment":"","divider":" "},"parent":87}],"field":87,"settings":[]}],"col_2":[{"value":"<h1 class=\"ui header\">Heading 1 followed by a paragraph<\/h1><p>The goal of the front-end pattern library is to give you an overview\n of all the available patterns in the system. It briefly describes the \npurpose of each pattern, informs you about potential caveats and shows \nits relationships to other patterns.\n<\/p><h2>Heading 2 followed by a paragraph<\/h2><p>The goal of the front-end pattern library is to give you an overview of all the available patterns in the system. It briefly describes the purpose of each pattern, informs you about potential caveats and shows its relationships to other patterns.\n<\/p>","field":6,"settings":[]}]},"settings":{"background":"white","container_type":"","padding":"very relaxed","alignment":"","divider":"divided"},"parent":87},{"layout":5,"content":{"col_1":[{"value":"Heading with <a href=\"[[~15]]\">link<\/a><br>","level":"h3","field":1,"settings":[]},{"value":"<a href=\"[[~15]]\">Heading as full link<\/a><br>","level":"h3","field":1,"settings":[]},{"value":"Heading with anchor link<br>","level":"h3","field":1,"settings":{"alignment":"","anchor":"Anchor"}}],"col_2":[{"chunk_properties":[],"field":19,"settings":{"cols":"one","show_introtext":"0","row_tpl":"overviewRowBasic","show_subtitle":"0","link_text":"","parent":"[[++romanesco.pattern_container_id]]","title_field":"pagetitle","title_hierarchy":"h2","depth":"0","limit":"3","show_hidden":"0","sortby":"menuindex","pagination":"0","img_type":"landscape","icon_type":"svg","padding":"regular","de_emphasize":"0"}}],"col_3":[{"chunk_properties":[],"field":19,"settings":{"show_introtext":"0","row_tpl":"overviewRowBasic","cols":"two","show_subtitle":"0","link_text":"","parent":"[[++romanesco.pattern_container_id]]","title_field":"menutitle","title_hierarchy":"h3","depth":"0","limit":"6","show_hidden":"0","sortby":"menuindex","pagination":"0","img_type":"landscape","icon_type":"svg","padding":"regular","de_emphasize":"0"}}]},"settings":{"background":"white","container_type":"","padding":"relaxed","alignment":"","divider":"divided"},"parent":87}],"field":87,"settings":[]},{"value":"Heading 1<br>","level":"h1","field":1,"settings":[]},{"value":"Heading 2","level":"h2","field":1,"settings":[]},{"value":"Heading 3","level":"h3","field":1,"settings":[]},{"value":"Heading 4","level":"h4","field":1,"settings":[]},{"value":"Heading 5","level":"h5","field":1,"settings":[]},{"value":"Heading 6","level":"h6","field":1,"settings":[]},{"value":"Heading 1","level":"h1","field":1,"settings":{"alignment":"center aligned","anchor":""}},{"value":"Heading 2","level":"h2","field":1,"settings":{"alignment":"center aligned","anchor":""}},{"value":"Heading 3","level":"h3","field":1,"settings":{"alignment":"center aligned","anchor":""}},{"value":"Heading 4","level":"h4","field":1,"settings":{"alignment":"center aligned","anchor":""}},{"value":"Heading 5","level":"h5","field":1,"settings":{"alignment":"center aligned","anchor":""}},{"value":"Heading 6","level":"h6","field":1,"settings":{"alignment":"center aligned","anchor":""}},{"value":"Heading 1<br>","level":"h1","field":1,"settings":{"alignment":"right aligned","anchor":""}},{"value":"Heading 2","level":"h2","field":1,"settings":{"alignment":"right aligned","anchor":""}},{"value":"Heading 3<br>","level":"h3","field":1,"settings":{"alignment":"right aligned","anchor":""}},{"value":"Heading 4","level":"h4","field":1,"settings":{"alignment":"right aligned","anchor":""}},{"value":"Heading 5","level":"h5","field":1,"settings":{"alignment":"right aligned","anchor":""}},{"value":"Heading 6","level":"h6","field":1,"settings":{"alignment":"right aligned","anchor":""}},{"value":"Heading with subtitle<br>","level":"h1","field":25,"settings":{"subtitle":"Sometimes you need one or two extra lines to clarify what the heading is about."}},{"value":"Another heading with subtitle<br>","level":"h2","field":25,"settings":{"subtitle":"Don't place entire paragraphs in here though..."}},{"value":1,"field":5,"settings":[]},{"child_layouts":[{"layout":11,"content":{"col_1":[{"value":"Left aligned<br>","level":"h3","field":25,"settings":{"subtitle":"Also possible"}}],"col_2":[{"value":"Center aligned<br>","level":"h4","field":25,"settings":{"subtitle":"with headings","alignment":"center aligned"}}],"col_3":[{"value":"Right aligned<br>","level":"h5","field":25,"settings":{"subtitle":"containing a subtitle","alignment":"right aligned"}}]},"settings":{"padding":"regular","alignment":"","divider":" "},"parent":87}],"field":87,"settings":[]},{"value":"Left aligned<br>","level":"h3","field":25,"settings":{"subtitle":"Also possible"}},{"value":"Center aligned<br>","level":"h4","field":25,"settings":{"subtitle":"with headings","alignment":"center aligned"}},{"value":"Right aligned<br>","level":"h5","field":25,"settings":{"subtitle":"containing a subtitle","alignment":"right aligned"}},{"value":"<h1 class=\"ui header\">Heading 1 followed by a paragraph<\/h1><p>The goal of the front-end pattern library is to give you an overview\n of all the available patterns in the system. It briefly describes the \npurpose of each pattern, informs you about potential caveats and shows \nits relationships to other patterns.\n<\/p><h2>Heading 2 followed by a paragraph<\/h2><p>The goal of the front-end pattern library is to give you an overview of all the available patterns in the system. It briefly describes the purpose of each pattern, informs you about potential caveats and shows its relationships to other patterns.\n<\/p>","field":6,"settings":[]},{"value":"Heading with <a href=\"[[~15]]\">link<\/a><br>","level":"h3","field":1,"settings":[]},{"value":"<a href=\"[[~15]]\">Heading as full link<\/a><br>","level":"h3","field":1,"settings":[]},{"value":"Heading with anchor link<br>","level":"h3","field":1,"settings":{"alignment":"","anchor":"Anchor"}},{"chunk_properties":[],"field":19,"settings":{"cols":"one","show_introtext":"0","row_tpl":"overviewRowBasic","show_subtitle":"0","link_text":"","parent":"[[++romanesco.pattern_container_id]]","title_field":"pagetitle","title_hierarchy":"h2","depth":"0","limit":"3","show_hidden":"0","sortby":"menuindex","pagination":"0","img_type":"landscape","icon_type":"svg","padding":"regular","de_emphasize":"0"}},{"chunk_properties":[],"field":19,"settings":{"show_introtext":"0","row_tpl":"overviewRowBasic","cols":"two","show_subtitle":"0","link_text":"","parent":"[[++romanesco.pattern_container_id]]","title_field":"menutitle","title_hierarchy":"h3","depth":"0","limit":"6","show_hidden":"0","sortby":"menuindex","pagination":"0","img_type":"landscape","icon_type":"svg","padding":"regular","de_emphasize":"0"}},{"child_layouts":[{"layout":12,"content":{"col_1":[{"value":"<p>Address issues with multiple includedBosons calls on 1 page Address issues with multiple includedBosons calls on 1 page<span class=\"redactor-invisible-space\">Address issues with multiple includedBosons calls on 1 page<span class=\"redactor-invisible-space\">.<br><\/span><\/span><\/p><p>Address issues with multiple includedBosons calls on 1 pageAddress issues with multiple includedBosons calls on 1 page<span class=\"redactor-invisible-space\"> Address issues with multiple includedBosons calls on 1 page<span class=\"redactor-invisible-space\">Address issues with multiple includedBosons calls on 1 page<span class=\"redactor-invisible-space\">.<\/span><\/span><\/span><br><span class=\"redactor-invisible-space\"><span class=\"redactor-invisible-space\"><\/span><\/span><\/p>","field":6,"settings":{"segment_type":"","padding":"regular","alignment":""}}],"col_2":[{"value":"<p>Address issues with multiple includedBosons calls on 1 page<span class=\"redactor-invisible-space\"> Address issues with multiple includedBosons calls on 1 page<span class=\"redactor-invisible-space\">Address issues with multiple includedBosons calls on 1 page<span class=\"redactor-invisible-space\">.<br><\/span><\/span><\/span>\n<\/p>Address issues with multiple includedBosons calls on 1 page<span class=\"redactor-invisible-space\">Address issues with multiple includedBosons calls on 1 page<span class=\"redactor-invisible-space\"> Address issues with multiple <\/span><\/span>","field":6,"settings":{"segment_type":"","padding":"regular","alignment":""}}]},"settings":{"padding":"relaxed","alignment":"","divider":"celled"},"parent":17}],"field":17,"settings":[]},{"value":"<p>Address issues with multiple includedBosons calls on 1 page Address issues with multiple includedBosons calls on 1 page<span class=\"redactor-invisible-space\">Address issues with multiple includedBosons calls on 1 page<span class=\"redactor-invisible-space\">.<br><\/span><\/span><\/p><p>Address issues with multiple includedBosons calls on 1 pageAddress issues with multiple includedBosons calls on 1 page<span class=\"redactor-invisible-space\"> Address issues with multiple includedBosons calls on 1 page<span class=\"redactor-invisible-space\">Address issues with multiple includedBosons calls on 1 page<span class=\"redactor-invisible-space\">.<\/span><\/span><\/span><br><span class=\"redactor-invisible-space\"><span class=\"redactor-invisible-space\"><\/span><\/span><\/p>","field":6,"settings":{"segment_type":"","padding":"regular","alignment":""}},{"value":"<p>Address issues with multiple includedBosons calls on 1 page<span class=\"redactor-invisible-space\"> Address issues with multiple includedBosons calls on 1 page<span class=\"redactor-invisible-space\">Address issues with multiple includedBosons calls on 1 page<span class=\"redactor-invisible-space\">.<br><\/span><\/span><\/span>\n<\/p>Address issues with multiple includedBosons calls on 1 page<span class=\"redactor-invisible-space\">Address issues with multiple includedBosons calls on 1 page<span class=\"redactor-invisible-space\"> Address issues with multiple <\/span><\/span>","field":6,"settings":{"segment_type":"","padding":"regular","alignment":""}},{"value":"[[includedBosons?\n    &layout=`[[+layout_idx]]`\n    &filterFields=`5,6,14,17,87`\n]]","lang":"html","field":14,"settings":[]},{"child_layouts":[{"layout":1,"content":{"main":[{"value":"Full width heading<br>","level":"h1","field":25,"settings":{"subtitle":"This puppy automatically gets a little more weight than usual if it's H1, for extra impact.","alignment":"center aligned"}}]},"settings":[],"parent":87}],"field":87,"settings":[]},{"value":"Full width heading<br>","level":"h1","field":25,"settings":{"subtitle":"This puppy automatically gets a little more weight than usual if it's H1, for extra impact.","alignment":"center aligned"}},{"child_layouts":[{"layout":12,"content":{"col_1":[{"value":"","field":6,"settings":[]}],"col_2":[{"value":"","field":6,"settings":[]}]},"settings":{"padding":"relaxed","alignment":"","divider":"celled"},"parent":17}],"field":17,"settings":[]},{"value":"","field":6,"settings":[]},{"value":"","field":6,"settings":[]},{"value":"[[includedBosons?\n    &layout=`[[+layout_idx]]`\n    &filterFields=`6,14,17,87`\n]]","lang":"html","field":14,"settings":[]},{"child_layouts":[{"layout":5,"content":{"col_1":[{"value":"<h3>A basic Rich Text area<\/h3><p>The goal of the front-end pattern library is to give you an overview\n of all the available patterns in the system. It briefly describes the \npurpose of each pattern, informs you about potential caveats and shows \nits relationships to other patterns.\n<\/p>","field":6,"settings":{"segment_type":"basic","padding":"regular","alignment":""}}],"col_2":[{"value":"<h3>A basic Rich Text area<\/h3><p>The goal of the front-end pattern library is to give you an overview\n of all the available patterns in the system. It briefly describes the \npurpose of each pattern, informs you about potential caveats and shows \nits relationships to other patterns.\n<\/p>","field":6,"settings":{"segment_type":"regular","padding":"regular","alignment":""}}],"col_3":[{"value":"<h3>A basic Rich Text area<\/h3><p>The goal of the front-end pattern library is to give you an overview\n of all the available patterns in the system. It briefly describes the \npurpose of each pattern, informs you about potential caveats and shows \nits relationships to other patterns.\n<\/p>","field":6,"settings":{"segment_type":"raised","padding":"regular","alignment":""}}]},"settings":[],"parent":87}],"field":87,"settings":[]},{"value":"<h3>A basic Rich Text area<\/h3><p>The goal of the front-end pattern library is to give you an overview\n of all the available patterns in the system. It briefly describes the \npurpose of each pattern, informs you about potential caveats and shows \nits relationships to other patterns.\n<\/p>","field":6,"settings":{"segment_type":"basic","padding":"regular","alignment":""}},{"value":"<h3>A basic Rich Text area<\/h3><p>The goal of the front-end pattern library is to give you an overview\n of all the available patterns in the system. It briefly describes the \npurpose of each pattern, informs you about potential caveats and shows \nits relationships to other patterns.\n<\/p>","field":6,"settings":{"segment_type":"regular","padding":"regular","alignment":""}},{"value":"<h3>A basic Rich Text area<\/h3><p>The goal of the front-end pattern library is to give you an overview\n of all the available patterns in the system. It briefly describes the \npurpose of each pattern, informs you about potential caveats and shows \nits relationships to other patterns.\n<\/p>","field":6,"settings":{"segment_type":"raised","padding":"regular","alignment":""}},{"child_layouts":[{"layout":12,"content":{"col_1":[{"value":"","field":6,"settings":[]}],"col_2":[{"value":"","field":6,"settings":[]}]},"settings":{"padding":"relaxed","alignment":"","divider":"celled"},"parent":17}],"field":17,"settings":[]},{"value":"","field":6,"settings":[]},{"value":"","field":6,"settings":[]},{"value":"[[includedBosons?\n    &layout=`[[+layout_idx]]`\n    &filterFields=`6,14,17,87`\n]]","lang":"html","field":14,"settings":[]},{"child_layouts":[{"layout":1,"content":{"main":[{"value":"<h1>One Morning, When Gregor Samsa Woke<\/h1>\n<p class=\"lead\">From troubled dreams, he found himself transformed in his\n bed into a horrible vermin. He lay on his armour-like back, and if he \nlifted his head a little he could see his brown belly, slightly domed \nand divided by arches into stiff sections. The bedding was hardly able \nto cover it and seemed ready to slide off any moment.\n<\/p>\n<p>His many legs, pitifully thin compared with the size of \nthe rest of him, waved about helplessly as he looked. \"What's happened \nto me?\" he thought. It wasn't a dream. His room, a proper human room \nalthough a little too small, lay peacefully between its four familiar \nwalls.\n<\/p>\n<h2>One Morning, When Gregor Samsa Woke<\/h2>\n<p>From troubled dreams, he found himself transformed in his\n bed into a horrible vermin. He lay on his armour-like back, and if he \nlifted his head a little he could see his brown belly, slightly domed \nand divided by arches into stiff sections. The bedding was hardly able \nto cover it and seemed ready to slide off any moment.\n<\/p>\n<p>His many legs, pitifully thin compared with the size of \nthe rest of him, waved about helplessly as he looked. \"What's happened \nto me?\" he thought. It wasn't a dream. His room, a proper human room \nalthough a little too small, lay peacefully between its four familiar \nwalls.\n<\/p>\n<p class=\"meta\"><em>\u2014 Excerpt from The Metamorphosis, by Franz Kafka.<\/em><br>\n<\/p>","field":6,"settings":[]}]},"settings":{"background":"white","container_type":"text","alignment":""},"parent":87}],"field":87,"settings":[]},{"value":"<h1>One Morning, When Gregor Samsa Woke<\/h1>\n<p class=\"lead\">From troubled dreams, he found himself transformed in his\n bed into a horrible vermin. He lay on his armour-like back, and if he \nlifted his head a little he could see his brown belly, slightly domed \nand divided by arches into stiff sections. The bedding was hardly able \nto cover it and seemed ready to slide off any moment.\n<\/p>\n<p>His many legs, pitifully thin compared with the size of \nthe rest of him, waved about helplessly as he looked. \"What's happened \nto me?\" he thought. It wasn't a dream. His room, a proper human room \nalthough a little too small, lay peacefully between its four familiar \nwalls.\n<\/p>\n<h2>One Morning, When Gregor Samsa Woke<\/h2>\n<p>From troubled dreams, he found himself transformed in his\n bed into a horrible vermin. He lay on his armour-like back, and if he \nlifted his head a little he could see his brown belly, slightly domed \nand divided by arches into stiff sections. The bedding was hardly able \nto cover it and seemed ready to slide off any moment.\n<\/p>\n<p>His many legs, pitifully thin compared with the size of \nthe rest of him, waved about helplessly as he looked. \"What's happened \nto me?\" he thought. It wasn't a dream. His room, a proper human room \nalthough a little too small, lay peacefully between its four familiar \nwalls.\n<\/p>\n<p class=\"meta\"><em>\u2014 Excerpt from The Metamorphosis, by Franz Kafka.<\/em><br>\n<\/p>","field":6,"settings":[]},{"child_layouts":[{"layout":12,"content":{"col_1":[{"value":"","field":6,"settings":[]}],"col_2":[{"value":"","field":6,"settings":[]}]},"settings":{"padding":"relaxed","alignment":"","divider":"celled"},"parent":17}],"field":17,"settings":[]},{"value":"","field":6,"settings":[]},{"value":"","field":6,"settings":[]},{"value":"[[includedBosons?\n    &layout=`[[+layout_idx]]`\n    &filterFields=`6,14,17,87`\n]]","lang":"html","field":14,"settings":[]},{"child_layouts":[{"layout":4,"content":{"col_1":[{"items":[{"value":"Atoms","items":[]},{"value":"Molecules","items":[]},{"value":"Organisms","items":[]},{"value":"Templates","items":[]},{"value":"Pages","items":[]}],"field":11,"settings":{"list_type":"bulleted","list_options":"","list_size":"large","list_padding":"relaxed","list_icon":"search icon"}}],"col_2":[{"items":[{"value":"Atoms","items":[]},{"value":"Molecules","items":[]},{"value":"Organisms","items":[]},{"value":"Templates","items":[]},{"value":"Pages","items":[]}],"field":11,"settings":{"list_type":"ordered","list_options":"","list_size":"large","list_padding":"relaxed","list_icon":"search icon"}}],"col_3":[{"items":[{"value":"Atoms","items":[]},{"value":"Molecules","items":[]},{"value":"Organisms","items":[]},{"value":"Templates","items":[]},{"value":"Pages","items":[]}],"field":11,"settings":{"list_type":"icon","list_options":"","list_size":"large","list_padding":"relaxed","list_icon":"checkmark icon"}}],"col_4":[{"items":[{"value":"Atoms","items":[]},{"value":"Molecules","items":[]},{"value":"Organisms","items":[]},{"value":"Templates","items":[]},{"value":"Pages","items":[]}],"field":11,"settings":{"list_type":"","list_options":"divided","list_size":"large","list_padding":"relaxed","list_icon":"search icon"}}]},"settings":{"background":"white","container_type":"","padding":"very relaxed","alignment":"","divider":"divided"},"parent":87}],"field":87,"settings":[]},{"items":[{"value":"Atoms","items":[]},{"value":"Molecules","items":[]},{"value":"Organisms","items":[]},{"value":"Templates","items":[]},{"value":"Pages","items":[]}],"field":11,"settings":{"list_type":"bulleted","list_options":"","list_size":"large","list_padding":"relaxed","list_icon":"search icon"}},{"items":[{"value":"Atoms","items":[]},{"value":"Molecules","items":[]},{"value":"Organisms","items":[]},{"value":"Templates","items":[]},{"value":"Pages","items":[]}],"field":11,"settings":{"list_type":"ordered","list_options":"","list_size":"large","list_padding":"relaxed","list_icon":"search icon"}},{"items":[{"value":"Atoms","items":[]},{"value":"Molecules","items":[]},{"value":"Organisms","items":[]},{"value":"Templates","items":[]},{"value":"Pages","items":[]}],"field":11,"settings":{"list_type":"icon","list_options":"","list_size":"large","list_padding":"relaxed","list_icon":"checkmark icon"}},{"items":[{"value":"Atoms","items":[]},{"value":"Molecules","items":[]},{"value":"Organisms","items":[]},{"value":"Templates","items":[]},{"value":"Pages","items":[]}],"field":11,"settings":{"list_type":"","list_options":"divided","list_size":"large","list_padding":"relaxed","list_icon":"search icon"}},{"child_layouts":[{"layout":12,"content":{"col_1":[{"value":"","field":6,"settings":[]}],"col_2":[{"value":"","field":6,"settings":[]}]},"settings":{"padding":"relaxed","alignment":"","divider":"celled"},"parent":17}],"field":17,"settings":[]},{"value":"","field":6,"settings":[]},{"value":"","field":6,"settings":[]},{"value":"[[includedBosons?\n    &layout=`[[+layout_idx]]`\n    &filterFields=`6,14,17,87`\n]]","lang":"html","field":14,"settings":[]},{"child_layouts":[{"layout":6,"content":{"col_1":[{"value":"What\u2019s happened to me?","cite":"Gregor Samsa","field":15,"settings":[]}],"col_2":[{"value":"From troubled dreams, he found himself transformed in his bed into a horrible vermin. He lay on his armour-like back, and if he lifted his head a little he could see his brown belly, slightly domed and divided by arches into stiff sections. The bedding was hardly able to cover it and seemed ready to slide off any moment.","cite":"Franz Kafka","field":15,"settings":[]}]},"settings":[],"parent":87}],"field":87,"settings":[]},{"value":"What\u2019s happened to me?","cite":"Gregor Samsa","field":15,"settings":[]},{"value":"From troubled dreams, he found himself transformed in his bed into a horrible vermin. He lay on his armour-like back, and if he lifted his head a little he could see his brown belly, slightly domed and divided by arches into stiff sections. The bedding was hardly able to cover it and seemed ready to slide off any moment.","cite":"Franz Kafka","field":15,"settings":[]},{"child_layouts":[{"layout":12,"content":{"col_1":[{"value":"","field":6,"settings":[]}],"col_2":[{"value":"","field":6,"settings":[]}]},"settings":{"padding":"relaxed","alignment":"","divider":"celled"},"parent":17}],"field":17,"settings":[]},{"value":"","field":6,"settings":[]},{"value":"","field":6,"settings":[]},{"value":"[[includedBosons?\n    &layout=`[[+layout_idx]]`\n    &filterFields=`6,14,17,87`\n]]","lang":"html","field":14,"settings":[]}],"fieldcounts":{"87":7,"1":21,"25":6,"5":1,"6":17,"19":2,"17":6,"14":6,"11":4,"15":2},"_isContentBlocks":true}}