{"contentblocks":{"content":"[{\"layout\":18,\"content\":{\"main\":[{\"child_layouts\":[{\"layout\":1,\"content\":{\"main\":[{\"chunk_properties\":{},\"field\":19,\"settings\":{\"cols\":\"four\",\"row_tpl\":\"overviewRowBasic\",\"show_subtitle\":\"1\",\"show_introtext\":\"0\",\"link_text\":\"Learn more\",\"parent\":\"[[++romanesco.pattern_container_id]]\",\"title_field\":\"menutitle\",\"title_hierarchy\":\"h2\",\"depth\":\"0\",\"limit\":\"4\",\"show_hidden\":\"0\",\"sortby\":\"menuindex\",\"pagination\":\"0\",\"img_type\":\"landscape\",\"icon_type\":\"svg\",\"padding\":\"regular\",\"de_emphasize\":\"0\"}}]},\"settings\":[],\"parent\":87}],\"field\":87,\"settings\":[]}],\"info\":[{\"child_layouts\":[{\"layout\":12,\"content\":{\"col_1\":[{\"value\":\"\",\"field\":6,\"settings\":[]}],\"col_2\":[{\"value\":\"\",\"field\":6,\"settings\":[]}]},\"settings\":{\"padding\":\"relaxed\",\"alignment\":\"\",\"divider\":\"celled\"},\"parent\":17}],\"field\":17,\"settings\":[]}],\"meta\":[{\"value\":\"[[includedBosons?\\n    &layout=`[[+layout_idx]]`\\n    &filterFields=`6,14,17,87`\\n]]\",\"lang\":\"html\",\"field\":14,\"settings\":[]}]},\"settings\":{\"sidebar_width\":\"four\",\"layout_title\":\"Creating overviews of child pages\"},\"parent\":0,\"title\":\"\"}]","linear":[{"child_layouts":[{"layout":1,"content":{"main":[{"chunk_properties":[],"field":19,"settings":{"cols":"four","row_tpl":"overviewRowBasic","show_subtitle":"1","show_introtext":"0","link_text":"Learn more","parent":"[[++romanesco.pattern_container_id]]","title_field":"menutitle","title_hierarchy":"h2","depth":"0","limit":"4","show_hidden":"0","sortby":"menuindex","pagination":"0","img_type":"landscape","icon_type":"svg","padding":"regular","de_emphasize":"0"}}]},"settings":[],"parent":87}],"field":87,"settings":[]},{"chunk_properties":[],"field":19,"settings":{"cols":"four","row_tpl":"overviewRowBasic","show_subtitle":"1","show_introtext":"0","link_text":"Learn more","parent":"[[++romanesco.pattern_container_id]]","title_field":"menutitle","title_hierarchy":"h2","depth":"0","limit":"4","show_hidden":"0","sortby":"menuindex","pagination":"0","img_type":"landscape","icon_type":"svg","padding":"regular","de_emphasize":"0"}},{"child_layouts":[{"layout":12,"content":{"col_1":[{"value":"","field":6,"settings":[]}],"col_2":[{"value":"","field":6,"settings":[]}]},"settings":{"padding":"relaxed","alignment":"","divider":"celled"},"parent":17}],"field":17,"settings":[]},{"value":"","field":6,"settings":[]},{"value":"","field":6,"settings":[]},{"value":"[[includedBosons?\n    &layout=`[[+layout_idx]]`\n    &filterFields=`6,14,17,87`\n]]","lang":"html","field":14,"settings":[]}],"fieldcounts":{"87":1,"19":1,"17":1,"6":2,"14":1},"_isContentBlocks":true}}