{"contentblocks":{"content":"[{\"layout\":14,\"content\":{\"main\":[{\"chunk_properties\":{},\"field\":27,\"settings\":{\"field_name\":\"Your question\",\"field_required\":\"1\",\"field_layout\":\"horizontal\",\"helptext_position\":\"bottom\",\"field_rows\":\"7\",\"field_placeholder\":\"\",\"field_helptext\":\"\"}},{\"chunk_properties\":{},\"field\":26,\"settings\":{\"field_name\":\"Your name\",\"field_required\":\"1\"}},{\"chunk_properties\":{},\"field\":41,\"settings\":{\"field_name\":\"Email address\"}},{\"chunk_properties\":{},\"field\":26,\"settings\":{\"field_name\":\"Phone number\"}}]},\"settings\":{\"legend\":\"Contact\"},\"parent\":0,\"title\":\"\"}]","linear":[{"chunk_properties":[],"field":27,"settings":{"field_name":"Your question","field_required":"1","field_layout":"horizontal","helptext_position":"bottom","field_rows":"7","field_placeholder":"","field_helptext":""}},{"chunk_properties":[],"field":26,"settings":{"field_name":"Your name","field_required":"1"}},{"chunk_properties":[],"field":41,"settings":{"field_name":"Email address"}},{"chunk_properties":[],"field":26,"settings":{"field_name":"Phone number"}}],"fieldcounts":{"27":1,"26":2,"41":1},"_isContentBlocks":true}}