{"contentblocks":{"content":"[{\"layout\":17,\"content\":{\"preview\":[{\"link\":\"120\",\"linkType\":\"resource\",\"field\":9,\"settings\":{\"button_text\":\"Looking for some interaction\",\"button_type\":\"primary\",\"button_options\":\"compact\",\"button_size\":\"large\",\"new_window\":\"0\",\"icon_class\":\"\",\"icon_options\":\"\"}},{\"link\":\"\",\"linkType\":\"link\",\"field\":9,\"settings\":{\"button_text\":\"Eye can have an eye-con\",\"button_type\":\"basic\",\"button_size\":\"medium\",\"button_block\":\"0\",\"new_window\":\"0\",\"icon_class\":\"eye icon\"}},{\"link\":\"http:\/\/fractal-farming.com\",\"linkType\":\"link\",\"field\":9,\"settings\":{\"button_text\":\"Or open in a new window\",\"button_type\":\"regular\",\"button_size\":\"medium\",\"compact\":\"\",\"button_block\":\"0\",\"new_window\":\"1\",\"icon_class\":\"external icon\",\"icon_options\":\"right,labeled\",\"button_options\":\"\"}}],\"code\":[{\"value\":\"[[Rowboat?\\n    &table=`modx_contentblocks_field`\\n    &tpl=`displayRawTemplate`\\n    &where=`{\\\"name\\\":\\\"[[+pattern_name]]\\\",\\\"parent\\\":\\\"0\\\"}`\\n]]\",\"lang\":\"html\",\"field\":86,\"settings\":{\"label\":\"[[%romanesco.patterns.template_label]]\"}}],\"info\":[{\"rows\":[{\"heading\":{\"value\":\"[[%romanesco.patterns.purpose_title]]\",\"fieldId\":\"contentblocks-field-6\"},\"content\":{\"child_layouts\":[{\"layout\":7,\"content\":{\"main\":[{\"value\":\"<p>[[+[[+cf]].description]]<\/p>\",\"field\":6,\"settings\":[]}]},\"settings\":[],\"parent\":78}],\"fieldId\":\"contentblocks-field-7\"}},{\"heading\":{\"value\":\"[[%romanesco.patterns.usage_title]]\",\"fieldId\":\"contentblocks-field-9\"},\"content\":{\"child_layouts\":[{\"layout\":7,\"content\":{\"main\":[{\"value\":\"\",\"field\":6,\"settings\":[]}]},\"settings\":[],\"parent\":78}],\"fieldId\":\"contentblocks-field-10\"}},{\"heading\":{\"value\":\"[[%romanesco.patterns.settings_title]]\",\"fieldId\":\"contentblocks-field-12\"},\"content\":{\"child_layouts\":[{\"layout\":7,\"content\":{\"main\":[{\"value\":\"[[+[[+cf]].settings_json]]\",\"lang\":\"json\",\"field\":83,\"settings\":[]}]},\"settings\":[],\"parent\":78}],\"fieldId\":\"contentblocks-field-13\"}},{\"heading\":{\"value\":\"[[%romanesco.patterns.references_title]]\",\"fieldId\":\"contentblocks-field-15\"},\"content\":{\"child_layouts\":[{\"layout\":12,\"content\":{\"col_1\":[{\"value\":\"[[%romanesco.patterns.included_patterns]]\",\"level\":\"h5\",\"field\":1,\"settings\":[]},{\"chunk_properties\":{},\"field\":84,\"settings\":{\"pattern_name\":\"[[+pattern_name]]\"}}],\"col_2\":[{\"value\":\"[[%romanesco.patterns.referring_pages]]\",\"level\":\"h5\",\"field\":1,\"settings\":[]},{\"chunk_properties\":{},\"field\":85,\"settings\":{\"pattern_list\":\"referringPatterns\",\"pattern_template\":\"[[+pattern_template]]\",\"pattern_name\":\"[[+pattern_name]]\"}}]},\"settings\":{\"padding\":\"relaxed\",\"alignment\":\"\",\"divider\":\"divided\"},\"parent\":78}],\"fieldId\":\"contentblocks-field-16\"}}],\"field\":76,\"settings\":{\"layout_type\":\"tabs\",\"accordion_type\":\"\",\"tab_type\":\"regular\",\"padding\":\"padded\"}}]},\"settings\":{\"background\":\"white\",\"container_type\":\"\",\"sidebar_width\":\"six\",\"alignment\":\"\",\"pattern_name\":\"Button\",\"pattern_template\":\"patternLayoutBosonField\"},\"parent\":0,\"title\":\"\"},{\"layout\":17,\"content\":{\"preview\":[{\"chunk_properties\":{},\"field\":29,\"settings\":{\"cta_id\":\"\"}}],\"code\":[{\"value\":\"[[Rowboat?\\n    &table=`modx_contentblocks_field`\\n    &tpl=`displayRawTemplate`\\n    &where=`{\\\"name\\\":\\\"[[+pattern_name]]\\\",\\\"parent\\\":\\\"0\\\"}`\\n]]\",\"lang\":\"html\",\"field\":86,\"settings\":{\"label\":\"[[%romanesco.patterns.template_label]]\"}}],\"info\":[{\"rows\":[{\"heading\":{\"value\":\"[[%romanesco.patterns.purpose_title]]\",\"fieldId\":\"contentblocks-field-24\"},\"content\":{\"child_layouts\":[{\"layout\":7,\"content\":{\"main\":[{\"value\":\"<p>[[+[[+cf]].description]]<\/p>\",\"field\":6,\"settings\":[]}]},\"settings\":[],\"parent\":78}],\"fieldId\":\"contentblocks-field-25\"}},{\"heading\":{\"value\":\"[[%romanesco.patterns.usage_title]]\",\"fieldId\":\"contentblocks-field-27\"},\"content\":{\"child_layouts\":[{\"layout\":7,\"content\":{\"main\":[{\"value\":\"\",\"field\":6,\"settings\":[]}]},\"settings\":[],\"parent\":78}],\"fieldId\":\"contentblocks-field-28\"}},{\"heading\":{\"value\":\"[[%romanesco.patterns.settings_title]]\",\"fieldId\":\"contentblocks-field-30\"},\"content\":{\"child_layouts\":[{\"layout\":7,\"content\":{\"main\":[{\"value\":\"[[+[[+cf]].settings_json]]\",\"lang\":\"json\",\"field\":83,\"settings\":[]}]},\"settings\":[],\"parent\":78}],\"fieldId\":\"contentblocks-field-31\"}},{\"heading\":{\"value\":\"[[%romanesco.patterns.references_title]]\",\"fieldId\":\"contentblocks-field-33\"},\"content\":{\"child_layouts\":[{\"layout\":12,\"content\":{\"col_1\":[{\"value\":\"[[%romanesco.patterns.included_patterns]]\",\"level\":\"h5\",\"field\":1,\"settings\":[]},{\"chunk_properties\":{},\"field\":84,\"settings\":{\"pattern_name\":\"[[+pattern_name]]\"}}],\"col_2\":[{\"value\":\"[[%romanesco.patterns.referring_pages]]\",\"level\":\"h5\",\"field\":1,\"settings\":[]},{\"chunk_properties\":{},\"field\":85,\"settings\":{\"pattern_list\":\"referringPatterns\",\"pattern_template\":\"[[+pattern_template]]\",\"pattern_name\":\"[[+pattern_name]]\"}}]},\"settings\":{\"padding\":\"relaxed\",\"alignment\":\"\",\"divider\":\"divided\"},\"parent\":78}],\"fieldId\":\"contentblocks-field-34\"}}],\"field\":76,\"settings\":{\"layout_type\":\"tabs\",\"accordion_type\":\"\",\"tab_type\":\"regular\",\"padding\":\"padded\"}}]},\"settings\":{\"background\":\"white\",\"container_type\":\"\",\"sidebar_width\":\"six\",\"alignment\":\"\",\"pattern_name\":\"Call To Action\",\"pattern_template\":\"patternLayoutBosonField\"},\"parent\":0,\"title\":\"\"},{\"layout\":17,\"content\":{\"preview\":[{\"chunk_properties\":{},\"field\":22,\"settings\":{\"form_id\":\"\"}}],\"code\":[{\"value\":\"[[Rowboat?\\n    &table=`modx_contentblocks_field`\\n    &tpl=`displayRawTemplate`\\n    &where=`{\\\"name\\\":\\\"[[+pattern_name]]\\\",\\\"parent\\\":\\\"0\\\"}`\\n]]\",\"lang\":\"html\",\"field\":86,\"settings\":{\"label\":\"[[%romanesco.patterns.template_label]]\"}}],\"info\":[{\"rows\":[{\"heading\":{\"value\":\"[[%romanesco.patterns.purpose_title]]\",\"fieldId\":\"contentblocks-field-42\"},\"content\":{\"child_layouts\":[{\"layout\":7,\"content\":{\"main\":[{\"value\":\"<p>[[+[[+cf]].description]]<\/p>\",\"field\":6,\"settings\":[]}]},\"settings\":[],\"parent\":78}],\"fieldId\":\"contentblocks-field-43\"}},{\"heading\":{\"value\":\"[[%romanesco.patterns.usage_title]]\",\"fieldId\":\"contentblocks-field-45\"},\"content\":{\"child_layouts\":[{\"layout\":7,\"content\":{\"main\":[{\"value\":\"\",\"field\":6,\"settings\":[]}]},\"settings\":[],\"parent\":78}],\"fieldId\":\"contentblocks-field-46\"}},{\"heading\":{\"value\":\"[[%romanesco.patterns.settings_title]]\",\"fieldId\":\"contentblocks-field-48\"},\"content\":{\"child_layouts\":[{\"layout\":7,\"content\":{\"main\":[{\"value\":\"[[+[[+cf]].settings_json]]\",\"lang\":\"json\",\"field\":83,\"settings\":[]}]},\"settings\":[],\"parent\":78}],\"fieldId\":\"contentblocks-field-49\"}},{\"heading\":{\"value\":\"[[%romanesco.patterns.references_title]]\",\"fieldId\":\"contentblocks-field-51\"},\"content\":{\"child_layouts\":[{\"layout\":12,\"content\":{\"col_1\":[{\"value\":\"[[%romanesco.patterns.included_patterns]]\",\"level\":\"h5\",\"field\":1,\"settings\":[]},{\"chunk_properties\":{},\"field\":84,\"settings\":{\"pattern_name\":\"[[+pattern_name]]\"}}],\"col_2\":[{\"value\":\"[[%romanesco.patterns.referring_pages]]\",\"level\":\"h5\",\"field\":1,\"settings\":[]},{\"chunk_properties\":{},\"field\":85,\"settings\":{\"pattern_list\":\"referringPatterns\",\"pattern_template\":\"[[+pattern_template]]\",\"pattern_name\":\"[[+pattern_name]]\"}}]},\"settings\":{\"padding\":\"relaxed\",\"alignment\":\"\",\"divider\":\"divided\"},\"parent\":78}],\"fieldId\":\"contentblocks-field-52\"}}],\"field\":76,\"settings\":{\"layout_type\":\"tabs\",\"accordion_type\":\"\",\"tab_type\":\"regular\",\"padding\":\"padded\"}}]},\"settings\":{\"background\":\"white\",\"container_type\":\"\",\"sidebar_width\":\"six\",\"alignment\":\"\",\"pattern_name\":\"Form\",\"pattern_template\":\"patternLayoutBosonField\"},\"parent\":0,\"title\":\"\"},{\"layout\":17,\"content\":{\"preview\":[{\"chunk_selector\":\"socialConnectButtons\",\"chunk_selector_properties\":{},\"field\":48,\"settings\":{}}],\"code\":[{\"value\":\"[[Rowboat?\\n    &table=`modx_contentblocks_field`\\n    &tpl=`displayRawTemplate`\\n    &where=`{\\\"name\\\":\\\"[[+pattern_name]]\\\",\\\"parent\\\":\\\"0\\\"}`\\n]]\",\"lang\":\"html\",\"field\":86,\"settings\":{\"label\":\"[[%romanesco.patterns.template_label]]\"}}],\"info\":[{\"rows\":[{\"heading\":{\"value\":\"[[%romanesco.patterns.purpose_title]]\",\"fieldId\":\"contentblocks-field-60\"},\"content\":{\"child_layouts\":[{\"layout\":7,\"content\":{\"main\":[{\"value\":\"<p>[[+[[+cf]].description]]<\/p>\",\"field\":6,\"settings\":[]}]},\"settings\":[],\"parent\":78}],\"fieldId\":\"contentblocks-field-61\"}},{\"heading\":{\"value\":\"[[%romanesco.patterns.usage_title]]\",\"fieldId\":\"contentblocks-field-63\"},\"content\":{\"child_layouts\":[{\"layout\":7,\"content\":{\"main\":[{\"value\":\"\",\"field\":6,\"settings\":[]}]},\"settings\":[],\"parent\":78}],\"fieldId\":\"contentblocks-field-64\"}},{\"heading\":{\"value\":\"[[%romanesco.patterns.settings_title]]\",\"fieldId\":\"contentblocks-field-66\"},\"content\":{\"child_layouts\":[{\"layout\":7,\"content\":{\"main\":[{\"value\":\"[[+[[+cf]].settings_json]]\",\"lang\":\"json\",\"field\":83,\"settings\":[]}]},\"settings\":[],\"parent\":78}],\"fieldId\":\"contentblocks-field-67\"}},{\"heading\":{\"value\":\"[[%romanesco.patterns.references_title]]\",\"fieldId\":\"contentblocks-field-69\"},\"content\":{\"child_layouts\":[{\"layout\":12,\"content\":{\"col_1\":[{\"value\":\"[[%romanesco.patterns.included_patterns]]\",\"level\":\"h5\",\"field\":1,\"settings\":[]},{\"chunk_properties\":{},\"field\":84,\"settings\":{\"pattern_name\":\"[[+pattern_name]]\"}}],\"col_2\":[{\"value\":\"[[%romanesco.patterns.referring_pages]]\",\"level\":\"h5\",\"field\":1,\"settings\":[]},{\"chunk_properties\":{},\"field\":85,\"settings\":{\"pattern_list\":\"referringPatterns\",\"pattern_template\":\"[[+pattern_template]]\",\"pattern_name\":\"[[+pattern_name]]\"}}]},\"settings\":{\"padding\":\"relaxed\",\"alignment\":\"\",\"divider\":\"divided\"},\"parent\":78}],\"fieldId\":\"contentblocks-field-70\"}}],\"field\":76,\"settings\":{\"layout_type\":\"tabs\",\"accordion_type\":\"\",\"tab_type\":\"regular\",\"padding\":\"padded\"}}]},\"settings\":{\"background\":\"white\",\"container_type\":\"\",\"sidebar_width\":\"six\",\"alignment\":\"\",\"pattern_name\":\"Social Buttons\",\"pattern_template\":\"patternLayoutBosonField\"},\"parent\":0,\"title\":\"\"},{\"layout\":17,\"content\":{\"preview\":[{\"chunk_properties\":{},\"field\":80,\"settings\":{\"limit\":\"1\",\"cols\":\"one\"}}],\"code\":[{\"value\":\"[[Rowboat?\\n    &table=`modx_contentblocks_field`\\n    &tpl=`displayRawTemplate`\\n    &where=`{\\\"name\\\":\\\"[[+pattern_name]]\\\",\\\"parent\\\":\\\"0\\\"}`\\n]]\",\"lang\":\"html\",\"field\":86,\"settings\":{\"label\":\"[[%romanesco.patterns.template_label]]\"}}],\"info\":[{\"rows\":[{\"heading\":{\"value\":\"[[%romanesco.patterns.purpose_title]]\",\"fieldId\":\"contentblocks-field-78\"},\"content\":{\"child_layouts\":[{\"layout\":7,\"content\":{\"main\":[{\"value\":\"<p>[[+[[+cf]].description]]<\/p>\",\"field\":6,\"settings\":[]}]},\"settings\":[],\"parent\":78}],\"fieldId\":\"contentblocks-field-79\"}},{\"heading\":{\"value\":\"[[%romanesco.patterns.usage_title]]\",\"fieldId\":\"contentblocks-field-81\"},\"content\":{\"child_layouts\":[{\"layout\":7,\"content\":{\"main\":[{\"value\":\"\",\"field\":6,\"settings\":[]}]},\"settings\":[],\"parent\":78}],\"fieldId\":\"contentblocks-field-82\"}},{\"heading\":{\"value\":\"[[%romanesco.patterns.settings_title]]\",\"fieldId\":\"contentblocks-field-84\"},\"content\":{\"child_layouts\":[{\"layout\":7,\"content\":{\"main\":[{\"value\":\"[[+[[+cf]].settings_json]]\",\"lang\":\"json\",\"field\":83,\"settings\":[]}]},\"settings\":[],\"parent\":78}],\"fieldId\":\"contentblocks-field-85\"}},{\"heading\":{\"value\":\"[[%romanesco.patterns.references_title]]\",\"fieldId\":\"contentblocks-field-87\"},\"content\":{\"child_layouts\":[{\"layout\":12,\"content\":{\"col_1\":[{\"value\":\"[[%romanesco.patterns.included_patterns]]\",\"level\":\"h5\",\"field\":1,\"settings\":[]},{\"chunk_properties\":{},\"field\":84,\"settings\":{\"pattern_name\":\"[[+pattern_name]]\"}}],\"col_2\":[{\"value\":\"[[%romanesco.patterns.referring_pages]]\",\"level\":\"h5\",\"field\":1,\"settings\":[]},{\"chunk_properties\":{},\"field\":85,\"settings\":{\"pattern_list\":\"referringPatterns\",\"pattern_template\":\"[[+pattern_template]]\",\"pattern_name\":\"[[+pattern_name]]\"}}]},\"settings\":{\"padding\":\"relaxed\",\"alignment\":\"\",\"divider\":\"divided\"},\"parent\":78}],\"fieldId\":\"contentblocks-field-88\"}}],\"field\":76,\"settings\":{\"layout_type\":\"tabs\",\"accordion_type\":\"\",\"tab_type\":\"regular\",\"padding\":\"padded\"}}]},\"settings\":{\"background\":\"white\",\"container_type\":\"\",\"sidebar_width\":\"six\",\"alignment\":\"\",\"pattern_name\":\"Twitter Feed\",\"pattern_template\":\"patternLayoutBosonField\"},\"parent\":0,\"title\":\"\"}]","linear":[{"link":"120","linkType":"resource","field":9,"settings":{"button_text":"Looking for some interaction","button_type":"primary","button_options":"compact","button_size":"large","new_window":"0","icon_class":"","icon_options":""}},{"link":"","linkType":"link","field":9,"settings":{"button_text":"Eye can have an eye-con","button_type":"basic","button_size":"medium","button_block":"0","new_window":"0","icon_class":"eye icon"}},{"link":"http:\/\/fractal-farming.com","linkType":"link","field":9,"settings":{"button_text":"Or open in a new window","button_type":"regular","button_size":"medium","compact":"","button_block":"0","new_window":"1","icon_class":"external icon","icon_options":"right,labeled","button_options":""}},{"value":"[[Rowboat?\n    &table=`modx_contentblocks_field`\n    &tpl=`displayRawTemplate`\n    &where=`{\"name\":\"[[+pattern_name]]\",\"parent\":\"0\"}`\n]]","lang":"html","field":86,"settings":{"label":"[[%romanesco.patterns.template_label]]"}},{"rows":[{"heading":{"value":"[[%romanesco.patterns.purpose_title]]","fieldId":"contentblocks-field-6"},"content":{"child_layouts":[{"layout":7,"content":{"main":[{"value":"<p>[[+[[+cf]].description]]<\/p>","field":6,"settings":[]}]},"settings":[],"parent":78}],"fieldId":"contentblocks-field-7"}},{"heading":{"value":"[[%romanesco.patterns.usage_title]]","fieldId":"contentblocks-field-9"},"content":{"child_layouts":[{"layout":7,"content":{"main":[{"value":"","field":6,"settings":[]}]},"settings":[],"parent":78}],"fieldId":"contentblocks-field-10"}},{"heading":{"value":"[[%romanesco.patterns.settings_title]]","fieldId":"contentblocks-field-12"},"content":{"child_layouts":[{"layout":7,"content":{"main":[{"value":"[[+[[+cf]].settings_json]]","lang":"json","field":83,"settings":[]}]},"settings":[],"parent":78}],"fieldId":"contentblocks-field-13"}},{"heading":{"value":"[[%romanesco.patterns.references_title]]","fieldId":"contentblocks-field-15"},"content":{"child_layouts":[{"layout":12,"content":{"col_1":[{"value":"[[%romanesco.patterns.included_patterns]]","level":"h5","field":1,"settings":[]},{"chunk_properties":[],"field":84,"settings":{"pattern_name":"[[+pattern_name]]"}}],"col_2":[{"value":"[[%romanesco.patterns.referring_pages]]","level":"h5","field":1,"settings":[]},{"chunk_properties":[],"field":85,"settings":{"pattern_list":"referringPatterns","pattern_template":"[[+pattern_template]]","pattern_name":"[[+pattern_name]]"}}]},"settings":{"padding":"relaxed","alignment":"","divider":"divided"},"parent":78}],"fieldId":"contentblocks-field-16"}}],"field":76,"settings":{"layout_type":"tabs","accordion_type":"","tab_type":"regular","padding":"padded"}},{"chunk_properties":[],"field":29,"settings":{"cta_id":""}},{"value":"[[Rowboat?\n    &table=`modx_contentblocks_field`\n    &tpl=`displayRawTemplate`\n    &where=`{\"name\":\"[[+pattern_name]]\",\"parent\":\"0\"}`\n]]","lang":"html","field":86,"settings":{"label":"[[%romanesco.patterns.template_label]]"}},{"rows":[{"heading":{"value":"[[%romanesco.patterns.purpose_title]]","fieldId":"contentblocks-field-24"},"content":{"child_layouts":[{"layout":7,"content":{"main":[{"value":"<p>[[+[[+cf]].description]]<\/p>","field":6,"settings":[]}]},"settings":[],"parent":78}],"fieldId":"contentblocks-field-25"}},{"heading":{"value":"[[%romanesco.patterns.usage_title]]","fieldId":"contentblocks-field-27"},"content":{"child_layouts":[{"layout":7,"content":{"main":[{"value":"","field":6,"settings":[]}]},"settings":[],"parent":78}],"fieldId":"contentblocks-field-28"}},{"heading":{"value":"[[%romanesco.patterns.settings_title]]","fieldId":"contentblocks-field-30"},"content":{"child_layouts":[{"layout":7,"content":{"main":[{"value":"[[+[[+cf]].settings_json]]","lang":"json","field":83,"settings":[]}]},"settings":[],"parent":78}],"fieldId":"contentblocks-field-31"}},{"heading":{"value":"[[%romanesco.patterns.references_title]]","fieldId":"contentblocks-field-33"},"content":{"child_layouts":[{"layout":12,"content":{"col_1":[{"value":"[[%romanesco.patterns.included_patterns]]","level":"h5","field":1,"settings":[]},{"chunk_properties":[],"field":84,"settings":{"pattern_name":"[[+pattern_name]]"}}],"col_2":[{"value":"[[%romanesco.patterns.referring_pages]]","level":"h5","field":1,"settings":[]},{"chunk_properties":[],"field":85,"settings":{"pattern_list":"referringPatterns","pattern_template":"[[+pattern_template]]","pattern_name":"[[+pattern_name]]"}}]},"settings":{"padding":"relaxed","alignment":"","divider":"divided"},"parent":78}],"fieldId":"contentblocks-field-34"}}],"field":76,"settings":{"layout_type":"tabs","accordion_type":"","tab_type":"regular","padding":"padded"}},{"chunk_properties":[],"field":22,"settings":{"form_id":""}},{"value":"[[Rowboat?\n    &table=`modx_contentblocks_field`\n    &tpl=`displayRawTemplate`\n    &where=`{\"name\":\"[[+pattern_name]]\",\"parent\":\"0\"}`\n]]","lang":"html","field":86,"settings":{"label":"[[%romanesco.patterns.template_label]]"}},{"rows":[{"heading":{"value":"[[%romanesco.patterns.purpose_title]]","fieldId":"contentblocks-field-42"},"content":{"child_layouts":[{"layout":7,"content":{"main":[{"value":"<p>[[+[[+cf]].description]]<\/p>","field":6,"settings":[]}]},"settings":[],"parent":78}],"fieldId":"contentblocks-field-43"}},{"heading":{"value":"[[%romanesco.patterns.usage_title]]","fieldId":"contentblocks-field-45"},"content":{"child_layouts":[{"layout":7,"content":{"main":[{"value":"","field":6,"settings":[]}]},"settings":[],"parent":78}],"fieldId":"contentblocks-field-46"}},{"heading":{"value":"[[%romanesco.patterns.settings_title]]","fieldId":"contentblocks-field-48"},"content":{"child_layouts":[{"layout":7,"content":{"main":[{"value":"[[+[[+cf]].settings_json]]","lang":"json","field":83,"settings":[]}]},"settings":[],"parent":78}],"fieldId":"contentblocks-field-49"}},{"heading":{"value":"[[%romanesco.patterns.references_title]]","fieldId":"contentblocks-field-51"},"content":{"child_layouts":[{"layout":12,"content":{"col_1":[{"value":"[[%romanesco.patterns.included_patterns]]","level":"h5","field":1,"settings":[]},{"chunk_properties":[],"field":84,"settings":{"pattern_name":"[[+pattern_name]]"}}],"col_2":[{"value":"[[%romanesco.patterns.referring_pages]]","level":"h5","field":1,"settings":[]},{"chunk_properties":[],"field":85,"settings":{"pattern_list":"referringPatterns","pattern_template":"[[+pattern_template]]","pattern_name":"[[+pattern_name]]"}}]},"settings":{"padding":"relaxed","alignment":"","divider":"divided"},"parent":78}],"fieldId":"contentblocks-field-52"}}],"field":76,"settings":{"layout_type":"tabs","accordion_type":"","tab_type":"regular","padding":"padded"}},{"chunk_selector":"socialConnectButtons","chunk_selector_properties":[],"field":48,"settings":[]},{"value":"[[Rowboat?\n    &table=`modx_contentblocks_field`\n    &tpl=`displayRawTemplate`\n    &where=`{\"name\":\"[[+pattern_name]]\",\"parent\":\"0\"}`\n]]","lang":"html","field":86,"settings":{"label":"[[%romanesco.patterns.template_label]]"}},{"rows":[{"heading":{"value":"[[%romanesco.patterns.purpose_title]]","fieldId":"contentblocks-field-60"},"content":{"child_layouts":[{"layout":7,"content":{"main":[{"value":"<p>[[+[[+cf]].description]]<\/p>","field":6,"settings":[]}]},"settings":[],"parent":78}],"fieldId":"contentblocks-field-61"}},{"heading":{"value":"[[%romanesco.patterns.usage_title]]","fieldId":"contentblocks-field-63"},"content":{"child_layouts":[{"layout":7,"content":{"main":[{"value":"","field":6,"settings":[]}]},"settings":[],"parent":78}],"fieldId":"contentblocks-field-64"}},{"heading":{"value":"[[%romanesco.patterns.settings_title]]","fieldId":"contentblocks-field-66"},"content":{"child_layouts":[{"layout":7,"content":{"main":[{"value":"[[+[[+cf]].settings_json]]","lang":"json","field":83,"settings":[]}]},"settings":[],"parent":78}],"fieldId":"contentblocks-field-67"}},{"heading":{"value":"[[%romanesco.patterns.references_title]]","fieldId":"contentblocks-field-69"},"content":{"child_layouts":[{"layout":12,"content":{"col_1":[{"value":"[[%romanesco.patterns.included_patterns]]","level":"h5","field":1,"settings":[]},{"chunk_properties":[],"field":84,"settings":{"pattern_name":"[[+pattern_name]]"}}],"col_2":[{"value":"[[%romanesco.patterns.referring_pages]]","level":"h5","field":1,"settings":[]},{"chunk_properties":[],"field":85,"settings":{"pattern_list":"referringPatterns","pattern_template":"[[+pattern_template]]","pattern_name":"[[+pattern_name]]"}}]},"settings":{"padding":"relaxed","alignment":"","divider":"divided"},"parent":78}],"fieldId":"contentblocks-field-70"}}],"field":76,"settings":{"layout_type":"tabs","accordion_type":"","tab_type":"regular","padding":"padded"}},{"chunk_properties":[],"field":80,"settings":{"limit":"1","cols":"one"}},{"value":"[[Rowboat?\n    &table=`modx_contentblocks_field`\n    &tpl=`displayRawTemplate`\n    &where=`{\"name\":\"[[+pattern_name]]\",\"parent\":\"0\"}`\n]]","lang":"html","field":86,"settings":{"label":"[[%romanesco.patterns.template_label]]"}},{"rows":[{"heading":{"value":"[[%romanesco.patterns.purpose_title]]","fieldId":"contentblocks-field-78"},"content":{"child_layouts":[{"layout":7,"content":{"main":[{"value":"<p>[[+[[+cf]].description]]<\/p>","field":6,"settings":[]}]},"settings":[],"parent":78}],"fieldId":"contentblocks-field-79"}},{"heading":{"value":"[[%romanesco.patterns.usage_title]]","fieldId":"contentblocks-field-81"},"content":{"child_layouts":[{"layout":7,"content":{"main":[{"value":"","field":6,"settings":[]}]},"settings":[],"parent":78}],"fieldId":"contentblocks-field-82"}},{"heading":{"value":"[[%romanesco.patterns.settings_title]]","fieldId":"contentblocks-field-84"},"content":{"child_layouts":[{"layout":7,"content":{"main":[{"value":"[[+[[+cf]].settings_json]]","lang":"json","field":83,"settings":[]}]},"settings":[],"parent":78}],"fieldId":"contentblocks-field-85"}},{"heading":{"value":"[[%romanesco.patterns.references_title]]","fieldId":"contentblocks-field-87"},"content":{"child_layouts":[{"layout":12,"content":{"col_1":[{"value":"[[%romanesco.patterns.included_patterns]]","level":"h5","field":1,"settings":[]},{"chunk_properties":[],"field":84,"settings":{"pattern_name":"[[+pattern_name]]"}}],"col_2":[{"value":"[[%romanesco.patterns.referring_pages]]","level":"h5","field":1,"settings":[]},{"chunk_properties":[],"field":85,"settings":{"pattern_list":"referringPatterns","pattern_template":"[[+pattern_template]]","pattern_name":"[[+pattern_name]]"}}]},"settings":{"padding":"relaxed","alignment":"","divider":"divided"},"parent":78}],"fieldId":"contentblocks-field-88"}}],"field":76,"settings":{"layout_type":"tabs","accordion_type":"","tab_type":"regular","padding":"padded"}}],"fieldcounts":{"9":3,"86":5,"76":5,"29":1,"22":1,"48":1,"80":1},"_isContentBlocks":true}}