{"contentblocks":{"content":"[{\"layout\":18,\"content\":{\"main\":[{\"child_layouts\":[{\"layout\":5,\"content\":{\"col_1\":[{\"chunk_properties\":{},\"field\":20,\"settings\":{\"resources\":\"[[*id]],[[*id:add=`1`]]\",\"row_tpl\":\"overviewRowIconLeft\",\"cols\":\"one\",\"show_subtitle\":\"1\",\"show_introtext\":\"1\",\"link_text\":\"\",\"title_field\":\"menutitle\",\"title_hierarchy\":\"h2\",\"img_type\":\"landscape\",\"icon_type\":\"font\",\"padding\":\"regular\",\"de_emphasize\":\"1\"}}],\"col_2\":[{\"chunk_properties\":{},\"field\":20,\"settings\":{\"resources\":\"[[*id]]\",\"row_tpl\":\"overviewRowIconTop\",\"cols\":\"one\",\"show_subtitle\":\"1\",\"show_introtext\":\"0\",\"link_text\":\"\",\"title_field\":\"menutitle\",\"title_hierarchy\":\"h2\",\"img_type\":\"landscape\",\"icon_type\":\"font\",\"padding\":\"regular\",\"de_emphasize\":\"0\"}}],\"col_3\":[{\"chunk_properties\":{},\"field\":20,\"settings\":{\"resources\":\"[[*id]]\",\"row_tpl\":\"overviewRowIconTopCard\",\"show_subtitle\":\"0\",\"cols\":\"one\",\"show_introtext\":\"0\",\"link_text\":\"\",\"title_field\":\"menutitle\",\"title_hierarchy\":\"h2\",\"img_type\":\"landscape\",\"icon_type\":\"font\",\"padding\":\"regular\",\"de_emphasize\":\"0\"}}]},\"settings\":{\"background\":\"white\",\"container_type\":\"\",\"padding\":\"relaxed\",\"alignment\":\"\",\"divider\":\"divided\"},\"parent\":87}],\"field\":87,\"settings\":[]}],\"info\":[{\"child_layouts\":[{\"layout\":12,\"content\":{\"col_1\":[{\"value\":\"\",\"field\":6,\"settings\":[]}],\"col_2\":[{\"value\":\"\",\"field\":6,\"settings\":[]}]},\"settings\":{\"padding\":\"relaxed\",\"alignment\":\"\",\"divider\":\"celled\"},\"parent\":17}],\"field\":17,\"settings\":[]}],\"meta\":[{\"value\":\"[[includedBosons?\\n    &layout=`[[+layout_idx]]`\\n    &filterFields=`6,14,17,87`\\n]]\",\"lang\":\"html\",\"field\":14,\"settings\":[]}]},\"settings\":{\"sidebar_width\":\"four\",\"layout_title\":\"Overviews with icons\"},\"parent\":0,\"title\":\"\"}]","linear":[{"child_layouts":[{"layout":5,"content":{"col_1":[{"chunk_properties":[],"field":20,"settings":{"resources":"[[*id]],[[*id:add=`1`]]","row_tpl":"overviewRowIconLeft","cols":"one","show_subtitle":"1","show_introtext":"1","link_text":"","title_field":"menutitle","title_hierarchy":"h2","img_type":"landscape","icon_type":"font","padding":"regular","de_emphasize":"1"}}],"col_2":[{"chunk_properties":[],"field":20,"settings":{"resources":"[[*id]]","row_tpl":"overviewRowIconTop","cols":"one","show_subtitle":"1","show_introtext":"0","link_text":"","title_field":"menutitle","title_hierarchy":"h2","img_type":"landscape","icon_type":"font","padding":"regular","de_emphasize":"0"}}],"col_3":[{"chunk_properties":[],"field":20,"settings":{"resources":"[[*id]]","row_tpl":"overviewRowIconTopCard","show_subtitle":"0","cols":"one","show_introtext":"0","link_text":"","title_field":"menutitle","title_hierarchy":"h2","img_type":"landscape","icon_type":"font","padding":"regular","de_emphasize":"0"}}]},"settings":{"background":"white","container_type":"","padding":"relaxed","alignment":"","divider":"divided"},"parent":87}],"field":87,"settings":[]},{"chunk_properties":[],"field":20,"settings":{"resources":"[[*id]],[[*id:add=`1`]]","row_tpl":"overviewRowIconLeft","cols":"one","show_subtitle":"1","show_introtext":"1","link_text":"","title_field":"menutitle","title_hierarchy":"h2","img_type":"landscape","icon_type":"font","padding":"regular","de_emphasize":"1"}},{"chunk_properties":[],"field":20,"settings":{"resources":"[[*id]]","row_tpl":"overviewRowIconTop","cols":"one","show_subtitle":"1","show_introtext":"0","link_text":"","title_field":"menutitle","title_hierarchy":"h2","img_type":"landscape","icon_type":"font","padding":"regular","de_emphasize":"0"}},{"chunk_properties":[],"field":20,"settings":{"resources":"[[*id]]","row_tpl":"overviewRowIconTopCard","show_subtitle":"0","cols":"one","show_introtext":"0","link_text":"","title_field":"menutitle","title_hierarchy":"h2","img_type":"landscape","icon_type":"font","padding":"regular","de_emphasize":"0"}},{"child_layouts":[{"layout":12,"content":{"col_1":[{"value":"","field":6,"settings":[]}],"col_2":[{"value":"","field":6,"settings":[]}]},"settings":{"padding":"relaxed","alignment":"","divider":"celled"},"parent":17}],"field":17,"settings":[]},{"value":"","field":6,"settings":[]},{"value":"","field":6,"settings":[]},{"value":"[[includedBosons?\n    &layout=`[[+layout_idx]]`\n    &filterFields=`6,14,17,87`\n]]","lang":"html","field":14,"settings":[]}],"fieldcounts":{"87":1,"20":3,"17":1,"6":2,"14":1},"_isContentBlocks":true}}