{"contentblocks":{"content":"[{\"layout\":17,\"content\":{\"preview\":[{\"value\":\"Heading\",\"level\":\"h2\",\"field\":1,\"settings\":[]}],\"code\":[{\"value\":\"[[Rowboat?\\n    &table=`modx_contentblocks_field`\\n    &tpl=`displayRawTemplate`\\n    &where=`{\\\"name\\\":\\\"[[+pattern_name]]\\\",\\\"parent\\\":\\\"0\\\"}`\\n]]\",\"lang\":\"html\",\"field\":86,\"settings\":{\"label\":\"[[%romanesco.patterns.template_label]]\"}}],\"info\":[{\"rows\":[{\"heading\":{\"value\":\"[[%romanesco.patterns.purpose_title]]\",\"fieldId\":\"contentblocks-field-4\"},\"heading_subtitle\":{\"value\":\"\",\"fieldId\":\"contentblocks-field-5\"},\"heading_icon\":{\"url\":\"\",\"size\":\"\",\"width\":\"\",\"height\":\"\",\"extension\":\"\",\"crops\":{},\"fieldId\":\"contentblocks-field-6\"},\"content\":{\"child_layouts\":[{\"layout\":7,\"content\":{\"main\":[{\"value\":\"<p>[[+[[+cf]].description]]<\/p>\",\"field\":6,\"settings\":[]}]},\"settings\":[],\"parent\":78}],\"fieldId\":\"contentblocks-field-7\"}},{\"heading\":{\"value\":\"[[%romanesco.patterns.usage_title]]\",\"fieldId\":\"contentblocks-field-9\"},\"heading_subtitle\":{\"value\":\"\",\"fieldId\":\"contentblocks-field-10\"},\"heading_icon\":{\"url\":\"\",\"size\":\"\",\"width\":\"\",\"height\":\"\",\"extension\":\"\",\"crops\":{},\"fieldId\":\"contentblocks-field-11\"},\"content\":{\"child_layouts\":[{\"layout\":7,\"content\":{\"main\":[{\"value\":\"[[+[[+cf]].settings_json]]\",\"lang\":\"json\",\"field\":83,\"settings\":[]}]},\"settings\":[],\"parent\":78}],\"fieldId\":\"contentblocks-field-12\"}},{\"heading\":{\"value\":\"[[%romanesco.patterns.settings_title]]\",\"fieldId\":\"contentblocks-field-14\"},\"heading_subtitle\":{\"value\":\"\",\"fieldId\":\"contentblocks-field-15\"},\"heading_icon\":{\"url\":\"\",\"size\":\"\",\"width\":\"\",\"height\":\"\",\"extension\":\"\",\"crops\":{},\"fieldId\":\"contentblocks-field-16\"},\"content\":{\"child_layouts\":[{\"layout\":7,\"content\":{\"main\":[{\"value\":\"[[+[[+cf]].settings_table]]\",\"lang\":\"html\",\"field\":14,\"settings\":[]}]},\"settings\":[],\"parent\":78}],\"fieldId\":\"contentblocks-field-17\"}},{\"heading\":{\"value\":\"[[%romanesco.patterns.references_title]]\",\"fieldId\":\"contentblocks-field-19\"},\"heading_subtitle\":{\"value\":\"\",\"fieldId\":\"contentblocks-field-20\"},\"heading_icon\":{\"url\":\"\",\"size\":\"\",\"width\":\"\",\"height\":\"\",\"extension\":\"\",\"crops\":{},\"fieldId\":\"contentblocks-field-21\"},\"content\":{\"child_layouts\":[{\"layout\":12,\"content\":{\"col_1\":[{\"value\":\"[[%romanesco.patterns.included_patterns]]\",\"level\":\"h5\",\"field\":1,\"settings\":[]},{\"chunk_properties\":{},\"field\":84,\"settings\":{\"pattern_name\":\"[[+pattern_name]]\"}}],\"col_2\":[{\"value\":\"[[%romanesco.patterns.referring_pages]]\",\"level\":\"h5\",\"field\":1,\"settings\":[]},{\"chunk_properties\":{},\"field\":85,\"settings\":{\"pattern_list\":\"referringPatterns\",\"pattern_template\":\"[[+pattern_template]]\",\"pattern_name\":\"[[+pattern_name]]\"}}]},\"settings\":{\"padding\":\"relaxed\",\"alignment\":\"\",\"divider\":\"divided\"},\"parent\":78}],\"fieldId\":\"contentblocks-field-22\"}}],\"field\":76,\"settings\":{\"layout_type\":\"tabs\",\"accordion_type\":\"\",\"tab_type\":\"regular\",\"padding\":\"padded\"}}]},\"settings\":{\"background\":\"white\",\"container_type\":\"\",\"sidebar_width\":\"six\",\"alignment\":\"\",\"pattern_name\":\"Heading\",\"pattern_template\":\"patternLayoutBosonField\",\"pattern_status\":\"green\"},\"parent\":0,\"title\":\"\"},{\"layout\":17,\"content\":{\"preview\":[{\"value\":\"Heading\",\"level\":\"h2\",\"field\":25,\"settings\":{\"subtitle\":\"with Subtitle\"}}],\"code\":[{\"value\":\"[[Rowboat?\\n    &table=`modx_contentblocks_field`\\n    &tpl=`displayRawTemplate`\\n    &where=`{\\\"name\\\":\\\"[[+pattern_name]]\\\",\\\"parent\\\":\\\"0\\\"}`\\n]]\",\"lang\":\"html\",\"field\":86,\"settings\":{\"label\":\"[[%romanesco.patterns.template_label]]\"}},{\"value\":\"[[+[[+cf]].wrapper_template]]\",\"lang\":\"html\",\"field\":86,\"settings\":{\"label\":\"[[%romanesco.patterns.template_wrapper_label]]\"}}],\"info\":[{\"rows\":[{\"heading\":{\"value\":\"[[%romanesco.patterns.purpose_title]]\",\"fieldId\":\"contentblocks-field-31\"},\"heading_subtitle\":{\"value\":\"\",\"fieldId\":\"contentblocks-field-32\"},\"heading_icon\":{\"url\":\"\",\"size\":\"\",\"width\":\"\",\"height\":\"\",\"extension\":\"\",\"crops\":{},\"fieldId\":\"contentblocks-field-33\"},\"content\":{\"child_layouts\":[{\"layout\":7,\"content\":{\"main\":[{\"value\":\"<p>[[+[[+cf]].description]]<\/p>\",\"field\":6,\"settings\":[]}]},\"settings\":[],\"parent\":78}],\"fieldId\":\"contentblocks-field-34\"}},{\"heading\":{\"value\":\"[[%romanesco.patterns.usage_title]]\",\"fieldId\":\"contentblocks-field-36\"},\"heading_subtitle\":{\"value\":\"\",\"fieldId\":\"contentblocks-field-37\"},\"heading_icon\":{\"url\":\"\",\"size\":\"\",\"width\":\"\",\"height\":\"\",\"extension\":\"\",\"crops\":{},\"fieldId\":\"contentblocks-field-38\"},\"content\":{\"child_layouts\":[{\"layout\":7,\"content\":{\"main\":[{\"value\":\"\",\"field\":6,\"settings\":[]}]},\"settings\":[],\"parent\":78}],\"fieldId\":\"contentblocks-field-39\"}},{\"heading\":{\"value\":\"[[%romanesco.patterns.settings_title]]\",\"fieldId\":\"contentblocks-field-41\"},\"heading_subtitle\":{\"value\":\"\",\"fieldId\":\"contentblocks-field-42\"},\"heading_icon\":{\"url\":\"\",\"size\":\"\",\"width\":\"\",\"height\":\"\",\"extension\":\"\",\"crops\":{},\"fieldId\":\"contentblocks-field-43\"},\"content\":{\"child_layouts\":[{\"layout\":7,\"content\":{\"main\":[{\"value\":\"[[+[[+cf]].settings_table]]\",\"lang\":\"html\",\"field\":14,\"settings\":[]}]},\"settings\":[],\"parent\":78}],\"fieldId\":\"contentblocks-field-44\"}},{\"heading\":{\"value\":\"[[%romanesco.patterns.references_title]]\",\"fieldId\":\"contentblocks-field-46\"},\"heading_subtitle\":{\"value\":\"\",\"fieldId\":\"contentblocks-field-47\"},\"heading_icon\":{\"url\":\"\",\"size\":\"\",\"width\":\"\",\"height\":\"\",\"extension\":\"\",\"crops\":{},\"fieldId\":\"contentblocks-field-48\"},\"content\":{\"child_layouts\":[{\"layout\":12,\"content\":{\"col_1\":[{\"value\":\"[[%romanesco.patterns.included_patterns]]\",\"level\":\"h5\",\"field\":1,\"settings\":[]},{\"chunk_properties\":{},\"field\":84,\"settings\":{\"pattern_name\":\"[[+pattern_name]]\"}}],\"col_2\":[{\"value\":\"[[%romanesco.patterns.referring_pages]]\",\"level\":\"h5\",\"field\":1,\"settings\":[]},{\"chunk_properties\":{},\"field\":85,\"settings\":{\"pattern_list\":\"referringPatterns\",\"pattern_template\":\"[[+pattern_template]]\",\"pattern_name\":\"[[+pattern_name]]\"}}]},\"settings\":{\"padding\":\"relaxed\",\"alignment\":\"\",\"divider\":\"divided\"},\"parent\":78}],\"fieldId\":\"contentblocks-field-49\"}}],\"field\":76,\"settings\":{\"layout_type\":\"tabs\",\"accordion_type\":\"\",\"tab_type\":\"regular\",\"padding\":\"padded\"}}]},\"settings\":{\"background\":\"white\",\"container_type\":\"\",\"sidebar_width\":\"six\",\"alignment\":\"\",\"pattern_name\":\"Heading (with Subtitle)\",\"pattern_template\":\"patternLayoutBosonField\"},\"parent\":0,\"title\":\"\"},{\"layout\":17,\"content\":{\"preview\":[{\"value\":\"Heading<br>\",\"level\":\"h2\",\"field\":43,\"settings\":{\"icon_class\":\"theme icon\",\"subtitle\":\"with Font Icon\",\"icon_position\":\"\"}}],\"code\":[{\"value\":\"[[Rowboat?\\n    &table=`modx_contentblocks_field`\\n    &tpl=`displayRawTemplate`\\n    &where=`{\\\"name\\\":\\\"[[+pattern_name]]\\\",\\\"parent\\\":\\\"0\\\"}`\\n]]\",\"lang\":\"html\",\"field\":86,\"settings\":{\"label\":\"[[%romanesco.patterns.template_label]]\"}}],\"info\":[{\"rows\":[{\"heading\":{\"value\":\"[[%romanesco.patterns.purpose_title]]\",\"fieldId\":\"contentblocks-field-57\"},\"heading_subtitle\":{\"value\":\"\",\"fieldId\":\"contentblocks-field-58\"},\"heading_icon\":{\"url\":\"\",\"size\":\"\",\"width\":\"\",\"height\":\"\",\"extension\":\"\",\"crops\":{},\"fieldId\":\"contentblocks-field-59\"},\"content\":{\"child_layouts\":[{\"layout\":7,\"content\":{\"main\":[{\"value\":\"<p>[[+[[+cf]].description]]<\/p>\",\"field\":6,\"settings\":[]}]},\"settings\":[],\"parent\":78}],\"fieldId\":\"contentblocks-field-60\"}},{\"heading\":{\"value\":\"[[%romanesco.patterns.usage_title]]\",\"fieldId\":\"contentblocks-field-62\"},\"heading_subtitle\":{\"value\":\"\",\"fieldId\":\"contentblocks-field-63\"},\"heading_icon\":{\"url\":\"\",\"size\":\"\",\"width\":\"\",\"height\":\"\",\"extension\":\"\",\"crops\":{},\"fieldId\":\"contentblocks-field-64\"},\"content\":{\"child_layouts\":[{\"layout\":7,\"content\":{\"main\":[{\"value\":\"\",\"field\":6,\"settings\":[]}]},\"settings\":[],\"parent\":78}],\"fieldId\":\"contentblocks-field-65\"}},{\"heading\":{\"value\":\"[[%romanesco.patterns.settings_title]]\",\"fieldId\":\"contentblocks-field-67\"},\"heading_subtitle\":{\"value\":\"\",\"fieldId\":\"contentblocks-field-68\"},\"heading_icon\":{\"url\":\"\",\"size\":\"\",\"width\":\"\",\"height\":\"\",\"extension\":\"\",\"crops\":{},\"fieldId\":\"contentblocks-field-69\"},\"content\":{\"child_layouts\":[{\"layout\":7,\"content\":{\"main\":[{\"value\":\"[[+[[+cf]].settings_json]]\",\"lang\":\"json\",\"field\":83,\"settings\":[]}]},\"settings\":[],\"parent\":78}],\"fieldId\":\"contentblocks-field-70\"}},{\"heading\":{\"value\":\"[[%romanesco.patterns.references_title]]\",\"fieldId\":\"contentblocks-field-72\"},\"heading_subtitle\":{\"value\":\"\",\"fieldId\":\"contentblocks-field-73\"},\"heading_icon\":{\"url\":\"\",\"size\":\"\",\"width\":\"\",\"height\":\"\",\"extension\":\"\",\"crops\":{},\"fieldId\":\"contentblocks-field-74\"},\"content\":{\"child_layouts\":[{\"layout\":12,\"content\":{\"col_1\":[{\"value\":\"[[%romanesco.patterns.included_patterns]]\",\"level\":\"h5\",\"field\":1,\"settings\":[]},{\"chunk_properties\":{},\"field\":84,\"settings\":{\"pattern_name\":\"[[+pattern_name]]\"}}],\"col_2\":[{\"value\":\"[[%romanesco.patterns.referring_pages]]\",\"level\":\"h5\",\"field\":1,\"settings\":[]},{\"chunk_properties\":{},\"field\":85,\"settings\":{\"pattern_list\":\"referringPatterns\",\"pattern_template\":\"[[+pattern_template]]\",\"pattern_name\":\"[[+pattern_name]]\"}}]},\"settings\":{\"padding\":\"relaxed\",\"alignment\":\"\",\"divider\":\"divided\"},\"parent\":78}],\"fieldId\":\"contentblocks-field-75\"}}],\"field\":76,\"settings\":{\"layout_type\":\"tabs\",\"accordion_type\":\"\",\"tab_type\":\"regular\",\"padding\":\"padded\"}}]},\"settings\":{\"background\":\"white\",\"container_type\":\"\",\"sidebar_width\":\"six\",\"alignment\":\"\",\"pattern_name\":\"Heading (with Font icon)\",\"pattern_template\":\"patternLayoutBosonField\"},\"parent\":0,\"title\":\"\"},{\"layout\":17,\"content\":{\"preview\":[{\"value\":\"Heading\",\"level\":\"h2\",\"url\":\"\",\"size\":\"\",\"extension\":\"\",\"field\":44,\"settings\":{\"subtitle\":\"with SVG icon\",\"icon_position\":\"\"}}],\"code\":[{\"value\":\"[[Rowboat?\\n    &table=`modx_contentblocks_field`\\n    &tpl=`displayRawTemplate`\\n    &where=`{\\\"name\\\":\\\"[[+pattern_name]]\\\",\\\"parent\\\":\\\"0\\\"}`\\n]]\",\"lang\":\"html\",\"field\":86,\"settings\":{\"label\":\"[[%romanesco.patterns.template_label]]\"}}],\"info\":[{\"rows\":[{\"heading\":{\"value\":\"[[%romanesco.patterns.purpose_title]]\",\"fieldId\":\"contentblocks-field-83\"},\"heading_subtitle\":{\"value\":\"\",\"fieldId\":\"contentblocks-field-84\"},\"heading_icon\":{\"url\":\"\",\"size\":\"\",\"width\":\"\",\"height\":\"\",\"extension\":\"\",\"crops\":{},\"fieldId\":\"contentblocks-field-85\"},\"content\":{\"child_layouts\":[{\"layout\":7,\"content\":{\"main\":[{\"value\":\"<p>[[+[[+cf]].description]]<\/p>\",\"field\":6,\"settings\":[]}]},\"settings\":[],\"parent\":78}],\"fieldId\":\"contentblocks-field-86\"}},{\"heading\":{\"value\":\"[[%romanesco.patterns.usage_title]]\",\"fieldId\":\"contentblocks-field-88\"},\"heading_subtitle\":{\"value\":\"\",\"fieldId\":\"contentblocks-field-89\"},\"heading_icon\":{\"url\":\"\",\"size\":\"\",\"width\":\"\",\"height\":\"\",\"extension\":\"\",\"crops\":{},\"fieldId\":\"contentblocks-field-90\"},\"content\":{\"child_layouts\":[{\"layout\":7,\"content\":{\"main\":[{\"value\":\"\",\"field\":6,\"settings\":[]}]},\"settings\":[],\"parent\":78}],\"fieldId\":\"contentblocks-field-91\"}},{\"heading\":{\"value\":\"[[%romanesco.patterns.settings_title]]\",\"fieldId\":\"contentblocks-field-93\"},\"heading_subtitle\":{\"value\":\"\",\"fieldId\":\"contentblocks-field-94\"},\"heading_icon\":{\"url\":\"\",\"size\":\"\",\"width\":\"\",\"height\":\"\",\"extension\":\"\",\"crops\":{},\"fieldId\":\"contentblocks-field-95\"},\"content\":{\"child_layouts\":[{\"layout\":7,\"content\":{\"main\":[{\"value\":\"[[+[[+cf]].settings_json]]\",\"lang\":\"json\",\"field\":83,\"settings\":[]}]},\"settings\":[],\"parent\":78}],\"fieldId\":\"contentblocks-field-96\"}},{\"heading\":{\"value\":\"[[%romanesco.patterns.references_title]]\",\"fieldId\":\"contentblocks-field-98\"},\"heading_subtitle\":{\"value\":\"\",\"fieldId\":\"contentblocks-field-99\"},\"heading_icon\":{\"url\":\"\",\"size\":\"\",\"width\":\"\",\"height\":\"\",\"extension\":\"\",\"crops\":{},\"fieldId\":\"contentblocks-field-100\"},\"content\":{\"child_layouts\":[{\"layout\":12,\"content\":{\"col_1\":[{\"value\":\"[[%romanesco.patterns.included_patterns]]\",\"level\":\"h5\",\"field\":1,\"settings\":[]},{\"chunk_properties\":{},\"field\":84,\"settings\":{\"pattern_name\":\"[[+pattern_name]]\"}}],\"col_2\":[{\"value\":\"[[%romanesco.patterns.referring_pages]]\",\"level\":\"h5\",\"field\":1,\"settings\":[]},{\"chunk_properties\":{},\"field\":85,\"settings\":{\"pattern_list\":\"referringPatterns\",\"pattern_template\":\"[[+pattern_template]]\",\"pattern_name\":\"[[+pattern_name]]\"}}]},\"settings\":{\"padding\":\"relaxed\",\"alignment\":\"\",\"divider\":\"divided\"},\"parent\":78}],\"fieldId\":\"contentblocks-field-101\"}}],\"field\":76,\"settings\":{\"layout_type\":\"tabs\",\"accordion_type\":\"\",\"tab_type\":\"regular\",\"padding\":\"padded\"}}]},\"settings\":{\"background\":\"white\",\"container_type\":\"\",\"sidebar_width\":\"six\",\"alignment\":\"\",\"pattern_name\":\"Heading (with SVG icon)\",\"pattern_template\":\"patternLayoutBosonField\"},\"parent\":0,\"title\":\"\"},{\"layout\":17,\"content\":{\"preview\":[{\"value\":\"<p>Romanesco is an experimental pattern library for MODX, that enables you to quickly build websites with reusable components.<\/p>\",\"field\":6,\"settings\":{\"segment_type\":\"regular\",\"padding\":\"regular\",\"alignment\":\"\"}}],\"code\":[{\"value\":\"[[Rowboat?\\n    &table=`modx_contentblocks_field`\\n    &tpl=`displayRawTemplate`\\n    &where=`{\\\"name\\\":\\\"[[+pattern_name]]\\\",\\\"parent\\\":\\\"0\\\"}`\\n]]\",\"lang\":\"html\",\"field\":86,\"settings\":{\"label\":\"[[%romanesco.patterns.template_label]]\"}}],\"info\":[{\"rows\":[{\"heading\":{\"value\":\"[[%romanesco.patterns.purpose_title]]\",\"fieldId\":\"contentblocks-field-109\"},\"heading_subtitle\":{\"value\":\"\",\"fieldId\":\"contentblocks-field-110\"},\"heading_icon\":{\"url\":\"\",\"size\":\"\",\"width\":\"\",\"height\":\"\",\"extension\":\"\",\"crops\":{},\"fieldId\":\"contentblocks-field-111\"},\"content\":{\"child_layouts\":[{\"layout\":7,\"content\":{\"main\":[{\"value\":\"<p>[[+[[+cf]].description]]<\/p>\",\"field\":6,\"settings\":[]}]},\"settings\":[],\"parent\":78}],\"fieldId\":\"contentblocks-field-112\"}},{\"heading\":{\"value\":\"[[%romanesco.patterns.usage_title]]\",\"fieldId\":\"contentblocks-field-114\"},\"heading_subtitle\":{\"value\":\"\",\"fieldId\":\"contentblocks-field-115\"},\"heading_icon\":{\"url\":\"\",\"size\":\"\",\"width\":\"\",\"height\":\"\",\"extension\":\"\",\"crops\":{},\"fieldId\":\"contentblocks-field-116\"},\"content\":{\"child_layouts\":[{\"layout\":7,\"content\":{\"main\":[{\"value\":\"\",\"field\":6,\"settings\":[]}]},\"settings\":[],\"parent\":78}],\"fieldId\":\"contentblocks-field-117\"}},{\"heading\":{\"value\":\"[[%romanesco.patterns.settings_title]]\",\"fieldId\":\"contentblocks-field-119\"},\"heading_subtitle\":{\"value\":\"\",\"fieldId\":\"contentblocks-field-120\"},\"heading_icon\":{\"url\":\"\",\"size\":\"\",\"width\":\"\",\"height\":\"\",\"extension\":\"\",\"crops\":{},\"fieldId\":\"contentblocks-field-121\"},\"content\":{\"child_layouts\":[{\"layout\":7,\"content\":{\"main\":[{\"value\":\"[[+[[+cf]].settings_json]]\",\"lang\":\"json\",\"field\":83,\"settings\":[]}]},\"settings\":[],\"parent\":78}],\"fieldId\":\"contentblocks-field-122\"}},{\"heading\":{\"value\":\"[[%romanesco.patterns.references_title]]\",\"fieldId\":\"contentblocks-field-124\"},\"heading_subtitle\":{\"value\":\"\",\"fieldId\":\"contentblocks-field-125\"},\"heading_icon\":{\"url\":\"\",\"size\":\"\",\"width\":\"\",\"height\":\"\",\"extension\":\"\",\"crops\":{},\"fieldId\":\"contentblocks-field-126\"},\"content\":{\"child_layouts\":[{\"layout\":12,\"content\":{\"col_1\":[{\"value\":\"[[%romanesco.patterns.included_patterns]]\",\"level\":\"h5\",\"field\":1,\"settings\":[]},{\"chunk_properties\":{},\"field\":84,\"settings\":{\"pattern_name\":\"[[+pattern_name]]\"}}],\"col_2\":[{\"value\":\"[[%romanesco.patterns.referring_pages]]\",\"level\":\"h5\",\"field\":1,\"settings\":[]},{\"chunk_properties\":{},\"field\":85,\"settings\":{\"pattern_list\":\"referringPatterns\",\"pattern_template\":\"[[+pattern_template]]\",\"pattern_name\":\"[[+pattern_name]]\"}}]},\"settings\":{\"padding\":\"relaxed\",\"alignment\":\"\",\"divider\":\"divided\"},\"parent\":78}],\"fieldId\":\"contentblocks-field-127\"}}],\"field\":76,\"settings\":{\"layout_type\":\"tabs\",\"accordion_type\":\"\",\"tab_type\":\"regular\",\"padding\":\"padded\"}}]},\"settings\":{\"background\":\"white\",\"container_type\":\"\",\"sidebar_width\":\"six\",\"alignment\":\"\",\"pattern_name\":\"Rich Text\",\"pattern_template\":\"patternLayoutBosonField\"},\"parent\":0,\"title\":\"\"},{\"layout\":17,\"content\":{\"preview\":[{\"value\":\"<p>Romanesco is an experimental pattern library for MODX, that enables you to quickly build websites with reusable components.<\/p>\",\"field\":79,\"settings\":{\"message_type\":\"info\",\"heading\":\"What is a Romanesco?\"}}],\"code\":[{\"value\":\"[[Rowboat?\\n    &table=`modx_contentblocks_field`\\n    &tpl=`displayRawTemplate`\\n    &where=`{\\\"name\\\":\\\"[[+pattern_name]]\\\",\\\"parent\\\":\\\"0\\\"}`\\n]]\",\"lang\":\"html\",\"field\":86,\"settings\":{\"label\":\"[[%romanesco.patterns.template_label]]\"}}],\"info\":[{\"rows\":[{\"heading\":{\"value\":\"[[%romanesco.patterns.purpose_title]]\",\"fieldId\":\"contentblocks-field-135\"},\"heading_subtitle\":{\"value\":\"\",\"fieldId\":\"contentblocks-field-136\"},\"heading_icon\":{\"url\":\"\",\"size\":\"\",\"width\":\"\",\"height\":\"\",\"extension\":\"\",\"crops\":{},\"fieldId\":\"contentblocks-field-137\"},\"content\":{\"child_layouts\":[{\"layout\":7,\"content\":{\"main\":[{\"value\":\"<p>[[+[[+cf]].description]]<\/p>\",\"field\":6,\"settings\":[]}]},\"settings\":[],\"parent\":78}],\"fieldId\":\"contentblocks-field-138\"}},{\"heading\":{\"value\":\"[[%romanesco.patterns.usage_title]]\",\"fieldId\":\"contentblocks-field-140\"},\"heading_subtitle\":{\"value\":\"\",\"fieldId\":\"contentblocks-field-141\"},\"heading_icon\":{\"url\":\"\",\"size\":\"\",\"width\":\"\",\"height\":\"\",\"extension\":\"\",\"crops\":{},\"fieldId\":\"contentblocks-field-142\"},\"content\":{\"child_layouts\":[{\"layout\":7,\"content\":{\"main\":[{\"value\":\"\",\"field\":6,\"settings\":[]}]},\"settings\":[],\"parent\":78}],\"fieldId\":\"contentblocks-field-143\"}},{\"heading\":{\"value\":\"[[%romanesco.patterns.settings_title]]\",\"fieldId\":\"contentblocks-field-145\"},\"heading_subtitle\":{\"value\":\"\",\"fieldId\":\"contentblocks-field-146\"},\"heading_icon\":{\"url\":\"\",\"size\":\"\",\"width\":\"\",\"height\":\"\",\"extension\":\"\",\"crops\":{},\"fieldId\":\"contentblocks-field-147\"},\"content\":{\"child_layouts\":[{\"layout\":7,\"content\":{\"main\":[{\"value\":\"[[+[[+cf]].settings_json]]\",\"lang\":\"json\",\"field\":83,\"settings\":[]}]},\"settings\":[],\"parent\":78}],\"fieldId\":\"contentblocks-field-148\"}},{\"heading\":{\"value\":\"[[%romanesco.patterns.references_title]]\",\"fieldId\":\"contentblocks-field-150\"},\"heading_subtitle\":{\"value\":\"\",\"fieldId\":\"contentblocks-field-151\"},\"heading_icon\":{\"url\":\"\",\"size\":\"\",\"width\":\"\",\"height\":\"\",\"extension\":\"\",\"crops\":{},\"fieldId\":\"contentblocks-field-152\"},\"content\":{\"child_layouts\":[{\"layout\":12,\"content\":{\"col_1\":[{\"value\":\"[[%romanesco.patterns.included_patterns]]\",\"level\":\"h5\",\"field\":1,\"settings\":[]},{\"chunk_properties\":{},\"field\":84,\"settings\":{\"pattern_name\":\"[[+pattern_name]]\"}}],\"col_2\":[{\"value\":\"[[%romanesco.patterns.referring_pages]]\",\"level\":\"h5\",\"field\":1,\"settings\":[]},{\"chunk_properties\":{},\"field\":85,\"settings\":{\"pattern_list\":\"referringPatterns\",\"pattern_template\":\"[[+pattern_template]]\",\"pattern_name\":\"[[+pattern_name]]\"}}]},\"settings\":{\"padding\":\"relaxed\",\"alignment\":\"\",\"divider\":\"divided\"},\"parent\":78}],\"fieldId\":\"contentblocks-field-153\"}}],\"field\":76,\"settings\":{\"layout_type\":\"tabs\",\"accordion_type\":\"\",\"tab_type\":\"regular\",\"padding\":\"padded\"}}]},\"settings\":{\"background\":\"white\",\"container_type\":\"\",\"sidebar_width\":\"six\",\"alignment\":\"\",\"pattern_name\":\"Message\",\"pattern_template\":\"patternLayoutBosonField\"},\"parent\":0,\"title\":\"\"},{\"layout\":17,\"content\":{\"preview\":[{\"items\":[{\"value\":\"When nine hundred years<br>\",\"items\":[]},{\"value\":\"Old you reach<br>\",\"items\":[]},{\"value\":\"Look as good<br>\",\"items\":[]},{\"value\":\"You will not\",\"items\":[]}],\"field\":11,\"settings\":[]}],\"code\":[{\"value\":\"[[Rowboat?\\n    &table=`modx_contentblocks_field`\\n    &tpl=`displayRawTemplate`\\n    &where=`{\\\"name\\\":\\\"[[+pattern_name]]\\\",\\\"parent\\\":\\\"0\\\"}`\\n]]\",\"lang\":\"html\",\"field\":86,\"settings\":{\"label\":\"[[%romanesco.patterns.template_label]]\"}},{\"value\":\"[[+[[+cf]].wrapper_template]]\",\"lang\":\"html\",\"field\":86,\"settings\":{\"label\":\"[[%romanesco.patterns.template_wrapper_label]]\"}}],\"info\":[{\"rows\":[{\"heading\":{\"value\":\"[[%romanesco.patterns.purpose_title]]\",\"fieldId\":\"contentblocks-field-162\"},\"heading_subtitle\":{\"value\":\"\",\"fieldId\":\"contentblocks-field-163\"},\"heading_icon\":{\"url\":\"\",\"size\":\"\",\"width\":\"\",\"height\":\"\",\"extension\":\"\",\"crops\":{},\"fieldId\":\"contentblocks-field-164\"},\"content\":{\"child_layouts\":[{\"layout\":7,\"content\":{\"main\":[{\"value\":\"<p>[[+[[+cf]].description]]<\/p>\",\"field\":6,\"settings\":[]}]},\"settings\":[],\"parent\":78}],\"fieldId\":\"contentblocks-field-165\"}},{\"heading\":{\"value\":\"[[%romanesco.patterns.usage_title]]\",\"fieldId\":\"contentblocks-field-167\"},\"heading_subtitle\":{\"value\":\"\",\"fieldId\":\"contentblocks-field-168\"},\"heading_icon\":{\"url\":\"\",\"size\":\"\",\"width\":\"\",\"height\":\"\",\"extension\":\"\",\"crops\":{},\"fieldId\":\"contentblocks-field-169\"},\"content\":{\"child_layouts\":[{\"layout\":7,\"content\":{\"main\":[{\"value\":\"\",\"field\":6,\"settings\":[]}]},\"settings\":[],\"parent\":78}],\"fieldId\":\"contentblocks-field-170\"}},{\"heading\":{\"value\":\"[[%romanesco.patterns.settings_title]]\",\"fieldId\":\"contentblocks-field-172\"},\"heading_subtitle\":{\"value\":\"\",\"fieldId\":\"contentblocks-field-173\"},\"heading_icon\":{\"url\":\"\",\"size\":\"\",\"width\":\"\",\"height\":\"\",\"extension\":\"\",\"crops\":{},\"fieldId\":\"contentblocks-field-174\"},\"content\":{\"child_layouts\":[{\"layout\":7,\"content\":{\"main\":[{\"value\":\"[[+[[+cf]].settings_json]]\",\"lang\":\"json\",\"field\":83,\"settings\":[]}]},\"settings\":[],\"parent\":78}],\"fieldId\":\"contentblocks-field-175\"}},{\"heading\":{\"value\":\"[[%romanesco.patterns.references_title]]\",\"fieldId\":\"contentblocks-field-177\"},\"heading_subtitle\":{\"value\":\"\",\"fieldId\":\"contentblocks-field-178\"},\"heading_icon\":{\"url\":\"\",\"size\":\"\",\"width\":\"\",\"height\":\"\",\"extension\":\"\",\"crops\":{},\"fieldId\":\"contentblocks-field-179\"},\"content\":{\"child_layouts\":[{\"layout\":12,\"content\":{\"col_1\":[{\"value\":\"[[%romanesco.patterns.included_patterns]]\",\"level\":\"h5\",\"field\":1,\"settings\":[]},{\"chunk_properties\":{},\"field\":84,\"settings\":{\"pattern_name\":\"[[+pattern_name]]\"}}],\"col_2\":[{\"value\":\"[[%romanesco.patterns.referring_pages]]\",\"level\":\"h5\",\"field\":1,\"settings\":[]},{\"chunk_properties\":{},\"field\":85,\"settings\":{\"pattern_list\":\"referringPatterns\",\"pattern_template\":\"[[+pattern_template]]\",\"pattern_name\":\"[[+pattern_name]]\"}}]},\"settings\":{\"padding\":\"relaxed\",\"alignment\":\"\",\"divider\":\"divided\"},\"parent\":78}],\"fieldId\":\"contentblocks-field-180\"}}],\"field\":76,\"settings\":{\"layout_type\":\"tabs\",\"accordion_type\":\"\",\"tab_type\":\"regular\",\"padding\":\"padded\"}}]},\"settings\":{\"background\":\"white\",\"container_type\":\"\",\"sidebar_width\":\"six\",\"alignment\":\"\",\"pattern_name\":\"List (Unordered)\",\"pattern_template\":\"patternLayoutBosonField\"},\"parent\":0,\"title\":\"\"},{\"layout\":17,\"content\":{\"preview\":[{\"items\":[{\"value\":\"When you reach<br>\",\"items\":[]},{\"value\":\"Nine hundred years <i>of age<\/i><br>\",\"items\":[]},{\"value\":\"You will not<br>\",\"items\":[]},{\"value\":\"Look as good<br>\",\"items\":[]}],\"field\":12,\"settings\":[]}],\"code\":[{\"value\":\"[[Rowboat?\\n    &table=`modx_contentblocks_field`\\n    &tpl=`displayRawTemplate`\\n    &where=`{\\\"name\\\":\\\"[[+pattern_name]]\\\",\\\"parent\\\":\\\"0\\\"}`\\n]]\",\"lang\":\"html\",\"field\":86,\"settings\":{\"label\":\"[[%romanesco.patterns.template_label]]\"}},{\"value\":\"[[+[[+cf]].wrapper_template]]\",\"lang\":\"html\",\"field\":86,\"settings\":{\"label\":\"[[%romanesco.patterns.template_wrapper_label]]\"}}],\"info\":[{\"rows\":[{\"heading\":{\"value\":\"[[%romanesco.patterns.purpose_title]]\",\"fieldId\":\"contentblocks-field-189\"},\"heading_subtitle\":{\"value\":\"\",\"fieldId\":\"contentblocks-field-190\"},\"heading_icon\":{\"url\":\"\",\"size\":\"\",\"width\":\"\",\"height\":\"\",\"extension\":\"\",\"crops\":{},\"fieldId\":\"contentblocks-field-191\"},\"content\":{\"child_layouts\":[{\"layout\":7,\"content\":{\"main\":[{\"value\":\"<p>[[+[[+cf]].description]]<\/p>\",\"field\":6,\"settings\":[]}]},\"settings\":[],\"parent\":78}],\"fieldId\":\"contentblocks-field-192\"}},{\"heading\":{\"value\":\"[[%romanesco.patterns.usage_title]]\",\"fieldId\":\"contentblocks-field-194\"},\"heading_subtitle\":{\"value\":\"\",\"fieldId\":\"contentblocks-field-195\"},\"heading_icon\":{\"url\":\"\",\"size\":\"\",\"width\":\"\",\"height\":\"\",\"extension\":\"\",\"crops\":{},\"fieldId\":\"contentblocks-field-196\"},\"content\":{\"child_layouts\":[{\"layout\":7,\"content\":{\"main\":[{\"value\":\"\",\"field\":6,\"settings\":[]}]},\"settings\":[],\"parent\":78}],\"fieldId\":\"contentblocks-field-197\"}},{\"heading\":{\"value\":\"[[%romanesco.patterns.settings_title]]\",\"fieldId\":\"contentblocks-field-199\"},\"heading_subtitle\":{\"value\":\"\",\"fieldId\":\"contentblocks-field-200\"},\"heading_icon\":{\"url\":\"\",\"size\":\"\",\"width\":\"\",\"height\":\"\",\"extension\":\"\",\"crops\":{},\"fieldId\":\"contentblocks-field-201\"},\"content\":{\"child_layouts\":[{\"layout\":7,\"content\":{\"main\":[{\"value\":\"[[+[[+cf]].settings_json]]\",\"lang\":\"json\",\"field\":83,\"settings\":[]}]},\"settings\":[],\"parent\":78}],\"fieldId\":\"contentblocks-field-202\"}},{\"heading\":{\"value\":\"[[%romanesco.patterns.references_title]]\",\"fieldId\":\"contentblocks-field-204\"},\"heading_subtitle\":{\"value\":\"\",\"fieldId\":\"contentblocks-field-205\"},\"heading_icon\":{\"url\":\"\",\"size\":\"\",\"width\":\"\",\"height\":\"\",\"extension\":\"\",\"crops\":{},\"fieldId\":\"contentblocks-field-206\"},\"content\":{\"child_layouts\":[{\"layout\":12,\"content\":{\"col_1\":[{\"value\":\"[[%romanesco.patterns.included_patterns]]\",\"level\":\"h5\",\"field\":1,\"settings\":[]},{\"chunk_properties\":{},\"field\":84,\"settings\":{\"pattern_name\":\"[[+pattern_name]]\"}}],\"col_2\":[{\"value\":\"[[%romanesco.patterns.referring_pages]]\",\"level\":\"h5\",\"field\":1,\"settings\":[]},{\"chunk_properties\":{},\"field\":85,\"settings\":{\"pattern_list\":\"referringPatterns\",\"pattern_template\":\"[[+pattern_template]]\",\"pattern_name\":\"[[+pattern_name]]\"}}]},\"settings\":{\"padding\":\"relaxed\",\"alignment\":\"\",\"divider\":\"divided\"},\"parent\":78}],\"fieldId\":\"contentblocks-field-207\"}}],\"field\":76,\"settings\":{\"layout_type\":\"tabs\",\"accordion_type\":\"\",\"tab_type\":\"regular\",\"padding\":\"padded\"}}]},\"settings\":{\"background\":\"white\",\"container_type\":\"\",\"sidebar_width\":\"six\",\"alignment\":\"\",\"pattern_name\":\"List (Ordered)\",\"pattern_template\":\"patternLayoutBosonField\"},\"parent\":0,\"title\":\"\"},{\"layout\":17,\"content\":{\"preview\":[{\"value\":\"We have also arranged things so that almost no one understands science and technology. This is a prescription for disaster. We might get away with it for a while, but sooner or later this combustible mixture of ignorance and power is going to blow up in our faces.\",\"cite\":\"Carl Sagan\",\"field\":15,\"settings\":{\"size\":\"small\",\"layout_type\":\"\"}}],\"code\":[{\"value\":\"[[Rowboat?\\n    &table=`modx_contentblocks_field`\\n    &tpl=`displayRawTemplate`\\n    &where=`{\\\"name\\\":\\\"[[+pattern_name]]\\\",\\\"parent\\\":\\\"0\\\"}`\\n]]\",\"lang\":\"html\",\"field\":86,\"settings\":{\"label\":\"[[%romanesco.patterns.template_label]]\"}}],\"info\":[{\"rows\":[{\"heading\":{\"value\":\"[[%romanesco.patterns.purpose_title]]\",\"fieldId\":\"contentblocks-field-215\"},\"heading_subtitle\":{\"value\":\"\",\"fieldId\":\"contentblocks-field-216\"},\"heading_icon\":{\"url\":\"\",\"size\":\"\",\"width\":\"\",\"height\":\"\",\"extension\":\"\",\"crops\":{},\"fieldId\":\"contentblocks-field-217\"},\"content\":{\"child_layouts\":[{\"layout\":7,\"content\":{\"main\":[{\"value\":\"<p>[[+[[+cf]].description]]<\/p>\",\"field\":6,\"settings\":[]}]},\"settings\":[],\"parent\":78}],\"fieldId\":\"contentblocks-field-218\"}},{\"heading\":{\"value\":\"[[%romanesco.patterns.usage_title]]\",\"fieldId\":\"contentblocks-field-220\"},\"heading_subtitle\":{\"value\":\"\",\"fieldId\":\"contentblocks-field-221\"},\"heading_icon\":{\"url\":\"\",\"size\":\"\",\"width\":\"\",\"height\":\"\",\"extension\":\"\",\"crops\":{},\"fieldId\":\"contentblocks-field-222\"},\"content\":{\"child_layouts\":[{\"layout\":7,\"content\":{\"main\":[{\"value\":\"\",\"field\":6,\"settings\":[]}]},\"settings\":[],\"parent\":78}],\"fieldId\":\"contentblocks-field-223\"}},{\"heading\":{\"value\":\"[[%romanesco.patterns.settings_title]]\",\"fieldId\":\"contentblocks-field-225\"},\"heading_subtitle\":{\"value\":\"\",\"fieldId\":\"contentblocks-field-226\"},\"heading_icon\":{\"url\":\"\",\"size\":\"\",\"width\":\"\",\"height\":\"\",\"extension\":\"\",\"crops\":{},\"fieldId\":\"contentblocks-field-227\"},\"content\":{\"child_layouts\":[{\"layout\":7,\"content\":{\"main\":[{\"value\":\"[[+[[+cf]].settings_json]]\",\"lang\":\"json\",\"field\":83,\"settings\":[]}]},\"settings\":[],\"parent\":78}],\"fieldId\":\"contentblocks-field-228\"}},{\"heading\":{\"value\":\"[[%romanesco.patterns.references_title]]\",\"fieldId\":\"contentblocks-field-230\"},\"heading_subtitle\":{\"value\":\"\",\"fieldId\":\"contentblocks-field-231\"},\"heading_icon\":{\"url\":\"\",\"size\":\"\",\"width\":\"\",\"height\":\"\",\"extension\":\"\",\"crops\":{},\"fieldId\":\"contentblocks-field-232\"},\"content\":{\"child_layouts\":[{\"layout\":12,\"content\":{\"col_1\":[{\"value\":\"[[%romanesco.patterns.included_patterns]]\",\"level\":\"h5\",\"field\":1,\"settings\":[]},{\"chunk_properties\":{},\"field\":84,\"settings\":{\"pattern_name\":\"[[+pattern_name]]\"}}],\"col_2\":[{\"value\":\"[[%romanesco.patterns.referring_pages]]\",\"level\":\"h5\",\"field\":1,\"settings\":[]},{\"chunk_properties\":{},\"field\":85,\"settings\":{\"pattern_list\":\"referringPatterns\",\"pattern_template\":\"[[+pattern_template]]\",\"pattern_name\":\"[[+pattern_name]]\"}}]},\"settings\":{\"padding\":\"relaxed\",\"alignment\":\"\",\"divider\":\"divided\"},\"parent\":78}],\"fieldId\":\"contentblocks-field-233\"}}],\"field\":76,\"settings\":{\"layout_type\":\"tabs\",\"accordion_type\":\"\",\"tab_type\":\"regular\",\"padding\":\"padded\"}}]},\"settings\":{\"background\":\"white\",\"container_type\":\"\",\"sidebar_width\":\"six\",\"alignment\":\"\",\"pattern_name\":\"Quote\",\"pattern_template\":\"patternLayoutBosonField\"},\"parent\":0,\"title\":\"\"}]","linear":[{"value":"Heading","level":"h2","field":1,"settings":[]},{"value":"[[Rowboat?\n    &table=`modx_contentblocks_field`\n    &tpl=`displayRawTemplate`\n    &where=`{\"name\":\"[[+pattern_name]]\",\"parent\":\"0\"}`\n]]","lang":"html","field":86,"settings":{"label":"[[%romanesco.patterns.template_label]]"}},{"rows":[{"heading":{"value":"[[%romanesco.patterns.purpose_title]]","fieldId":"contentblocks-field-4"},"heading_subtitle":{"value":"","fieldId":"contentblocks-field-5"},"heading_icon":{"url":"","size":"","width":"","height":"","extension":"","crops":[],"fieldId":"contentblocks-field-6"},"content":{"child_layouts":[{"layout":7,"content":{"main":[{"value":"<p>[[+[[+cf]].description]]<\/p>","field":6,"settings":[]}]},"settings":[],"parent":78}],"fieldId":"contentblocks-field-7"}},{"heading":{"value":"[[%romanesco.patterns.usage_title]]","fieldId":"contentblocks-field-9"},"heading_subtitle":{"value":"","fieldId":"contentblocks-field-10"},"heading_icon":{"url":"","size":"","width":"","height":"","extension":"","crops":[],"fieldId":"contentblocks-field-11"},"content":{"child_layouts":[{"layout":7,"content":{"main":[{"value":"[[+[[+cf]].settings_json]]","lang":"json","field":83,"settings":[]}]},"settings":[],"parent":78}],"fieldId":"contentblocks-field-12"}},{"heading":{"value":"[[%romanesco.patterns.settings_title]]","fieldId":"contentblocks-field-14"},"heading_subtitle":{"value":"","fieldId":"contentblocks-field-15"},"heading_icon":{"url":"","size":"","width":"","height":"","extension":"","crops":[],"fieldId":"contentblocks-field-16"},"content":{"child_layouts":[{"layout":7,"content":{"main":[{"value":"[[+[[+cf]].settings_table]]","lang":"html","field":14,"settings":[]}]},"settings":[],"parent":78}],"fieldId":"contentblocks-field-17"}},{"heading":{"value":"[[%romanesco.patterns.references_title]]","fieldId":"contentblocks-field-19"},"heading_subtitle":{"value":"","fieldId":"contentblocks-field-20"},"heading_icon":{"url":"","size":"","width":"","height":"","extension":"","crops":[],"fieldId":"contentblocks-field-21"},"content":{"child_layouts":[{"layout":12,"content":{"col_1":[{"value":"[[%romanesco.patterns.included_patterns]]","level":"h5","field":1,"settings":[]},{"chunk_properties":[],"field":84,"settings":{"pattern_name":"[[+pattern_name]]"}}],"col_2":[{"value":"[[%romanesco.patterns.referring_pages]]","level":"h5","field":1,"settings":[]},{"chunk_properties":[],"field":85,"settings":{"pattern_list":"referringPatterns","pattern_template":"[[+pattern_template]]","pattern_name":"[[+pattern_name]]"}}]},"settings":{"padding":"relaxed","alignment":"","divider":"divided"},"parent":78}],"fieldId":"contentblocks-field-22"}}],"field":76,"settings":{"layout_type":"tabs","accordion_type":"","tab_type":"regular","padding":"padded"}},{"value":"Heading","level":"h2","field":25,"settings":{"subtitle":"with Subtitle"}},{"value":"[[Rowboat?\n    &table=`modx_contentblocks_field`\n    &tpl=`displayRawTemplate`\n    &where=`{\"name\":\"[[+pattern_name]]\",\"parent\":\"0\"}`\n]]","lang":"html","field":86,"settings":{"label":"[[%romanesco.patterns.template_label]]"}},{"value":"[[+[[+cf]].wrapper_template]]","lang":"html","field":86,"settings":{"label":"[[%romanesco.patterns.template_wrapper_label]]"}},{"rows":[{"heading":{"value":"[[%romanesco.patterns.purpose_title]]","fieldId":"contentblocks-field-31"},"heading_subtitle":{"value":"","fieldId":"contentblocks-field-32"},"heading_icon":{"url":"","size":"","width":"","height":"","extension":"","crops":[],"fieldId":"contentblocks-field-33"},"content":{"child_layouts":[{"layout":7,"content":{"main":[{"value":"<p>[[+[[+cf]].description]]<\/p>","field":6,"settings":[]}]},"settings":[],"parent":78}],"fieldId":"contentblocks-field-34"}},{"heading":{"value":"[[%romanesco.patterns.usage_title]]","fieldId":"contentblocks-field-36"},"heading_subtitle":{"value":"","fieldId":"contentblocks-field-37"},"heading_icon":{"url":"","size":"","width":"","height":"","extension":"","crops":[],"fieldId":"contentblocks-field-38"},"content":{"child_layouts":[{"layout":7,"content":{"main":[{"value":"","field":6,"settings":[]}]},"settings":[],"parent":78}],"fieldId":"contentblocks-field-39"}},{"heading":{"value":"[[%romanesco.patterns.settings_title]]","fieldId":"contentblocks-field-41"},"heading_subtitle":{"value":"","fieldId":"contentblocks-field-42"},"heading_icon":{"url":"","size":"","width":"","height":"","extension":"","crops":[],"fieldId":"contentblocks-field-43"},"content":{"child_layouts":[{"layout":7,"content":{"main":[{"value":"[[+[[+cf]].settings_table]]","lang":"html","field":14,"settings":[]}]},"settings":[],"parent":78}],"fieldId":"contentblocks-field-44"}},{"heading":{"value":"[[%romanesco.patterns.references_title]]","fieldId":"contentblocks-field-46"},"heading_subtitle":{"value":"","fieldId":"contentblocks-field-47"},"heading_icon":{"url":"","size":"","width":"","height":"","extension":"","crops":[],"fieldId":"contentblocks-field-48"},"content":{"child_layouts":[{"layout":12,"content":{"col_1":[{"value":"[[%romanesco.patterns.included_patterns]]","level":"h5","field":1,"settings":[]},{"chunk_properties":[],"field":84,"settings":{"pattern_name":"[[+pattern_name]]"}}],"col_2":[{"value":"[[%romanesco.patterns.referring_pages]]","level":"h5","field":1,"settings":[]},{"chunk_properties":[],"field":85,"settings":{"pattern_list":"referringPatterns","pattern_template":"[[+pattern_template]]","pattern_name":"[[+pattern_name]]"}}]},"settings":{"padding":"relaxed","alignment":"","divider":"divided"},"parent":78}],"fieldId":"contentblocks-field-49"}}],"field":76,"settings":{"layout_type":"tabs","accordion_type":"","tab_type":"regular","padding":"padded"}},{"value":"Heading<br>","level":"h2","field":43,"settings":{"icon_class":"theme icon","subtitle":"with Font Icon","icon_position":""}},{"value":"[[Rowboat?\n    &table=`modx_contentblocks_field`\n    &tpl=`displayRawTemplate`\n    &where=`{\"name\":\"[[+pattern_name]]\",\"parent\":\"0\"}`\n]]","lang":"html","field":86,"settings":{"label":"[[%romanesco.patterns.template_label]]"}},{"rows":[{"heading":{"value":"[[%romanesco.patterns.purpose_title]]","fieldId":"contentblocks-field-57"},"heading_subtitle":{"value":"","fieldId":"contentblocks-field-58"},"heading_icon":{"url":"","size":"","width":"","height":"","extension":"","crops":[],"fieldId":"contentblocks-field-59"},"content":{"child_layouts":[{"layout":7,"content":{"main":[{"value":"<p>[[+[[+cf]].description]]<\/p>","field":6,"settings":[]}]},"settings":[],"parent":78}],"fieldId":"contentblocks-field-60"}},{"heading":{"value":"[[%romanesco.patterns.usage_title]]","fieldId":"contentblocks-field-62"},"heading_subtitle":{"value":"","fieldId":"contentblocks-field-63"},"heading_icon":{"url":"","size":"","width":"","height":"","extension":"","crops":[],"fieldId":"contentblocks-field-64"},"content":{"child_layouts":[{"layout":7,"content":{"main":[{"value":"","field":6,"settings":[]}]},"settings":[],"parent":78}],"fieldId":"contentblocks-field-65"}},{"heading":{"value":"[[%romanesco.patterns.settings_title]]","fieldId":"contentblocks-field-67"},"heading_subtitle":{"value":"","fieldId":"contentblocks-field-68"},"heading_icon":{"url":"","size":"","width":"","height":"","extension":"","crops":[],"fieldId":"contentblocks-field-69"},"content":{"child_layouts":[{"layout":7,"content":{"main":[{"value":"[[+[[+cf]].settings_json]]","lang":"json","field":83,"settings":[]}]},"settings":[],"parent":78}],"fieldId":"contentblocks-field-70"}},{"heading":{"value":"[[%romanesco.patterns.references_title]]","fieldId":"contentblocks-field-72"},"heading_subtitle":{"value":"","fieldId":"contentblocks-field-73"},"heading_icon":{"url":"","size":"","width":"","height":"","extension":"","crops":[],"fieldId":"contentblocks-field-74"},"content":{"child_layouts":[{"layout":12,"content":{"col_1":[{"value":"[[%romanesco.patterns.included_patterns]]","level":"h5","field":1,"settings":[]},{"chunk_properties":[],"field":84,"settings":{"pattern_name":"[[+pattern_name]]"}}],"col_2":[{"value":"[[%romanesco.patterns.referring_pages]]","level":"h5","field":1,"settings":[]},{"chunk_properties":[],"field":85,"settings":{"pattern_list":"referringPatterns","pattern_template":"[[+pattern_template]]","pattern_name":"[[+pattern_name]]"}}]},"settings":{"padding":"relaxed","alignment":"","divider":"divided"},"parent":78}],"fieldId":"contentblocks-field-75"}}],"field":76,"settings":{"layout_type":"tabs","accordion_type":"","tab_type":"regular","padding":"padded"}},{"value":"Heading","level":"h2","url":"","size":"","extension":"","field":44,"settings":{"subtitle":"with SVG icon","icon_position":""}},{"value":"[[Rowboat?\n    &table=`modx_contentblocks_field`\n    &tpl=`displayRawTemplate`\n    &where=`{\"name\":\"[[+pattern_name]]\",\"parent\":\"0\"}`\n]]","lang":"html","field":86,"settings":{"label":"[[%romanesco.patterns.template_label]]"}},{"rows":[{"heading":{"value":"[[%romanesco.patterns.purpose_title]]","fieldId":"contentblocks-field-83"},"heading_subtitle":{"value":"","fieldId":"contentblocks-field-84"},"heading_icon":{"url":"","size":"","width":"","height":"","extension":"","crops":[],"fieldId":"contentblocks-field-85"},"content":{"child_layouts":[{"layout":7,"content":{"main":[{"value":"<p>[[+[[+cf]].description]]<\/p>","field":6,"settings":[]}]},"settings":[],"parent":78}],"fieldId":"contentblocks-field-86"}},{"heading":{"value":"[[%romanesco.patterns.usage_title]]","fieldId":"contentblocks-field-88"},"heading_subtitle":{"value":"","fieldId":"contentblocks-field-89"},"heading_icon":{"url":"","size":"","width":"","height":"","extension":"","crops":[],"fieldId":"contentblocks-field-90"},"content":{"child_layouts":[{"layout":7,"content":{"main":[{"value":"","field":6,"settings":[]}]},"settings":[],"parent":78}],"fieldId":"contentblocks-field-91"}},{"heading":{"value":"[[%romanesco.patterns.settings_title]]","fieldId":"contentblocks-field-93"},"heading_subtitle":{"value":"","fieldId":"contentblocks-field-94"},"heading_icon":{"url":"","size":"","width":"","height":"","extension":"","crops":[],"fieldId":"contentblocks-field-95"},"content":{"child_layouts":[{"layout":7,"content":{"main":[{"value":"[[+[[+cf]].settings_json]]","lang":"json","field":83,"settings":[]}]},"settings":[],"parent":78}],"fieldId":"contentblocks-field-96"}},{"heading":{"value":"[[%romanesco.patterns.references_title]]","fieldId":"contentblocks-field-98"},"heading_subtitle":{"value":"","fieldId":"contentblocks-field-99"},"heading_icon":{"url":"","size":"","width":"","height":"","extension":"","crops":[],"fieldId":"contentblocks-field-100"},"content":{"child_layouts":[{"layout":12,"content":{"col_1":[{"value":"[[%romanesco.patterns.included_patterns]]","level":"h5","field":1,"settings":[]},{"chunk_properties":[],"field":84,"settings":{"pattern_name":"[[+pattern_name]]"}}],"col_2":[{"value":"[[%romanesco.patterns.referring_pages]]","level":"h5","field":1,"settings":[]},{"chunk_properties":[],"field":85,"settings":{"pattern_list":"referringPatterns","pattern_template":"[[+pattern_template]]","pattern_name":"[[+pattern_name]]"}}]},"settings":{"padding":"relaxed","alignment":"","divider":"divided"},"parent":78}],"fieldId":"contentblocks-field-101"}}],"field":76,"settings":{"layout_type":"tabs","accordion_type":"","tab_type":"regular","padding":"padded"}},{"value":"<p>Romanesco is an experimental pattern library for MODX, that enables you to quickly build websites with reusable components.<\/p>","field":6,"settings":{"segment_type":"regular","padding":"regular","alignment":""}},{"value":"[[Rowboat?\n    &table=`modx_contentblocks_field`\n    &tpl=`displayRawTemplate`\n    &where=`{\"name\":\"[[+pattern_name]]\",\"parent\":\"0\"}`\n]]","lang":"html","field":86,"settings":{"label":"[[%romanesco.patterns.template_label]]"}},{"rows":[{"heading":{"value":"[[%romanesco.patterns.purpose_title]]","fieldId":"contentblocks-field-109"},"heading_subtitle":{"value":"","fieldId":"contentblocks-field-110"},"heading_icon":{"url":"","size":"","width":"","height":"","extension":"","crops":[],"fieldId":"contentblocks-field-111"},"content":{"child_layouts":[{"layout":7,"content":{"main":[{"value":"<p>[[+[[+cf]].description]]<\/p>","field":6,"settings":[]}]},"settings":[],"parent":78}],"fieldId":"contentblocks-field-112"}},{"heading":{"value":"[[%romanesco.patterns.usage_title]]","fieldId":"contentblocks-field-114"},"heading_subtitle":{"value":"","fieldId":"contentblocks-field-115"},"heading_icon":{"url":"","size":"","width":"","height":"","extension":"","crops":[],"fieldId":"contentblocks-field-116"},"content":{"child_layouts":[{"layout":7,"content":{"main":[{"value":"","field":6,"settings":[]}]},"settings":[],"parent":78}],"fieldId":"contentblocks-field-117"}},{"heading":{"value":"[[%romanesco.patterns.settings_title]]","fieldId":"contentblocks-field-119"},"heading_subtitle":{"value":"","fieldId":"contentblocks-field-120"},"heading_icon":{"url":"","size":"","width":"","height":"","extension":"","crops":[],"fieldId":"contentblocks-field-121"},"content":{"child_layouts":[{"layout":7,"content":{"main":[{"value":"[[+[[+cf]].settings_json]]","lang":"json","field":83,"settings":[]}]},"settings":[],"parent":78}],"fieldId":"contentblocks-field-122"}},{"heading":{"value":"[[%romanesco.patterns.references_title]]","fieldId":"contentblocks-field-124"},"heading_subtitle":{"value":"","fieldId":"contentblocks-field-125"},"heading_icon":{"url":"","size":"","width":"","height":"","extension":"","crops":[],"fieldId":"contentblocks-field-126"},"content":{"child_layouts":[{"layout":12,"content":{"col_1":[{"value":"[[%romanesco.patterns.included_patterns]]","level":"h5","field":1,"settings":[]},{"chunk_properties":[],"field":84,"settings":{"pattern_name":"[[+pattern_name]]"}}],"col_2":[{"value":"[[%romanesco.patterns.referring_pages]]","level":"h5","field":1,"settings":[]},{"chunk_properties":[],"field":85,"settings":{"pattern_list":"referringPatterns","pattern_template":"[[+pattern_template]]","pattern_name":"[[+pattern_name]]"}}]},"settings":{"padding":"relaxed","alignment":"","divider":"divided"},"parent":78}],"fieldId":"contentblocks-field-127"}}],"field":76,"settings":{"layout_type":"tabs","accordion_type":"","tab_type":"regular","padding":"padded"}},{"value":"<p>Romanesco is an experimental pattern library for MODX, that enables you to quickly build websites with reusable components.<\/p>","field":79,"settings":{"message_type":"info","heading":"What is a Romanesco?"}},{"value":"[[Rowboat?\n    &table=`modx_contentblocks_field`\n    &tpl=`displayRawTemplate`\n    &where=`{\"name\":\"[[+pattern_name]]\",\"parent\":\"0\"}`\n]]","lang":"html","field":86,"settings":{"label":"[[%romanesco.patterns.template_label]]"}},{"rows":[{"heading":{"value":"[[%romanesco.patterns.purpose_title]]","fieldId":"contentblocks-field-135"},"heading_subtitle":{"value":"","fieldId":"contentblocks-field-136"},"heading_icon":{"url":"","size":"","width":"","height":"","extension":"","crops":[],"fieldId":"contentblocks-field-137"},"content":{"child_layouts":[{"layout":7,"content":{"main":[{"value":"<p>[[+[[+cf]].description]]<\/p>","field":6,"settings":[]}]},"settings":[],"parent":78}],"fieldId":"contentblocks-field-138"}},{"heading":{"value":"[[%romanesco.patterns.usage_title]]","fieldId":"contentblocks-field-140"},"heading_subtitle":{"value":"","fieldId":"contentblocks-field-141"},"heading_icon":{"url":"","size":"","width":"","height":"","extension":"","crops":[],"fieldId":"contentblocks-field-142"},"content":{"child_layouts":[{"layout":7,"content":{"main":[{"value":"","field":6,"settings":[]}]},"settings":[],"parent":78}],"fieldId":"contentblocks-field-143"}},{"heading":{"value":"[[%romanesco.patterns.settings_title]]","fieldId":"contentblocks-field-145"},"heading_subtitle":{"value":"","fieldId":"contentblocks-field-146"},"heading_icon":{"url":"","size":"","width":"","height":"","extension":"","crops":[],"fieldId":"contentblocks-field-147"},"content":{"child_layouts":[{"layout":7,"content":{"main":[{"value":"[[+[[+cf]].settings_json]]","lang":"json","field":83,"settings":[]}]},"settings":[],"parent":78}],"fieldId":"contentblocks-field-148"}},{"heading":{"value":"[[%romanesco.patterns.references_title]]","fieldId":"contentblocks-field-150"},"heading_subtitle":{"value":"","fieldId":"contentblocks-field-151"},"heading_icon":{"url":"","size":"","width":"","height":"","extension":"","crops":[],"fieldId":"contentblocks-field-152"},"content":{"child_layouts":[{"layout":12,"content":{"col_1":[{"value":"[[%romanesco.patterns.included_patterns]]","level":"h5","field":1,"settings":[]},{"chunk_properties":[],"field":84,"settings":{"pattern_name":"[[+pattern_name]]"}}],"col_2":[{"value":"[[%romanesco.patterns.referring_pages]]","level":"h5","field":1,"settings":[]},{"chunk_properties":[],"field":85,"settings":{"pattern_list":"referringPatterns","pattern_template":"[[+pattern_template]]","pattern_name":"[[+pattern_name]]"}}]},"settings":{"padding":"relaxed","alignment":"","divider":"divided"},"parent":78}],"fieldId":"contentblocks-field-153"}}],"field":76,"settings":{"layout_type":"tabs","accordion_type":"","tab_type":"regular","padding":"padded"}},{"items":[{"value":"When nine hundred years<br>","items":[]},{"value":"Old you reach<br>","items":[]},{"value":"Look as good<br>","items":[]},{"value":"You will not","items":[]}],"field":11,"settings":[]},{"value":"[[Rowboat?\n    &table=`modx_contentblocks_field`\n    &tpl=`displayRawTemplate`\n    &where=`{\"name\":\"[[+pattern_name]]\",\"parent\":\"0\"}`\n]]","lang":"html","field":86,"settings":{"label":"[[%romanesco.patterns.template_label]]"}},{"value":"[[+[[+cf]].wrapper_template]]","lang":"html","field":86,"settings":{"label":"[[%romanesco.patterns.template_wrapper_label]]"}},{"rows":[{"heading":{"value":"[[%romanesco.patterns.purpose_title]]","fieldId":"contentblocks-field-162"},"heading_subtitle":{"value":"","fieldId":"contentblocks-field-163"},"heading_icon":{"url":"","size":"","width":"","height":"","extension":"","crops":[],"fieldId":"contentblocks-field-164"},"content":{"child_layouts":[{"layout":7,"content":{"main":[{"value":"<p>[[+[[+cf]].description]]<\/p>","field":6,"settings":[]}]},"settings":[],"parent":78}],"fieldId":"contentblocks-field-165"}},{"heading":{"value":"[[%romanesco.patterns.usage_title]]","fieldId":"contentblocks-field-167"},"heading_subtitle":{"value":"","fieldId":"contentblocks-field-168"},"heading_icon":{"url":"","size":"","width":"","height":"","extension":"","crops":[],"fieldId":"contentblocks-field-169"},"content":{"child_layouts":[{"layout":7,"content":{"main":[{"value":"","field":6,"settings":[]}]},"settings":[],"parent":78}],"fieldId":"contentblocks-field-170"}},{"heading":{"value":"[[%romanesco.patterns.settings_title]]","fieldId":"contentblocks-field-172"},"heading_subtitle":{"value":"","fieldId":"contentblocks-field-173"},"heading_icon":{"url":"","size":"","width":"","height":"","extension":"","crops":[],"fieldId":"contentblocks-field-174"},"content":{"child_layouts":[{"layout":7,"content":{"main":[{"value":"[[+[[+cf]].settings_json]]","lang":"json","field":83,"settings":[]}]},"settings":[],"parent":78}],"fieldId":"contentblocks-field-175"}},{"heading":{"value":"[[%romanesco.patterns.references_title]]","fieldId":"contentblocks-field-177"},"heading_subtitle":{"value":"","fieldId":"contentblocks-field-178"},"heading_icon":{"url":"","size":"","width":"","height":"","extension":"","crops":[],"fieldId":"contentblocks-field-179"},"content":{"child_layouts":[{"layout":12,"content":{"col_1":[{"value":"[[%romanesco.patterns.included_patterns]]","level":"h5","field":1,"settings":[]},{"chunk_properties":[],"field":84,"settings":{"pattern_name":"[[+pattern_name]]"}}],"col_2":[{"value":"[[%romanesco.patterns.referring_pages]]","level":"h5","field":1,"settings":[]},{"chunk_properties":[],"field":85,"settings":{"pattern_list":"referringPatterns","pattern_template":"[[+pattern_template]]","pattern_name":"[[+pattern_name]]"}}]},"settings":{"padding":"relaxed","alignment":"","divider":"divided"},"parent":78}],"fieldId":"contentblocks-field-180"}}],"field":76,"settings":{"layout_type":"tabs","accordion_type":"","tab_type":"regular","padding":"padded"}},{"items":[{"value":"When you reach<br>","items":[]},{"value":"Nine hundred years <i>of age<\/i><br>","items":[]},{"value":"You will not<br>","items":[]},{"value":"Look as good<br>","items":[]}],"field":12,"settings":[]},{"value":"[[Rowboat?\n    &table=`modx_contentblocks_field`\n    &tpl=`displayRawTemplate`\n    &where=`{\"name\":\"[[+pattern_name]]\",\"parent\":\"0\"}`\n]]","lang":"html","field":86,"settings":{"label":"[[%romanesco.patterns.template_label]]"}},{"value":"[[+[[+cf]].wrapper_template]]","lang":"html","field":86,"settings":{"label":"[[%romanesco.patterns.template_wrapper_label]]"}},{"rows":[{"heading":{"value":"[[%romanesco.patterns.purpose_title]]","fieldId":"contentblocks-field-189"},"heading_subtitle":{"value":"","fieldId":"contentblocks-field-190"},"heading_icon":{"url":"","size":"","width":"","height":"","extension":"","crops":[],"fieldId":"contentblocks-field-191"},"content":{"child_layouts":[{"layout":7,"content":{"main":[{"value":"<p>[[+[[+cf]].description]]<\/p>","field":6,"settings":[]}]},"settings":[],"parent":78}],"fieldId":"contentblocks-field-192"}},{"heading":{"value":"[[%romanesco.patterns.usage_title]]","fieldId":"contentblocks-field-194"},"heading_subtitle":{"value":"","fieldId":"contentblocks-field-195"},"heading_icon":{"url":"","size":"","width":"","height":"","extension":"","crops":[],"fieldId":"contentblocks-field-196"},"content":{"child_layouts":[{"layout":7,"content":{"main":[{"value":"","field":6,"settings":[]}]},"settings":[],"parent":78}],"fieldId":"contentblocks-field-197"}},{"heading":{"value":"[[%romanesco.patterns.settings_title]]","fieldId":"contentblocks-field-199"},"heading_subtitle":{"value":"","fieldId":"contentblocks-field-200"},"heading_icon":{"url":"","size":"","width":"","height":"","extension":"","crops":[],"fieldId":"contentblocks-field-201"},"content":{"child_layouts":[{"layout":7,"content":{"main":[{"value":"[[+[[+cf]].settings_json]]","lang":"json","field":83,"settings":[]}]},"settings":[],"parent":78}],"fieldId":"contentblocks-field-202"}},{"heading":{"value":"[[%romanesco.patterns.references_title]]","fieldId":"contentblocks-field-204"},"heading_subtitle":{"value":"","fieldId":"contentblocks-field-205"},"heading_icon":{"url":"","size":"","width":"","height":"","extension":"","crops":[],"fieldId":"contentblocks-field-206"},"content":{"child_layouts":[{"layout":12,"content":{"col_1":[{"value":"[[%romanesco.patterns.included_patterns]]","level":"h5","field":1,"settings":[]},{"chunk_properties":[],"field":84,"settings":{"pattern_name":"[[+pattern_name]]"}}],"col_2":[{"value":"[[%romanesco.patterns.referring_pages]]","level":"h5","field":1,"settings":[]},{"chunk_properties":[],"field":85,"settings":{"pattern_list":"referringPatterns","pattern_template":"[[+pattern_template]]","pattern_name":"[[+pattern_name]]"}}]},"settings":{"padding":"relaxed","alignment":"","divider":"divided"},"parent":78}],"fieldId":"contentblocks-field-207"}}],"field":76,"settings":{"layout_type":"tabs","accordion_type":"","tab_type":"regular","padding":"padded"}},{"value":"We have also arranged things so that almost no one understands science and technology. This is a prescription for disaster. We might get away with it for a while, but sooner or later this combustible mixture of ignorance and power is going to blow up in our faces.","cite":"Carl Sagan","field":15,"settings":{"size":"small","layout_type":""}},{"value":"[[Rowboat?\n    &table=`modx_contentblocks_field`\n    &tpl=`displayRawTemplate`\n    &where=`{\"name\":\"[[+pattern_name]]\",\"parent\":\"0\"}`\n]]","lang":"html","field":86,"settings":{"label":"[[%romanesco.patterns.template_label]]"}},{"rows":[{"heading":{"value":"[[%romanesco.patterns.purpose_title]]","fieldId":"contentblocks-field-215"},"heading_subtitle":{"value":"","fieldId":"contentblocks-field-216"},"heading_icon":{"url":"","size":"","width":"","height":"","extension":"","crops":[],"fieldId":"contentblocks-field-217"},"content":{"child_layouts":[{"layout":7,"content":{"main":[{"value":"<p>[[+[[+cf]].description]]<\/p>","field":6,"settings":[]}]},"settings":[],"parent":78}],"fieldId":"contentblocks-field-218"}},{"heading":{"value":"[[%romanesco.patterns.usage_title]]","fieldId":"contentblocks-field-220"},"heading_subtitle":{"value":"","fieldId":"contentblocks-field-221"},"heading_icon":{"url":"","size":"","width":"","height":"","extension":"","crops":[],"fieldId":"contentblocks-field-222"},"content":{"child_layouts":[{"layout":7,"content":{"main":[{"value":"","field":6,"settings":[]}]},"settings":[],"parent":78}],"fieldId":"contentblocks-field-223"}},{"heading":{"value":"[[%romanesco.patterns.settings_title]]","fieldId":"contentblocks-field-225"},"heading_subtitle":{"value":"","fieldId":"contentblocks-field-226"},"heading_icon":{"url":"","size":"","width":"","height":"","extension":"","crops":[],"fieldId":"contentblocks-field-227"},"content":{"child_layouts":[{"layout":7,"content":{"main":[{"value":"[[+[[+cf]].settings_json]]","lang":"json","field":83,"settings":[]}]},"settings":[],"parent":78}],"fieldId":"contentblocks-field-228"}},{"heading":{"value":"[[%romanesco.patterns.references_title]]","fieldId":"contentblocks-field-230"},"heading_subtitle":{"value":"","fieldId":"contentblocks-field-231"},"heading_icon":{"url":"","size":"","width":"","height":"","extension":"","crops":[],"fieldId":"contentblocks-field-232"},"content":{"child_layouts":[{"layout":12,"content":{"col_1":[{"value":"[[%romanesco.patterns.included_patterns]]","level":"h5","field":1,"settings":[]},{"chunk_properties":[],"field":84,"settings":{"pattern_name":"[[+pattern_name]]"}}],"col_2":[{"value":"[[%romanesco.patterns.referring_pages]]","level":"h5","field":1,"settings":[]},{"chunk_properties":[],"field":85,"settings":{"pattern_list":"referringPatterns","pattern_template":"[[+pattern_template]]","pattern_name":"[[+pattern_name]]"}}]},"settings":{"padding":"relaxed","alignment":"","divider":"divided"},"parent":78}],"fieldId":"contentblocks-field-233"}}],"field":76,"settings":{"layout_type":"tabs","accordion_type":"","tab_type":"regular","padding":"padded"}}],"fieldcounts":{"1":1,"86":12,"76":9,"25":1,"43":1,"44":1,"6":1,"79":1,"11":1,"12":1,"15":1},"_isContentBlocks":true}}