{
    "groups": [
        {
            "name": "Content purpose",
            "description": "Options for indicating the primary function(s) of the content.",
            "key": "content_purpose",
            "position": 1,
            "options": [
                {
                    "name": "Documentation",
                    "description": "Reference material.",
                    "alias": "document",
                    "position": ""
                },
                {
                    "name": "Training",
                    "description": "Hands-on, tutorial, how-to.",
                    "alias": "train",
                    "position": ""
                },
                {
                    "name": "Education",
                    "description": "Conceptual, insights.",
                    "alias": "educate",
                    "position": ""
                },
                {
                    "name": "Exploring",
                    "description": "Trying something new.",
                    "alias": "explore",
                    "position": ""
                },
                {
                    "name": "Updating",
                    "description": "Event, announcement, news.",
                    "alias": "update",
                    "position": ""
                },
                {
                    "name": "Notification",
                    "description": "Respond to user action.",
                    "alias": "notify",
                    "position": ""
                },
                {
                    "name": "Structuring",
                    "description": "Navigation, overview.",
                    "alias": "structure",
                    "position": ""
                },
                {
                    "name": "Inspiration",
                    "description": "Showcase, possibilities.",
                    "alias": "inspire",
                    "position": ""
                },
                {
                    "name": "Convincing",
                    "description": "Reasons, facts, urgency.",
                    "alias": "convince",
                    "position": ""
                },
                {
                    "name": "Reassurance",
                    "description": "Guarantees, evidence.",
                    "alias": "reassure",
                    "position": ""
                },
                {
                    "name": "Connection",
                    "description": "Start a relationship",
                    "alias": "connect",
                    "position": ""
                },
                {
                    "name": "Onboarding",
                    "description": "Help users integrate",
                    "alias": "onboard",
                    "position": ""
                },
                {
                    "name": "Monetizing",
                    "description": "Make them pay",
                    "alias": "monetize",
                    "position": ""
                }
            ]
        },
        {
            "name": "Content priority",
            "description": "Indicate how urgent and important the creation of this content is.",
            "key": "content_priority",
            "position": 2,
            "options": [
                {
                    "name": "Important and urgent",
                    "description": "Do this now.",
                    "alias": "3",
                    "position": 1
                },
                {
                    "name": "Important, but not urgent",
                    "description": "Schedule a time to do this.",
                    "alias": "2",
                    "position": 2
                },
                {
                    "name": "Not important, but urgent",
                    "description": "Can you outsource this?",
                    "alias": "1",
                    "position": 3
                },
                {
                    "name": "Not important and not urgent",
                    "description": "Eliminate this.",
                    "alias": "0",
                    "position": 4
                }
            ]
        },
        {
            "name": "Content progress",
            "description": "Indicator for the current development stage of this page.",
            "key": "status_progress",
            "position": 3,
            "options": [
                {
                    "name": "To do",
                    "description": "The idea is planted, but this page is still empty.",
                    "alias": "to-do",
                    "position": 1
                },
                {
                    "name": "In progress",
                    "description": "Work has begun. Leafs are starting to appear.",
                    "alias": "in-progress",
                    "position": 2
                },
                {
                    "name": "Ready for review",
                    "description": "One last check, before it can be published.",
                    "alias": "review",
                    "position": 3
                },
                {
                    "name": "Done",
                    "description": "Time to let it grow. Let's move on to the next one.",
                    "alias": "done",
                    "position": 4
                }
            ]
        },
        {
            "name": "Content health",
            "description": "Indicator for the current condition of this page. This status only applies to pages that are done.",
            "key": "status_health",
            "position": 4,
            "options": [
                {
                    "name": "Healthy",
                    "description": "This page came out well. Nice work.",
                    "alias": "stable",
                    "position": 1
                },
                {
                    "name": "Fruiting",
                    "description": "A shining example of what we want to achieve.",
                    "alias": "successful",
                    "position": 2
                },
                {
                    "name": "Buggy",
                    "description": "This page attracts more problems than visitors.",
                    "alias": "problematic",
                    "position": 3
                },
                {
                    "name": "Wilting",
                    "description": "The content is outdated or has outlived its purpose.",
                    "alias": "expired",
                    "position": 4
                }
            ]
        },
        {
            "name": "Content improvements",
            "description": "Tags to indicate how the content could be improved.",
            "key": "status_improvements",
            "position": 5,
            "options": [
                {
                    "name": "Text",
                    "description": "Content needs more structure or some trimming.",
                    "alias": "text",
                    "position": 1
                },
                {
                    "name": "Graphics",
                    "description": "It lacks visual balance or needs (more) supportive imagery.",
                    "alias": "graphics",
                    "position": 2
                },
                {
                    "name": "Information",
                    "description": "Incorrect data or not sending out the right message.",
                    "alias": "information",
                    "position": 3
                },
                {
                    "name": "Interaction",
                    "description": "Usability or response could be better.",
                    "alias": "interaction",
                    "position": 4
                },
                {
                    "name": "Layout",
                    "description": "The elements are not optimally positioned yet.",
                    "alias": "layout",
                    "position": 5
                },
                {
                    "name": "Overviews",
                    "description": "Content loaded from other places still needs some tweaking.",
                    "alias": "overviews",
                    "position": 6
                },
                {
                    "name": "SEO",
                    "description": "The content needs (better) optimization for search engines.",
                    "alias": "seo",
                    "position": 7
                },
                {
                    "name": "Performance",
                    "description": "The page is taking too long to load.",
                    "alias": "performance",
                    "position": 8
                },
                {
                    "name": "Accessibility",
                    "description": "There are obstacles for visitors with disabilities.",
                    "alias": "accessibility",
                    "position": 9
                },
                {
                    "name": "Something else",
                    "description": "",
                    "alias": "other",
                    "position": 99
                }
            ]
        },
        {
            "name": "Content issues",
            "description": "Tags to indicate what kind of problem the user is facing.",
            "key": "status_issues",
            "position": 6,
            "options": [
                {
                    "name": "Manager",
                    "description": "I'm having issues (or lost the way) while navigating MODX.",
                    "alias": "manager",
                    "position": 1
                },
                {
                    "name": "Content",
                    "description": "I'm having difficulties adding or editing content.",
                    "alias": "content",
                    "position": 2
                },
                {
                    "name": "Styling",
                    "description": "Things don't look as they should on the website.",
                    "alias": "styling",
                    "position": 3
                },
                {
                    "name": "Technical",
                    "description": "The output on the site is incorrect, or there's no output at all.",
                    "alias": "technical",
                    "position": 4
                },
                {
                    "name": "Functional",
                    "description": "I hit a limitation or inconsistency in one of the components.",
                    "alias": "functional",
                    "position": 5
                },
                {
                    "name": "Conceptual",
                    "description": "I'm not happy with this content and would like to hear your opinion.",
                    "alias": "concept",
                    "position": 6
                },
                {
                    "name": "Something else",
                    "description": "",
                    "alias": "other",
                    "position": 99
                }
            ]
        },
        {
            "name": "Improvement priority",
            "description": "Indicate how urgent and important this improvement currently is.",
            "key": "improvement_priority",
            "position": 7,
            "options": [
                {
                    "name": "Important and urgent",
                    "description": "Let's do this now.",
                    "alias": "3",
                    "position": 1
                },
                {
                    "name": "Important, but not urgent",
                    "description": "Let's schedule this in.",
                    "alias": "2",
                    "position": 2
                },
                {
                    "name": "Not important, but urgent",
                    "description": "Can we source this out?",
                    "alias": "1",
                    "position": 3
                },
                {
                    "name": "Not important and not urgent",
                    "description": "Nice to have. Someday.",
                    "alias": "0",
                    "position": 4
                }
            ]
        },
        {
            "name": "Issue priority",
            "description": "Indicate how urgent and important this issue currently is.",
            "key": "issue_priority",
            "position": 8,
            "options": [
                {
                    "name": "Important and urgent",
                    "description": "This is a major roadblock right now.",
                    "alias": "3",
                    "position": 1
                },
                {
                    "name": "Important, but not urgent",
                    "description": "It can wait, but needs your full attention.",
                    "alias": "2",
                    "position": 2
                },
                {
                    "name": "Not important, but urgent",
                    "description": "A quick fix or dirty workaround will do.",
                    "alias": "1",
                    "position": 3
                },
                {
                    "name": "Not important and not urgent",
                    "description": "Are you sure this is a problem?",
                    "alias": "0",
                    "position": 4
                }
            ]
        }
    ]
}