{"contentblocks":{"content":"[{\"layout\":1,\"content\":{\"main\":[{\"value\":\"\",\"field\":0,\"settings\":{}},{\"chunk_properties\":{},\"field\":19,\"settings\":{\"cols\":\"three\",\"row_tpl\":\"overviewRowBasicLinkCard\",\"show_subtitle\":\"1\",\"show_introtext\":\"0\"}}]},\"settings\":{},\"parent\":0,\"title\":\"\"}]","linear":[{"value":"","field":0,"settings":[]},{"chunk_properties":[],"field":19,"settings":{"cols":"three","row_tpl":"overviewRowBasicLinkCard","show_subtitle":"1","show_introtext":"0"}}],"fieldcounts":{"0":1,"19":1},"_isContentBlocks":true}}