{"contentblocks":{"content":"[{\"layout\":18,\"content\":{\"main\":[{\"child_layouts\":[{\"layout\":1,\"content\":{\"main\":[{\"value\":\"A button can be attached to the left or right of other content\",\"cite\":\"Jack Lukic\",\"field\":15,\"settings\":[]},{\"value\":1,\"field\":5,\"settings\":[]},{\"chunk_properties\":{},\"field\":19,\"settings\":{\"cols\":\"four\",\"row_tpl\":\"overviewRowImageTop\",\"show_subtitle\":\"0\",\"show_introtext\":\"1\",\"link_text\":\"Test\",\"parent\":\"128\",\"title_field\":\"menutitle\",\"title_hierarchy\":\"h2\",\"depth\":\"0\",\"limit\":\"99\",\"show_hidden\":\"0\",\"sortby\":\"menuindex\",\"pagination\":\"0\",\"img_type\":\"landscape\",\"icon_type\":\"svg\",\"padding\":\"regular\",\"de_emphasize\":\"0\"}}]},\"settings\":{\"background\":\"white\",\"container_type\":\"\",\"alignment\":\"\"},\"parent\":87}],\"field\":87,\"settings\":[]}],\"info\":[{\"child_layouts\":[{\"layout\":12,\"content\":{\"col_1\":[{\"value\":\"<p>Address issues with multiple includedBosons calls on 1 page Address issues with multiple includedBosons calls on 1 page<span class=\\\"redactor-invisible-space\\\">Address issues with multiple includedBosons calls on 1 page<span class=\\\"redactor-invisible-space\\\">.<br><\/span><\/span><\/p><p>Address issues with multiple includedBosons calls on 1 pageAddress issues with multiple includedBosons calls on 1 page<span class=\\\"redactor-invisible-space\\\"> Address issues with multiple includedBosons calls on 1 page<span class=\\\"redactor-invisible-space\\\">Address issues with multiple includedBosons calls on 1 page<span class=\\\"redactor-invisible-space\\\">.<\/span><\/span><\/span><br><span class=\\\"redactor-invisible-space\\\"><span class=\\\"redactor-invisible-space\\\"><\/span><\/span><\/p>\",\"field\":6,\"settings\":{\"segment_type\":\"\",\"padding\":\"regular\",\"alignment\":\"\"}}],\"col_2\":[{\"value\":\"<p>Address issues with multiple includedBosons calls on 1 page<span class=\\\"redactor-invisible-space\\\"> Address issues with multiple includedBosons calls on 1 page<span class=\\\"redactor-invisible-space\\\">Address issues with multiple includedBosons calls on 1 page<span class=\\\"redactor-invisible-space\\\">.<br><\/span><\/span><\/span>\\n<\/p>Address issues with multiple includedBosons calls on 1 page<span class=\\\"redactor-invisible-space\\\">Address issues with multiple includedBosons calls on 1 page<span class=\\\"redactor-invisible-space\\\"> Address issues with multiple <\/span><\/span>\",\"field\":6,\"settings\":{\"segment_type\":\"\",\"padding\":\"regular\",\"alignment\":\"\"}}]},\"settings\":{\"padding\":\"relaxed\",\"alignment\":\"\",\"divider\":\"celled\"},\"parent\":17}],\"field\":17,\"settings\":[]}],\"meta\":[{\"value\":\"[[includedBosons?\\n    &layout=`[[+layout_idx]]`\\n    &filterFields=`6,14,17,87`\\n]]\",\"lang\":\"html\",\"field\":14,\"settings\":[]}]},\"settings\":{\"background\":\"white\",\"container_type\":\"\",\"sidebar_width\":\"four\",\"alignment\":\"\",\"pattern_name\":\"\",\"pattern_template\":\"patternLayoutAtom\",\"layout_title\":\"Go crazy with quotes\"},\"parent\":0,\"title\":\"\"},{\"layout\":18,\"content\":{\"main\":[{\"child_layouts\":[{\"layout\":5,\"content\":{\"col_1\":[{\"value\":\"<div class=\\\"ui list\\\">\\n    [[includedBosons]]\\n<\/div>\",\"lang\":\"html\",\"field\":14,\"settings\":[]}],\"col_2\":[{\"value\":\"Targetted for shermination<br>\",\"level\":\"h2\",\"field\":43,\"settings\":{\"icon_class\":\"crosshairs icon\",\"subtitle\":\"\"}}],\"col_3\":[{\"items\":[{\"value\":\"Test\",\"items\":[]}],\"field\":11,\"settings\":[]}]},\"settings\":[],\"parent\":87}],\"field\":87,\"settings\":[]}],\"info\":[{\"value\":\"<p>hallo<\/p>\",\"field\":6,\"settings\":[]}],\"meta\":[{\"value\":\"<div class=\\\"ui list\\\">\\n    [[includedBosons?\\n        &layout=`[[+layout_idx]]`\\n        &filterFields=`6,17,87`\\n    ]]\\n<\/div>\",\"lang\":\"html\",\"field\":14,\"settings\":[]}]},\"settings\":{\"background\":\"white\",\"container_type\":\"\",\"sidebar_width\":\"four\",\"alignment\":\"\",\"pattern_name\":\"\",\"pattern_template\":\"patternLayoutAtom\",\"layout_title\":\"The sherminator in action\"},\"parent\":0,\"title\":\"\"}]","linear":[{"child_layouts":[{"layout":1,"content":{"main":[{"value":"A button can be attached to the left or right of other content","cite":"Jack Lukic","field":15,"settings":[]},{"value":1,"field":5,"settings":[]},{"chunk_properties":[],"field":19,"settings":{"cols":"four","row_tpl":"overviewRowImageTop","show_subtitle":"0","show_introtext":"1","link_text":"Test","parent":"128","title_field":"menutitle","title_hierarchy":"h2","depth":"0","limit":"99","show_hidden":"0","sortby":"menuindex","pagination":"0","img_type":"landscape","icon_type":"svg","padding":"regular","de_emphasize":"0"}}]},"settings":{"background":"white","container_type":"","alignment":""},"parent":87}],"field":87,"settings":[]},{"value":"A button can be attached to the left or right of other content","cite":"Jack Lukic","field":15,"settings":[]},{"value":1,"field":5,"settings":[]},{"chunk_properties":[],"field":19,"settings":{"cols":"four","row_tpl":"overviewRowImageTop","show_subtitle":"0","show_introtext":"1","link_text":"Test","parent":"128","title_field":"menutitle","title_hierarchy":"h2","depth":"0","limit":"99","show_hidden":"0","sortby":"menuindex","pagination":"0","img_type":"landscape","icon_type":"svg","padding":"regular","de_emphasize":"0"}},{"child_layouts":[{"layout":12,"content":{"col_1":[{"value":"<p>Address issues with multiple includedBosons calls on 1 page Address issues with multiple includedBosons calls on 1 page<span class=\"redactor-invisible-space\">Address issues with multiple includedBosons calls on 1 page<span class=\"redactor-invisible-space\">.<br><\/span><\/span><\/p><p>Address issues with multiple includedBosons calls on 1 pageAddress issues with multiple includedBosons calls on 1 page<span class=\"redactor-invisible-space\"> Address issues with multiple includedBosons calls on 1 page<span class=\"redactor-invisible-space\">Address issues with multiple includedBosons calls on 1 page<span class=\"redactor-invisible-space\">.<\/span><\/span><\/span><br><span class=\"redactor-invisible-space\"><span class=\"redactor-invisible-space\"><\/span><\/span><\/p>","field":6,"settings":{"segment_type":"","padding":"regular","alignment":""}}],"col_2":[{"value":"<p>Address issues with multiple includedBosons calls on 1 page<span class=\"redactor-invisible-space\"> Address issues with multiple includedBosons calls on 1 page<span class=\"redactor-invisible-space\">Address issues with multiple includedBosons calls on 1 page<span class=\"redactor-invisible-space\">.<br><\/span><\/span><\/span>\n<\/p>Address issues with multiple includedBosons calls on 1 page<span class=\"redactor-invisible-space\">Address issues with multiple includedBosons calls on 1 page<span class=\"redactor-invisible-space\"> Address issues with multiple <\/span><\/span>","field":6,"settings":{"segment_type":"","padding":"regular","alignment":""}}]},"settings":{"padding":"relaxed","alignment":"","divider":"celled"},"parent":17}],"field":17,"settings":[]},{"value":"<p>Address issues with multiple includedBosons calls on 1 page Address issues with multiple includedBosons calls on 1 page<span class=\"redactor-invisible-space\">Address issues with multiple includedBosons calls on 1 page<span class=\"redactor-invisible-space\">.<br><\/span><\/span><\/p><p>Address issues with multiple includedBosons calls on 1 pageAddress issues with multiple includedBosons calls on 1 page<span class=\"redactor-invisible-space\"> Address issues with multiple includedBosons calls on 1 page<span class=\"redactor-invisible-space\">Address issues with multiple includedBosons calls on 1 page<span class=\"redactor-invisible-space\">.<\/span><\/span><\/span><br><span class=\"redactor-invisible-space\"><span class=\"redactor-invisible-space\"><\/span><\/span><\/p>","field":6,"settings":{"segment_type":"","padding":"regular","alignment":""}},{"value":"<p>Address issues with multiple includedBosons calls on 1 page<span class=\"redactor-invisible-space\"> Address issues with multiple includedBosons calls on 1 page<span class=\"redactor-invisible-space\">Address issues with multiple includedBosons calls on 1 page<span class=\"redactor-invisible-space\">.<br><\/span><\/span><\/span>\n<\/p>Address issues with multiple includedBosons calls on 1 page<span class=\"redactor-invisible-space\">Address issues with multiple includedBosons calls on 1 page<span class=\"redactor-invisible-space\"> Address issues with multiple <\/span><\/span>","field":6,"settings":{"segment_type":"","padding":"regular","alignment":""}},{"value":"[[includedBosons?\n    &layout=`[[+layout_idx]]`\n    &filterFields=`6,14,17,87`\n]]","lang":"html","field":14,"settings":[]},{"child_layouts":[{"layout":5,"content":{"col_1":[{"value":"<div class=\"ui list\">\n    [[includedBosons]]\n<\/div>","lang":"html","field":14,"settings":[]}],"col_2":[{"value":"Targetted for shermination<br>","level":"h2","field":43,"settings":{"icon_class":"crosshairs icon","subtitle":""}}],"col_3":[{"items":[{"value":"Test","items":[]}],"field":11,"settings":[]}]},"settings":[],"parent":87}],"field":87,"settings":[]},{"value":"<div class=\"ui list\">\n    [[includedBosons]]\n<\/div>","lang":"html","field":14,"settings":[]},{"value":"Targetted for shermination<br>","level":"h2","field":43,"settings":{"icon_class":"crosshairs icon","subtitle":""}},{"items":[{"value":"Test","items":[]}],"field":11,"settings":[]},{"value":"<p>hallo<\/p>","field":6,"settings":[]},{"value":"<div class=\"ui list\">\n    [[includedBosons?\n        &layout=`[[+layout_idx]]`\n        &filterFields=`6,17,87`\n    ]]\n<\/div>","lang":"html","field":14,"settings":[]}],"fieldcounts":{"87":2,"15":1,"5":1,"19":1,"17":1,"6":3,"14":3,"43":1,"11":1},"_isContentBlocks":true}}