{"contentblocks":{"content":"[{\"layout\":18,\"content\":{\"main\":[{\"value\":\"headingBasic<br>\",\"level\":\"h2\",\"field\":1,\"settings\":[]},{\"value\":\"<p>Rich text<br><\/p>\",\"field\":6,\"settings\":[]}],\"info\":[],\"meta\":[]},\"settings\":{\"sidebar_width\":\"four\",\"layout_title\":\"Basic test\"},\"parent\":0,\"title\":\"\"}]","linear":[{"value":"headingBasic<br>","level":"h2","field":1,"settings":[]},{"value":"<p>Rich text<br><\/p>","field":6,"settings":[]}],"fieldcounts":{"1":1,"6":1},"_isContentBlocks":true}}