{"contentblocks":{"content":"[{\"layout\":1,\"content\":{\"main\":[{\"value\":\"<p>{<\/p><p>  \\\"id\\\": \\\"backstop_default\\\",<\/p><p>  \\\"viewports\\\": [<\/p><p>    {<\/p><p>      \\\"label\\\": \\\"phone\\\",<\/p><p>      \\\"width\\\": 320,<\/p><p>      \\\"height\\\": 480<\/p><p>    },<\/p><p>    {<\/p><p>      \\\"label\\\": \\\"tablet\\\",<\/p><p>      \\\"width\\\": 1024,<\/p><p>      \\\"height\\\": 768<\/p><p>    }<\/p><p>  ],<\/p><p>  \\\"onBeforeScript\\\": \\\"puppet\/onBefore.js\\\",<\/p><p>  \\\"onReadyScript\\\": \\\"puppet\/onReady.js\\\",<\/p><p>  \\\"scenarios\\\": [<\/p><p>    {<\/p><p>      \\\"label\\\": \\\"Backyard - Information\\\",<\/p><p>      \\\"cookiePath\\\": \\\"backstop_data\/engine_scripts\/cookies.json\\\",<\/p><p>      \\\"url\\\": \\\"http:\/\/hub.romanesco-nursery.loc\/backyard\/examples\/information\\\",<\/p><p>      \\\"referenceUrl\\\": \\\"\\\",<\/p><p>      \\\"readyEvent\\\": \\\"\\\",<\/p><p>      \\\"readySelector\\\": \\\"\\\",<\/p><p>      \\\"delay\\\": 0,<\/p><p>      \\\"hideSelectors\\\": [],<\/p><p>      \\\"removeSelectors\\\": [],<\/p><p>      \\\"hoverSelector\\\": \\\"\\\",<\/p><p>      \\\"clickSelector\\\": \\\"\\\",<\/p><p>      \\\"postInteractionWait\\\": 0,<\/p><p>      \\\"selectors\\\": [],<\/p><p>      \\\"selectorExpansion\\\": true,<\/p><p>      \\\"expect\\\": 0,<\/p><p>      \\\"misMatchThreshold\\\" : 0.1,<\/p><p>      \\\"requireSameDimensions\\\": true<\/p><p>    },{<\/p><p>      \\\"label\\\": \\\"Patterns - Connections\\\",<\/p><p>      \\\"cookiePath\\\": \\\"backstop_data\/engine_scripts\/cookies.json\\\",<\/p><p>      \\\"url\\\": \\\"http:\/\/hub.romanesco-nursery.loc\/patterns\/electrons\/connections\\\",<\/p><p>      \\\"referenceUrl\\\": \\\"\\\",<\/p><p>      \\\"readyEvent\\\": \\\"\\\",<\/p><p>      \\\"readySelector\\\": \\\"\\\",<\/p><p>      \\\"delay\\\": 0,<\/p><p>      \\\"hideSelectors\\\": [],<\/p><p>      \\\"removeSelectors\\\": [],<\/p><p>      \\\"hoverSelector\\\": \\\"\\\",<\/p><p>      \\\"clickSelector\\\": \\\"\\\",<\/p><p>      \\\"postInteractionWait\\\": 0,<\/p><p>      \\\"selectors\\\": [],<\/p><p>      \\\"selectorExpansion\\\": true,<\/p><p>      \\\"expect\\\": 0,<\/p><p>      \\\"misMatchThreshold\\\" : 0.1,<\/p><p>      \\\"requireSameDimensions\\\": true<\/p><p>    }<\/p><p>  ],<\/p><p>  \\\"paths\\\": {<\/p><p>    \\\"bitmaps_reference\\\": \\\"_backstop\/bitmaps_reference\\\",<\/p><p>    \\\"bitmaps_test\\\": \\\"_backstop\/bitmaps_test\\\",<\/p><p>    \\\"engine_scripts\\\": \\\"_backstop\/engine_scripts\\\",<\/p><p>    \\\"html_report\\\": \\\"_backstop\/html_report\\\",<\/p><p>    \\\"ci_report\\\": \\\"_backstop\/ci_report\\\"<\/p><p>  },<\/p><p>  \\\"report\\\": [\\\"browser\\\"],<\/p><p>  \\\"engine\\\": \\\"puppeteer\\\",<\/p><p>  \\\"engineOptions\\\": {<\/p><p>    \\\"args\\\": [\\\"--no-sandbox\\\"]<\/p><p>  },<\/p><p>  \\\"asyncCaptureLimit\\\": 5,<\/p><p>  \\\"asyncCompareLimit\\\": 50,<\/p><p>  \\\"debug\\\": false,<\/p><p>  \\\"debugWindow\\\": false<\/p><p>}<\/p>\",\"field\":0,\"settings\":{}}]},\"settings\":{},\"parent\":0,\"title\":\"\"}]","linear":[{"value":"<p>{<\/p><p>  \"id\": \"backstop_default\",<\/p><p>  \"viewports\": [<\/p><p>    {<\/p><p>      \"label\": \"phone\",<\/p><p>      \"width\": 320,<\/p><p>      \"height\": 480<\/p><p>    },<\/p><p>    {<\/p><p>      \"label\": \"tablet\",<\/p><p>      \"width\": 1024,<\/p><p>      \"height\": 768<\/p><p>    }<\/p><p>  ],<\/p><p>  \"onBeforeScript\": \"puppet\/onBefore.js\",<\/p><p>  \"onReadyScript\": \"puppet\/onReady.js\",<\/p><p>  \"scenarios\": [<\/p><p>    {<\/p><p>      \"label\": \"Backyard - Information\",<\/p><p>      \"cookiePath\": \"backstop_data\/engine_scripts\/cookies.json\",<\/p><p>      \"url\": \"http:\/\/hub.romanesco-nursery.loc\/backyard\/examples\/information\",<\/p><p>      \"referenceUrl\": \"\",<\/p><p>      \"readyEvent\": \"\",<\/p><p>      \"readySelector\": \"\",<\/p><p>      \"delay\": 0,<\/p><p>      \"hideSelectors\": [],<\/p><p>      \"removeSelectors\": [],<\/p><p>      \"hoverSelector\": \"\",<\/p><p>      \"clickSelector\": \"\",<\/p><p>      \"postInteractionWait\": 0,<\/p><p>      \"selectors\": [],<\/p><p>      \"selectorExpansion\": true,<\/p><p>      \"expect\": 0,<\/p><p>      \"misMatchThreshold\" : 0.1,<\/p><p>      \"requireSameDimensions\": true<\/p><p>    },{<\/p><p>      \"label\": \"Patterns - Connections\",<\/p><p>      \"cookiePath\": \"backstop_data\/engine_scripts\/cookies.json\",<\/p><p>      \"url\": \"http:\/\/hub.romanesco-nursery.loc\/patterns\/electrons\/connections\",<\/p><p>      \"referenceUrl\": \"\",<\/p><p>      \"readyEvent\": \"\",<\/p><p>      \"readySelector\": \"\",<\/p><p>      \"delay\": 0,<\/p><p>      \"hideSelectors\": [],<\/p><p>      \"removeSelectors\": [],<\/p><p>      \"hoverSelector\": \"\",<\/p><p>      \"clickSelector\": \"\",<\/p><p>      \"postInteractionWait\": 0,<\/p><p>      \"selectors\": [],<\/p><p>      \"selectorExpansion\": true,<\/p><p>      \"expect\": 0,<\/p><p>      \"misMatchThreshold\" : 0.1,<\/p><p>      \"requireSameDimensions\": true<\/p><p>    }<\/p><p>  ],<\/p><p>  \"paths\": {<\/p><p>    \"bitmaps_reference\": \"_backstop\/bitmaps_reference\",<\/p><p>    \"bitmaps_test\": \"_backstop\/bitmaps_test\",<\/p><p>    \"engine_scripts\": \"_backstop\/engine_scripts\",<\/p><p>    \"html_report\": \"_backstop\/html_report\",<\/p><p>    \"ci_report\": \"_backstop\/ci_report\"<\/p><p>  },<\/p><p>  \"report\": [\"browser\"],<\/p><p>  \"engine\": \"puppeteer\",<\/p><p>  \"engineOptions\": {<\/p><p>    \"args\": [\"--no-sandbox\"]<\/p><p>  },<\/p><p>  \"asyncCaptureLimit\": 5,<\/p><p>  \"asyncCompareLimit\": 50,<\/p><p>  \"debug\": false,<\/p><p>  \"debugWindow\": false<\/p><p>}<\/p>","field":0,"settings":[]}],"fieldcounts":[1],"_isContentBlocks":false}}