{"contentblocks":{"content":"[{\"layout\":18,\"content\":{\"main\":[{\"child_layouts\":[{\"layout\":6,\"content\":{\"col_1\":[{\"url\":\"uploads\/img\/content\/2017\/romanesco-crops.jpg\",\"size\":\"779152\",\"width\":\"1600\",\"height\":\"1200\",\"extension\":\"jpg\",\"field\":7,\"settings\":{\"alt\":\"\"}}],\"col_2\":[{\"url\":\"uploads\/img\/content\/2017\/romanesco-farmer-03.jpg\",\"size\":\"584322\",\"width\":\"2048\",\"height\":\"1536\",\"extension\":\"jpg\",\"field\":71,\"settings\":{\"alt\":\"\",\"link\":\"\"}}]},\"settings\":[],\"parent\":87}],\"field\":87,\"settings\":[]}],\"info\":[{\"child_layouts\":[{\"layout\":12,\"content\":{\"col_1\":[{\"value\":\"\",\"field\":6,\"settings\":[]}],\"col_2\":[{\"value\":\"\",\"field\":6,\"settings\":[]}]},\"settings\":{\"padding\":\"relaxed\",\"alignment\":\"\",\"divider\":\"celled\"},\"parent\":17}],\"field\":17,\"settings\":[]}],\"meta\":[{\"value\":\"[[includedBosons?\\n    &layout=`[[+layout_idx]]`\\n    &filterFields=`6,14,17,87`\\n]]\",\"lang\":\"html\",\"field\":14,\"settings\":[]}]},\"settings\":{\"sidebar_width\":\"four\",\"layout_title\":\"Responsive image CBs\"},\"parent\":0,\"title\":\"\"},{\"layout\":18,\"content\":{\"main\":[{\"child_layouts\":[{\"layout\":1,\"content\":{\"main\":[{\"chunk_properties\":{},\"field\":20,\"settings\":{\"resources\":\"[[*id]],10,146\",\"row_tpl\":\"overviewRowImageTop\",\"link_text\":\"\",\"cols\":\"three\",\"show_subtitle\":\"0\",\"show_introtext\":\"0\",\"title_field\":\"menutitle\",\"title_hierarchy\":\"h2\",\"img_type\":\"landscape\",\"icon_type\":\"svg\",\"padding\":\"regular\",\"de_emphasize\":\"0\"}}]},\"settings\":[],\"parent\":87}],\"field\":87,\"settings\":[]}],\"info\":[{\"child_layouts\":[{\"layout\":12,\"content\":{\"col_1\":[{\"value\":\"\",\"field\":6,\"settings\":[]}],\"col_2\":[{\"value\":\"\",\"field\":6,\"settings\":[]}]},\"settings\":{\"padding\":\"relaxed\",\"alignment\":\"\",\"divider\":\"celled\"},\"parent\":17}],\"field\":17,\"settings\":[]}],\"meta\":[{\"value\":\"[[includedBosons?\\n    &layout=`[[+layout_idx]]`\\n    &filterFields=`6,14,17,87`\\n]]\",\"lang\":\"html\",\"field\":14,\"settings\":[]}]},\"settings\":{\"sidebar_width\":\"four\",\"layout_title\":\"Responsive overview images\"},\"parent\":0,\"title\":\"\"},{\"layout\":18,\"content\":{\"main\":[{\"child_layouts\":[{\"layout\":16,\"content\":{},\"settings\":{\"row_tpl\":\"overviewRowImageFluid\",\"background_even\":\"white\",\"background_odd\":\"primary-color\",\"cols\":\"eight\",\"cols_interchange\":\"1\",\"parent\":\"[[*parent]]\",\"depth\":\"0\",\"limit\":\"2\",\"pagination\":\"0\",\"show_hidden\":\"0\",\"sortby\":\"publishedon\",\"title_field\":\"pagetitle\",\"link_text\":\"Read more\",\"img_snap\":\"1\",\"img_inflate\":\"1\"},\"parent\":87}],\"field\":87,\"settings\":[]}],\"info\":[{\"child_layouts\":[{\"layout\":12,\"content\":{\"col_1\":[{\"value\":\"\",\"field\":6,\"settings\":[]}],\"col_2\":[{\"value\":\"\",\"field\":6,\"settings\":[]}]},\"settings\":{\"padding\":\"relaxed\",\"alignment\":\"\",\"divider\":\"celled\"},\"parent\":17}],\"field\":17,\"settings\":[]}],\"meta\":[{\"value\":\"[[includedBosons?\\n    &layout=`[[+layout_idx]]`\\n    &filterFields=`6,14,17,87`\\n]]\",\"lang\":\"html\",\"field\":14,\"settings\":[]}]},\"settings\":{\"sidebar_width\":\"four\",\"layout_title\":\"Fluid overviews\"},\"parent\":0,\"title\":\"\"}]","linear":[{"child_layouts":[{"layout":6,"content":{"col_1":[{"url":"uploads\/img\/content\/2017\/romanesco-crops.jpg","size":"779152","width":"1600","height":"1200","extension":"jpg","field":7,"settings":{"alt":""}}],"col_2":[{"url":"uploads\/img\/content\/2017\/romanesco-farmer-03.jpg","size":"584322","width":"2048","height":"1536","extension":"jpg","field":71,"settings":{"alt":"","link":""}}]},"settings":[],"parent":87}],"field":87,"settings":[]},{"url":"uploads\/img\/content\/2017\/romanesco-crops.jpg","size":"779152","width":"1600","height":"1200","extension":"jpg","field":7,"settings":{"alt":""}},{"url":"uploads\/img\/content\/2017\/romanesco-farmer-03.jpg","size":"584322","width":"2048","height":"1536","extension":"jpg","field":71,"settings":{"alt":"","link":""}},{"child_layouts":[{"layout":12,"content":{"col_1":[{"value":"","field":6,"settings":[]}],"col_2":[{"value":"","field":6,"settings":[]}]},"settings":{"padding":"relaxed","alignment":"","divider":"celled"},"parent":17}],"field":17,"settings":[]},{"value":"","field":6,"settings":[]},{"value":"","field":6,"settings":[]},{"value":"[[includedBosons?\n    &layout=`[[+layout_idx]]`\n    &filterFields=`6,14,17,87`\n]]","lang":"html","field":14,"settings":[]},{"child_layouts":[{"layout":1,"content":{"main":[{"chunk_properties":[],"field":20,"settings":{"resources":"[[*id]],10,146","row_tpl":"overviewRowImageTop","link_text":"","cols":"three","show_subtitle":"0","show_introtext":"0","title_field":"menutitle","title_hierarchy":"h2","img_type":"landscape","icon_type":"svg","padding":"regular","de_emphasize":"0"}}]},"settings":[],"parent":87}],"field":87,"settings":[]},{"chunk_properties":[],"field":20,"settings":{"resources":"[[*id]],10,146","row_tpl":"overviewRowImageTop","link_text":"","cols":"three","show_subtitle":"0","show_introtext":"0","title_field":"menutitle","title_hierarchy":"h2","img_type":"landscape","icon_type":"svg","padding":"regular","de_emphasize":"0"}},{"child_layouts":[{"layout":12,"content":{"col_1":[{"value":"","field":6,"settings":[]}],"col_2":[{"value":"","field":6,"settings":[]}]},"settings":{"padding":"relaxed","alignment":"","divider":"celled"},"parent":17}],"field":17,"settings":[]},{"value":"","field":6,"settings":[]},{"value":"","field":6,"settings":[]},{"value":"[[includedBosons?\n    &layout=`[[+layout_idx]]`\n    &filterFields=`6,14,17,87`\n]]","lang":"html","field":14,"settings":[]},{"child_layouts":[{"layout":16,"content":[],"settings":{"row_tpl":"overviewRowImageFluid","background_even":"white","background_odd":"primary-color","cols":"eight","cols_interchange":"1","parent":"[[*parent]]","depth":"0","limit":"2","pagination":"0","show_hidden":"0","sortby":"publishedon","title_field":"pagetitle","link_text":"Read more","img_snap":"1","img_inflate":"1"},"parent":87}],"field":87,"settings":[]},{"child_layouts":[{"layout":12,"content":{"col_1":[{"value":"","field":6,"settings":[]}],"col_2":[{"value":"","field":6,"settings":[]}]},"settings":{"padding":"relaxed","alignment":"","divider":"celled"},"parent":17}],"field":17,"settings":[]},{"value":"","field":6,"settings":[]},{"value":"","field":6,"settings":[]},{"value":"[[includedBosons?\n    &layout=`[[+layout_idx]]`\n    &filterFields=`6,14,17,87`\n]]","lang":"html","field":14,"settings":[]}],"fieldcounts":{"87":3,"7":1,"71":1,"17":3,"6":6,"14":3,"20":1},"_isContentBlocks":true}}