<?xml version="1.0" encoding="UTF-8"?>
<model package="romanescobackyard" baseClass="xPDOObject" platform="mysql" defaultEngine="InnoDB" phpdoc-package="romanescobackyard" version="1.1">

    <!-- Tasks -->
    <object class="rmTask" table="romanesco_tasks" extends="xPDOSimpleObject">
        <field key="resource_id" dbtype="int" precision="11" attributes="unsigned" phptype="integer" null="false" default="" />
        <field key="user_id" dbtype="int" precision="11" attributes="unsigned" phptype="integer" null="false" default="" />
        <field key="title" dbtype="varchar" precision="191" phptype="string" null="false" default="" />
        <field key="content" dbtype="text" phptype="string" null="false" default="" />

        <field key="status" dbtype="int" precision="10" phptype="integer" null="true" />
        <field key="priority" dbtype="int" precision="10" phptype="integer" null="true" />
        <field key="complexity" dbtype="int" precision="10" phptype="integer" null="true" />
        <field key="date_start" dbtype="datetime" phptype="datetime" null="true" />
        <field key="date_due" dbtype="datetime" phptype="datetime" null="true" />

        <field key="tags" dbtype="text" phptype="string" null="false" default="" />
        <field key="attachments" dbtype="text" phptype="string" null="false" default="" />
        <field key="links" dbtype="text" phptype="string" null="false" default="" />

        <field key="createdon" dbtype="int" precision="20" phptype="timestamp" null="false" default="" />
        <field key="createdby" dbtype="int" precision="10" phptype="integer" null="false" default="" />
        <field key="deleted" dbtype="tinyint" precision="1" attributes="unsigned" phptype="boolean" null="false" default="0" />

        <alias key="author_id" field="createdby" />
        <alias key="assigned_to" field="user_id" />

        <index alias="resource_id" name="resource_id" primary="false" unique="false" type="BTREE">
            <column key="resource_id" length="" collation="A" null="false" />
        </index>
        <index alias="user_id" name="user_id" primary="false" unique="false" type="BTREE">
            <column key="user_id" length="" collation="A" null="false" />
        </index>
        <index alias="status" name="status" primary="false" unique="false" type="BTREE">
            <column key="status" length="" collation="A" null="false" />
        </index>

        <aggregate alias="Resource" class="modResource" local="resource_id" foreign="id" cardinality="one" owner="foreign" />
        <aggregate alias="User" class="modUser" local="user_id" foreign="id" cardinality="one" owner="foreign" />
        <aggregate alias="Author" class="modUser" local="createdby" foreign="id" cardinality="one" owner="foreign" />
        <composite alias="Comments" class="rmTaskComment" local="id" foreign="task_id" cardinality="many" owner="local" />
    </object>

    <object class="rmTaskComment" table="romanesco_task_comments" extends="xPDOSimpleObject">
        <field key="task_id" dbtype="int" precision="11" attributes="unsigned" phptype="integer" null="false" default="" />
        <field key="content" dbtype="text" phptype="string" null="false" default="" />
        <field key="createdon" dbtype="int" precision="20" phptype="timestamp" null="false" default="" />
        <field key="createdby" dbtype="int" precision="10" phptype="integer" null="false" default="" />
        <field key="deleted" dbtype="tinyint" precision="1" attributes="unsigned" phptype="boolean" null="false" default="0" />

        <alias key="author_id" field="createdby" />

        <index alias="task_id" name="task_id" primary="false" unique="false" type="BTREE">
            <column key="task_id" length="" collation="A" null="false" />
        </index>

        <aggregate alias="Task" class="rmTask" local="task_id" foreign="id" cardinality="one" owner="foreign" />
        <aggregate alias="Author" class="modUser" local="createdby" foreign="id" cardinality="one" owner="foreign" />
    </object>

    <!-- Crosslinks -->
    <object class="rmCrossLink" table="romanesco_crosslinks" extends="xPDOSimpleObject">
        <field key="source" dbtype="int" precision="11" attributes="unsigned" phptype="integer" null="false" default="" />
        <field key="destination" dbtype="int" precision="11" attributes="unsigned" phptype="integer" null="false" default="" />
        <field key="title" dbtype="varchar" precision="191" phptype="string" null="false" default="" />
        <field key="description" dbtype="text" phptype="string" null="false" default="" />

        <field key="crosslink_id" dbtype="int" precision="11" attributes="unsigned" phptype="integer" null="true" default="" />
        <field key="weight" dbtype="int" precision="10" phptype="integer" null="false" default="" />

        <field key="createdon" dbtype="int" precision="20" phptype="timestamp" null="false" default="" />
        <field key="createdby" dbtype="int" precision="10" phptype="integer" null="false" default="" />
        <field key="deleted" dbtype="tinyint" precision="1" attributes="unsigned" phptype="boolean" null="false" default="0" />

        <alias key="author_id" field="createdby" />
        <alias key="resource_id" field="source" />

        <index alias="crosslink" name="crosslink" primary="false" unique="true" type="BTREE">
            <column key="source" length="" collation="A" null="false" />
            <column key="destination" length="" collation="A" null="false" />
        </index>

        <aggregate alias="Source" class="modResource" local="source" foreign="id" cardinality="one" owner="foreign" />
        <aggregate alias="Destination" class="modResource" local="destination" foreign="id" cardinality="one" owner="foreign" />
        <composite alias="CrossLink" class="rmCrossLink" local="id" foreign="crosslink_id" cardinality="one" owner="local" />
        <composite alias="CrossLink" class="rmCrossLink" local="crosslink_id" foreign="id" cardinality="one" owner="local" />
        <aggregate alias="Author" class="modUser" local="createdby" foreign="id" cardinality="one" owner="foreign" />
    </object>

    <!-- External links -->
    <object class="rmExternalLink" table="romanesco_external_links" extends="xPDOSimpleObject">
        <field key="resource_id" dbtype="int" precision="11" attributes="unsigned" phptype="integer" null="false" default="" />
        <field key="number" dbtype="int" precision="10" phptype="integer" null="false" default="0" />
        <field key="url" dbtype="varchar" precision="1000" phptype="string" null="true" />
        <field key="title" dbtype="varchar" precision="1000" phptype="string" null="false" default="" />
        <field key="description" dbtype="text" phptype="string" null="false" default="" />
        <field key="date_accessed" dbtype="datetime" phptype="datetime" null="true" />

        <field key="createdon" dbtype="int" precision="20" phptype="timestamp" null="false" default="" />
        <field key="createdby" dbtype="int" precision="10" phptype="integer" null="false" default="" />
        <field key="deleted" dbtype="tinyint" precision="1" attributes="unsigned" phptype="boolean" null="false" default="0" />

        <alias key="author_id" field="createdby" />

        <index alias="resource_id" name="resource_id" primary="false" unique="false" type="BTREE">
            <column key="resource_id" length="" collation="A" null="false" />
        </index>

        <aggregate alias="Resource" class="modResource" local="resource_id" foreign="id" cardinality="one" owner="foreign" />
        <aggregate alias="Author" class="modUser" local="createdby" foreign="id" cardinality="one" owner="foreign" />
    </object>

    <!-- Social connections -->
    <object class="rmSocialConnect" table="romanesco_social_connections" extends="xPDOSimpleObject">
        <field key="resource_id" dbtype="int" precision="11" attributes="unsigned" phptype="integer" null="false" default="" />
        <field key="user_id" dbtype="int" precision="11" attributes="unsigned" phptype="integer" null="false" default="" />

        <field key="name" dbtype="varchar" precision="191" phptype="string" null="false" default="" />
        <field key="title" dbtype="varchar" precision="1000" phptype="string" null="false" default="" />
        <field key="url" dbtype="text" phptype="string" null="false" default="" />
        <field key="username" dbtype="varchar" precision="191" phptype="string" null="false" default="" />
        <field key="icon" dbtype="varchar" precision="191" phptype="string" null="false" default="" />

        <field key="context" dbtype="varchar" precision="191" phptype="string" null="false" default="" />
        <field key="active" dbtype="tinyint" precision="1" attributes="unsigned" phptype="boolean" null="false" default="1" />
        <field key="pos" dbtype="int" precision="10" phptype="integer" null="false" default="0" />
        <field key="deleted" dbtype="tinyint" precision="1" attributes="unsigned" phptype="boolean" null="false" default="0" />

        <alias key="position" field="pos" />

        <index alias="resource_id" name="resource_id" primary="false" unique="false" type="BTREE">
            <column key="resource_id" length="" collation="A" null="false" />
        </index>
        <index alias="user_id" name="user_id" primary="false" unique="false" type="BTREE">
            <column key="user_id" length="" collation="A" null="false" />
        </index>
        <index alias="context" name="context" primary="false" unique="false" type="BTREE">
            <column key="context" length="" collation="A" null="false" />
        </index>
        <index alias="active" name="active" primary="false" unique="false" type="BTREE">
            <column key="active" length="" collation="A" null="false" />
        </index>
        <index alias="pos" name="pos" primary="false" unique="false" type="BTREE">
            <column key="pos" length="" collation="A" null="false" />
        </index>

        <aggregate alias="Resource" class="modResource" local="resource_id" foreign="id" cardinality="one" owner="foreign" />
        <aggregate alias="User" class="modUser" local="user_id" foreign="id" cardinality="one" owner="foreign" />
    </object>

    <!-- Social sharing links -->
    <object class="rmSocialShare" table="romanesco_social_sharing" extends="xPDOSimpleObject">
        <field key="name" dbtype="varchar" precision="191" phptype="string" null="false" default="" />
        <field key="title" dbtype="varchar" precision="1000" phptype="string" null="false" default="" />
        <field key="url" dbtype="text" phptype="string" null="false" default="" />
        <field key="icon" dbtype="varchar" precision="191" phptype="string" null="false" default="" />

        <field key="context" dbtype="varchar" precision="191" phptype="string" null="false" default="" />
        <field key="active" dbtype="tinyint" precision="1" attributes="unsigned" phptype="boolean" null="false" default="1" />
        <field key="pos" dbtype="int" precision="10" phptype="integer" null="false" default="0" />
        <field key="deleted" dbtype="tinyint" precision="1" attributes="unsigned" phptype="boolean" null="false" default="0" />

        <alias key="position" field="pos" />

        <index alias="context" name="context" primary="false" unique="false" type="BTREE">
            <column key="context" length="" collation="A" null="false" />
        </index>
        <index alias="active" name="active" primary="false" unique="false" type="BTREE">
            <column key="active" length="" collation="A" null="false" />
        </index>
        <index alias="pos" name="pos" primary="false" unique="false" type="BTREE">
            <column key="pos" length="" collation="A" null="false" />
        </index>
    </object>

    <!-- Options -->
    <object class="rmOption" table="romanesco_options" extends="xPDOSimpleObject">
        <field key="name" dbtype="varchar" precision="190" phptype="string" null="false" default="" />
        <field key="description" dbtype="text" phptype="string" null="false" default="" />
        <field key="alias" dbtype="varchar" precision="190" phptype="string" null="false" default="" />
        <field key="group" dbtype="int" precision="10" attributes="unsigned" phptype="integer" null="true" />
        <field key="key" dbtype="varchar" precision="190" phptype="string" null="true" default="" />
        <field key="pos" dbtype="int" precision="10" phptype="integer" null="false" default="0" />
        <field key="deleted" dbtype="tinyint" precision="1" attributes="unsigned" phptype="boolean" null="false" default="0" />

        <alias key="parent" field="group" />
        <alias key="position" field="pos" />

        <index alias="key" name="key" primary="false" unique="false" type="BTREE">
            <column key="key" length="" collation="A" null="false" />
        </index>
        <index alias="pos" name="pos" primary="false" unique="false" type="BTREE">
            <column key="pos" length="" collation="A" null="false" />
        </index>

        <aggregate alias="Group" class="rmOptionGroup" local="key" foreign="key" cardinality="one" owner="foreign" />
    </object>

    <!-- Option groups -->
    <object class="rmOptionGroup" table="romanesco_option_groups" extends="xPDOSimpleObject">
        <field key="name" dbtype="varchar" precision="190" phptype="string" null="false" />
        <field key="description" dbtype="text" phptype="string" null="false" />
        <field key="key" dbtype="varchar" precision="190" phptype="string" null="true" default="" />
        <field key="pos" dbtype="int" precision="10" phptype="integer" null="false" default="0" />
        <field key="deleted" dbtype="tinyint" precision="1" attributes="unsigned" phptype="boolean" null="false" default="0" />

        <alias key="position" field="pos" />

        <index alias="pos" name="pos" primary="false" unique="false" type="BTREE">
            <column key="pos" length="" collation="A" null="false" />
        </index>

        <composite alias="Options" class="rmOption" local="key" foreign="key" cardinality="many" owner="local" />
    </object>
</model>