{"contentblocks":{"content":"[{\"layout\":6,\"content\":{\"col_1\":[{\"value\":\"[[$projectHubOuter]]\",\"lang\":\"html\",\"field\":14,\"settings\":[]}],\"col_2\":[{\"value\":\"Latest pattern library additions<br>\",\"level\":\"h3\",\"field\":1,\"settings\":[]},{\"value\":\"<p>\\n[[filterLine?\\n    &file=`[[++romanesco.core_path]]docs\/changelog.txt`\\n    &searchString=`Add `\\n]]\\n<\/p>\\n<p><a href=\\\"[[++romanesco.core_path]]docs\/changelog.txt\\\">See full changelog<\/a><\/p>\\n\",\"lang\":\"html\",\"field\":14,\"settings\":{\"render_tag\":\"ignore\"}}]},\"settings\":[],\"parent\":0,\"title\":\"\"}]","linear":[{"value":"[[$projectHubOuter]]","lang":"html","field":14,"settings":[]},{"value":"Latest pattern library additions<br>","level":"h3","field":1,"settings":[]},{"value":"<p>\n[[filterLine?\n    &file=`[[++romanesco.core_path]]docs\/changelog.txt`\n    &searchString=`Add `\n]]\n<\/p>\n<p><a href=\"[[++romanesco.core_path]]docs\/changelog.txt\">See full changelog<\/a><\/p>\n","lang":"html","field":14,"settings":{"render_tag":"ignore"}}],"fieldcounts":{"14":2,"1":1},"_isContentBlocks":true}}