{"contentblocks":{"content":"[{\"layout\":1,\"content\":{\"main\":[{\"chunk_properties\":{},\"field\":19,\"settings\":{\"cols\":\"three\",\"row_tpl\":\"overviewRowBasicLinkCard\",\"show_subtitle\":\"0\",\"show_introtext\":\"0\",\"link_text\":\"\",\"parent\":\"[[*id]]\",\"title_field\":\"menutitle\",\"title_hierarchy\":\"h2\",\"depth\":\"0\",\"limit\":\"99\",\"show_hidden\":\"0\",\"sortby\":\"menuindex\",\"pagination\":\"0\",\"img_type\":\"landscape\",\"icon_type\":\"svg\",\"padding\":\"regular\",\"de_emphasize\":\"0\"}}]},\"settings\":{},\"parent\":0,\"title\":\"\"}]","linear":[{"chunk_properties":[],"field":19,"settings":{"cols":"three","row_tpl":"overviewRowBasicLinkCard","show_subtitle":"0","show_introtext":"0","link_text":"","parent":"[[*id]]","title_field":"menutitle","title_hierarchy":"h2","depth":"0","limit":"99","show_hidden":"0","sortby":"menuindex","pagination":"0","img_type":"landscape","icon_type":"svg","padding":"regular","de_emphasize":"0"}}],"fieldcounts":{"19":1},"_isContentBlocks":true}}