{"contentblocks":{"content":"[{\"layout\":6,\"content\":{\"col_1\":[{\"value\":\"[[$projectHubOuter]]\",\"lang\":\"html\",\"field\":14,\"settings\":[]}],\"col_2\":[{\"value\":\"Latest pattern additions<br>\",\"level\":\"h3\",\"field\":1,\"settings\":{}},{\"value\":\"<p>\\n[[filterLine:tag?\\n    &input=`@FILE [[++romanesco.core_path]]docs\/changelog.txt`\\n    &searchString=`Add `\\n]]\\n<\/p>\\n<p><em>(doesn't work yet)<\/em><\/p>\\n\",\"lang\":\"html\",\"field\":14,\"settings\":{}}]},\"settings\":[],\"parent\":0,\"title\":\"\"}]","linear":[{"value":"[[$projectHubOuter]]","lang":"html","field":14,"settings":[]},{"value":"Latest pattern additions<br>","level":"h3","field":1,"settings":[]},{"value":"<p>\n[[filterLine:tag?\n    &input=`@FILE [[++romanesco.core_path]]docs\/changelog.txt`\n    &searchString=`Add `\n]]\n<\/p>\n<p><em>(doesn't work yet)<\/em><\/p>\n","lang":"html","field":14,"settings":[]}],"fieldcounts":{"14":2,"1":1},"_isContentBlocks":true}}