<?xml version="1.0" encoding="UTF-8"?>
<model package="FractalFarming\Romanesco\Model" baseClass="xPDO\Om\xPDOObject" platform="mysql" defaultEngine="InnoDB" phpdoc-package="romanescobackyard" version="3.0">

    <!-- Tasks -->
    <object class="Task" table="romanesco_tasks" extends="xPDO\Om\xPDOSimpleObject" inherit="single">
        <field key="class_key" dbtype="varchar" precision="191" phptype="string" null="false" default="" index="index" />
        <field key="parent_id" dbtype="int" precision="10" attributes="unsigned" phptype="integer" null="false" default="" />
        <field key="user_id" dbtype="int" precision="11" attributes="unsigned" phptype="integer" null="false" default="" />

        <field key="title" dbtype="varchar" precision="191" phptype="string" null="false" default="" />
        <field key="content" dbtype="text" phptype="string" null="false" default="" />

        <field key="status" dbtype="int" precision="10" phptype="integer" null="true" />
        <field key="priority" dbtype="int" precision="10" phptype="integer" null="true" />
        <field key="complexity" dbtype="int" precision="10" phptype="integer" null="true" />
        <field key="date_start" dbtype="datetime" phptype="datetime" null="true" />
        <field key="date_due" dbtype="datetime" phptype="datetime" null="true" />

        <field key="tags" dbtype="text" phptype="string" null="false" default="" />
        <field key="attachments" dbtype="text" phptype="string" null="false" default="" />
        <field key="links" dbtype="text" phptype="string" null="false" default="" />

        <field key="createdon" dbtype="int" precision="20" phptype="timestamp" null="false" default="" />
        <field key="createdby" dbtype="int" precision="10" phptype="integer" null="false" default="" />
        <field key="deleted" dbtype="tinyint" precision="1" attributes="unsigned" phptype="boolean" null="false" default="0" />

        <alias key="author_id" field="createdby" />
        <alias key="assigned_to" field="user_id" />

        <index alias="composite" name="composite" primary="false" unique="false" type="BTREE">
            <column key="class_key" length="" collation="A" null="false"/>
            <column key="parent_id" length="" collation="A" null="false"/>
        </index>
        <index alias="user_id" name="user_id" primary="false" unique="false" type="BTREE">
            <column key="user_id" length="" collation="A" null="false" />
        </index>
        <index alias="status" name="status" primary="false" unique="false" type="BTREE">
            <column key="status" length="" collation="A" null="false" />
        </index>

        <aggregate alias="User" class="MODX\Revolution\modUser" local="user_id" foreign="id" cardinality="one" owner="foreign" />
        <aggregate alias="Author" class="MODX\Revolution\modUser" local="createdby" foreign="id" cardinality="one" owner="foreign" />
        <composite alias="Comments" class="FractalFarming\Romanesco\Model\TaskComment" local="id" foreign="task_id" cardinality="many" owner="local" />
    </object>
    <object class="TaskResource" extends="FractalFarming\Romanesco\Model\Task">
        <aggregate alias="Resource" class="MODX\Revolution\modResource" local="parent_id" foreign="id" cardinality="one" owner="foreign" />
    </object>

    <object class="TaskComment" table="romanesco_task_comments" extends="xPDO\Om\xPDOSimpleObject">
        <field key="task_id" dbtype="int" precision="11" attributes="unsigned" phptype="integer" null="false" default="" />
        <field key="content" dbtype="text" phptype="string" null="false" default="" />
        <field key="createdon" dbtype="int" precision="20" phptype="timestamp" null="false" default="" />
        <field key="createdby" dbtype="int" precision="10" phptype="integer" null="false" default="" />
        <field key="deleted" dbtype="tinyint" precision="1" attributes="unsigned" phptype="boolean" null="false" default="0" />

        <alias key="author_id" field="createdby" />

        <index alias="task_id" name="task_id" primary="false" unique="false" type="BTREE">
            <column key="task_id" length="" collation="A" null="false" />
        </index>

        <aggregate alias="Task" class="FractalFarming\Romanesco\Model\Task" local="task_id" foreign="id" cardinality="one" owner="foreign" />
        <aggregate alias="Author" class="MODX\Revolution\modUser" local="createdby" foreign="id" cardinality="one" owner="foreign" />
    </object>

    <!-- Related links -->
    <object class="LinkRelated" table="romanesco_links_related" extends="xPDO\Om\xPDOSimpleObject">
        <field key="source" dbtype="int" precision="11" attributes="unsigned" phptype="integer" null="false" default="" />
        <field key="destination" dbtype="int" precision="11" attributes="unsigned" phptype="integer" null="false" default="" />
        <field key="title" dbtype="varchar" precision="191" phptype="string" null="false" default="" />
        <field key="description" dbtype="text" phptype="string" null="false" default="" />

        <field key="crosslink_id" dbtype="int" precision="11" attributes="unsigned" phptype="integer" null="true" default="" />
        <field key="category" dbtype="varchar" precision="191" phptype="string" null="false" default="" />
        <field key="weight" dbtype="int" precision="10" phptype="integer" null="false" default="" />

        <field key="createdon" dbtype="int" precision="20" phptype="timestamp" null="false" default="" />
        <field key="createdby" dbtype="int" precision="10" phptype="integer" null="false" default="" />
        <field key="deleted" dbtype="tinyint" precision="1" attributes="unsigned" phptype="boolean" null="false" default="0" />

        <alias key="author_id" field="createdby" />
        <alias key="resource_id" field="source" />

        <index alias="crosslink" name="crosslink" primary="false" unique="true" type="BTREE">
            <column key="source" length="" collation="A" null="false" />
            <column key="destination" length="" collation="A" null="false" />
        </index>
        <index alias="category" name="category" primary="false" unique="false" type="BTREE">
            <column key="category" length="" collation="A" null="false" />
        </index>

        <aggregate alias="Source" class="MODX\Revolution\modResource" local="source" foreign="id" cardinality="one" owner="foreign" />
        <aggregate alias="Destination" class="MODX\Revolution\modResource" local="destination" foreign="id" cardinality="one" owner="foreign" />
        <composite alias="LinkTo" class="FractalFarming\Romanesco\Model\LinkRelated" local="id" foreign="crosslink_id" cardinality="one" owner="local" />
        <composite alias="LinkFrom" class="FractalFarming\Romanesco\Model\LinkRelated" local="crosslink_id" foreign="id" cardinality="one" owner="foreign" />
        <aggregate alias="Author" class="MODX\Revolution\modUser" local="createdby" foreign="id" cardinality="one" owner="foreign" />
    </object>

    <!-- External links -->
    <object class="LinkExternal" table="romanesco_links_external" extends="xPDO\Om\xPDOSimpleObject">
        <field key="resource_id" dbtype="int" precision="11" attributes="unsigned" phptype="integer" null="false" default="" />
        <field key="number" dbtype="int" precision="10" phptype="integer" null="false" default="0" />
        <field key="url" dbtype="varchar" precision="1000" phptype="string" null="true" />
        <field key="title" dbtype="varchar" precision="1000" phptype="string" null="false" default="" />
        <field key="description" dbtype="text" phptype="string" null="false" default="" />
        <field key="category" dbtype="varchar" precision="191" phptype="string" null="false" default="" />
        <field key="date_accessed" dbtype="datetime" phptype="datetime" null="true" />

        <field key="createdon" dbtype="int" precision="20" phptype="timestamp" null="false" default="" />
        <field key="createdby" dbtype="int" precision="10" phptype="integer" null="false" default="" />
        <field key="deleted" dbtype="tinyint" precision="1" attributes="unsigned" phptype="boolean" null="false" default="0" />

        <alias key="author_id" field="createdby" />

        <index alias="resource_id" name="resource_id" primary="false" unique="false" type="BTREE">
            <column key="resource_id" length="" collation="A" null="false" />
        </index>
        <index alias="category" name="category" primary="false" unique="false" type="BTREE">
            <column key="category" length="" collation="A" null="false" />
        </index>

        <aggregate alias="Resource" class="MODX\Revolution\modResource" local="resource_id" foreign="id" cardinality="one" owner="foreign" />
        <aggregate alias="Author" class="MODX\Revolution\modUser" local="createdby" foreign="id" cardinality="one" owner="foreign" />
    </object>

    <!-- Social connections -->
    <object class="SocialConnect" table="romanesco_social_connections" extends="xPDO\Om\xPDOSimpleObject" inherit="single">
        <field key="class_key" dbtype="varchar" precision="191" phptype="string" null="false" default="" index="index" />
        <field key="parent_id" dbtype="int" precision="10" attributes="unsigned" phptype="integer" null="false" default="" />

        <field key="name" dbtype="varchar" precision="191" phptype="string" null="false" default="" />
        <field key="title" dbtype="varchar" precision="1000" phptype="string" null="false" default="" />
        <field key="url" dbtype="text" phptype="string" null="false" default="" />
        <field key="username" dbtype="varchar" precision="191" phptype="string" null="false" default="" />
        <field key="icon" dbtype="varchar" precision="191" phptype="string" null="false" default="" />

        <field key="context" dbtype="varchar" precision="191" phptype="string" null="false" default="" />
        <field key="active" dbtype="tinyint" precision="1" attributes="unsigned" phptype="boolean" null="false" default="1" />
        <field key="pos" dbtype="int" precision="10" phptype="integer" null="false" default="0" />
        <field key="deleted" dbtype="tinyint" precision="1" attributes="unsigned" phptype="boolean" null="false" default="0" />

        <alias key="position" field="pos" />

        <index alias="composite" name="composite" primary="false" unique="false" type="BTREE">
            <column key="class_key" length="" collation="A" null="false"/>
            <column key="parent_id" length="" collation="A" null="false"/>
        </index>
        <index alias="context" name="context" primary="false" unique="false" type="BTREE">
            <column key="context" length="" collation="A" null="false" />
        </index>
        <index alias="active" name="active" primary="false" unique="false" type="BTREE">
            <column key="active" length="" collation="A" null="false" />
        </index>
        <index alias="pos" name="pos" primary="false" unique="false" type="BTREE">
            <column key="pos" length="" collation="A" null="false" />
        </index>
    </object>
    <object class="SocialConnectGlobal" extends="FractalFarming\Romanesco\Model\SocialConnect" />
    <object class="SocialConnectResource" extends="FractalFarming\Romanesco\Model\SocialConnect">
        <aggregate alias="Resource" class="MODX\Revolution\modResource" local="parent_id" foreign="id" cardinality="one" owner="foreign" />
    </object>
    <object class="SocialConnectUser" extends="FractalFarming\Romanesco\Model\SocialConnect">
        <aggregate alias="User" class="MODX\Revolution\modUser" local="parent_id" foreign="id" cardinality="one" owner="foreign" />
    </object>

    <!-- Social sharing links -->
    <object class="SocialShare" table="romanesco_social_sharing" extends="xPDO\Om\xPDOSimpleObject">
        <field key="name" dbtype="varchar" precision="191" phptype="string" null="false" default="" />
        <field key="title" dbtype="varchar" precision="1000" phptype="string" null="false" default="" />
        <field key="url" dbtype="text" phptype="string" null="false" default="" />
        <field key="icon" dbtype="varchar" precision="191" phptype="string" null="false" default="" />

        <field key="context" dbtype="varchar" precision="191" phptype="string" null="false" default="" />
        <field key="active" dbtype="tinyint" precision="1" attributes="unsigned" phptype="boolean" null="false" default="1" />
        <field key="pos" dbtype="int" precision="10" phptype="integer" null="false" default="0" />
        <field key="deleted" dbtype="tinyint" precision="1" attributes="unsigned" phptype="boolean" null="false" default="0" />

        <alias key="position" field="pos" />

        <index alias="context" name="context" primary="false" unique="false" type="BTREE">
            <column key="context" length="" collation="A" null="false" />
        </index>
        <index alias="active" name="active" primary="false" unique="false" type="BTREE">
            <column key="active" length="" collation="A" null="false" />
        </index>
        <index alias="pos" name="pos" primary="false" unique="false" type="BTREE">
            <column key="pos" length="" collation="A" null="false" />
        </index>
    </object>

    <!-- Options -->
    <object class="Option" table="romanesco_options" extends="xPDO\Om\xPDOSimpleObject">
        <field key="name" dbtype="varchar" precision="190" phptype="string" null="false" default="" />
        <field key="description" dbtype="text" phptype="string" null="false" default="" />
        <field key="alias" dbtype="varchar" precision="190" phptype="string" null="false" default="" />
        <field key="group" dbtype="int" precision="10" attributes="unsigned" phptype="integer" null="true" />
        <field key="key" dbtype="varchar" precision="190" phptype="string" null="true" default="" />
        <field key="pos" dbtype="int" precision="10" phptype="integer" null="false" default="0" />
        <field key="deleted" dbtype="tinyint" precision="1" attributes="unsigned" phptype="boolean" null="false" default="0" />

        <alias key="parent" field="group" />
        <alias key="position" field="pos" />

        <index alias="key" name="key" primary="false" unique="false" type="BTREE">
            <column key="key" length="" collation="A" null="false" />
        </index>
        <index alias="pos" name="pos" primary="false" unique="false" type="BTREE">
            <column key="pos" length="" collation="A" null="false" />
        </index>

        <aggregate alias="Group" class="FractalFarming\Romanesco\Model\OptionGroup" local="key" foreign="key" cardinality="one" owner="foreign" />
    </object>

    <!-- Option groups -->
    <object class="OptionGroup" table="romanesco_option_groups" extends="xPDO\Om\xPDOSimpleObject">
        <field key="name" dbtype="varchar" precision="190" phptype="string" null="false" />
        <field key="description" dbtype="text" phptype="string" null="false" />
        <field key="key" dbtype="varchar" precision="190" phptype="string" null="true" default="" />
        <field key="pos" dbtype="int" precision="10" phptype="integer" null="false" default="0" />
        <field key="deleted" dbtype="tinyint" precision="1" attributes="unsigned" phptype="boolean" null="false" default="0" />

        <alias key="position" field="pos" />

        <index alias="pos" name="pos" primary="false" unique="false" type="BTREE">
            <column key="pos" length="" collation="A" null="false" />
        </index>

        <composite alias="Options" class="FractalFarming\Romanesco\Model\Option" local="key" foreign="key" cardinality="many" owner="local" />
    </object>
</model>