{"contentblocks":{"content":"[{\"layout\":17,\"content\":{\"preview\":[{\"chunk_properties\":{},\"field\":26,\"settings\":{\"field_name\":\"Enter your name\",\"field_required\":\"1\",\"field_layout\":\"vertical\",\"field_type\":\"text\",\"field_placeholder\":\"Must be a palindrome\",\"field_helptext\":\"If your name is not Bob, please contact support\"}}],\"code\":[{\"value\":\"[[Rowboat?\\n    &table=`modx_contentblocks_field`\\n    &tpl=`displayRawTemplate`\\n    &where=`{\\\"name\\\":\\\"[[+pattern_name]]\\\",\\\"parent\\\":\\\"0\\\"}`\\n]]\",\"lang\":\"html\",\"field\":86,\"settings\":{\"label\":\"[[%romanesco.patterns.template_label]]\"}}],\"info\":[{\"rows\":[{\"heading\":{\"value\":\"[[%romanesco.patterns.purpose_title]]\",\"fieldId\":\"contentblocks-field-4\"},\"content\":{\"child_layouts\":[{\"layout\":7,\"content\":{\"main\":[{\"value\":\"<p>[[+[[+cf]].description]]<\/p>\",\"field\":6,\"settings\":[]}]},\"settings\":[],\"parent\":78}],\"fieldId\":\"contentblocks-field-5\"}},{\"heading\":{\"value\":\"[[%romanesco.patterns.usage_title]]\",\"fieldId\":\"contentblocks-field-7\"},\"content\":{\"child_layouts\":[{\"layout\":7,\"content\":{\"main\":[{\"value\":\"\",\"field\":6,\"settings\":[]}]},\"settings\":[],\"parent\":78}],\"fieldId\":\"contentblocks-field-8\"}},{\"heading\":{\"value\":\"[[%romanesco.patterns.settings_title]]\",\"fieldId\":\"contentblocks-field-10\"},\"content\":{\"child_layouts\":[{\"layout\":7,\"content\":{\"main\":[{\"value\":\"[[+[[+cf]].settings_json]]\",\"lang\":\"json\",\"field\":83,\"settings\":[]}]},\"settings\":[],\"parent\":78}],\"fieldId\":\"contentblocks-field-11\"}},{\"heading\":{\"value\":\"[[%romanesco.patterns.references_title]]\",\"fieldId\":\"contentblocks-field-13\"},\"content\":{\"child_layouts\":[{\"layout\":12,\"content\":{\"col_1\":[{\"value\":\"[[%romanesco.patterns.included_patterns]]\",\"level\":\"h5\",\"field\":1,\"settings\":[]},{\"chunk_properties\":{},\"field\":84,\"settings\":{\"pattern_name\":\"[[+pattern_name]]\"}}],\"col_2\":[{\"value\":\"[[%romanesco.patterns.referring_pages]]\",\"level\":\"h5\",\"field\":1,\"settings\":[]},{\"chunk_properties\":{},\"field\":85,\"settings\":{\"pattern_list\":\"referringPatterns\",\"pattern_template\":\"[[+pattern_template]]\",\"pattern_name\":\"[[+pattern_name]]\"}}]},\"settings\":{\"padding\":\"relaxed\",\"alignment\":\"\",\"divider\":\"divided\"},\"parent\":78}],\"fieldId\":\"contentblocks-field-14\"}}],\"field\":76,\"settings\":{\"layout_type\":\"tabs\",\"accordion_type\":\"\",\"tab_type\":\"regular\",\"padding\":\"padded\"}}]},\"settings\":{\"background\":\"white\",\"container_type\":\"\",\"sidebar_width\":\"six\",\"alignment\":\"\",\"pattern_name\":\"Input (Textfield)\",\"pattern_template\":\"patternLayoutBosonField\"},\"parent\":0,\"title\":\"\"},{\"layout\":17,\"content\":{\"preview\":[{\"chunk_properties\":{},\"field\":27,\"settings\":{\"field_name\":\"Tell us your life story\",\"field_required\":\"0\",\"field_layout\":\"vertical\",\"field_rows\":\"7\",\"field_placeholder\":\"\",\"field_helptext\":\"255 characters max.\"}}],\"code\":[{\"value\":\"[[Rowboat?\\n    &table=`modx_contentblocks_field`\\n    &tpl=`displayRawTemplate`\\n    &where=`{\\\"name\\\":\\\"[[+pattern_name]]\\\",\\\"parent\\\":\\\"0\\\"}`\\n]]\",\"lang\":\"html\",\"field\":86,\"settings\":{\"label\":\"[[%romanesco.patterns.template_label]]\"}}],\"info\":[{\"rows\":[{\"heading\":{\"value\":\"[[%romanesco.patterns.purpose_title]]\",\"fieldId\":\"contentblocks-field-22\"},\"content\":{\"child_layouts\":[{\"layout\":7,\"content\":{\"main\":[{\"value\":\"<p>[[+[[+cf]].description]]<\/p>\",\"field\":6,\"settings\":[]}]},\"settings\":[],\"parent\":78}],\"fieldId\":\"contentblocks-field-23\"}},{\"heading\":{\"value\":\"[[%romanesco.patterns.usage_title]]\",\"fieldId\":\"contentblocks-field-25\"},\"content\":{\"child_layouts\":[{\"layout\":7,\"content\":{\"main\":[{\"value\":\"\",\"field\":6,\"settings\":[]}]},\"settings\":[],\"parent\":78}],\"fieldId\":\"contentblocks-field-26\"}},{\"heading\":{\"value\":\"[[%romanesco.patterns.settings_title]]\",\"fieldId\":\"contentblocks-field-28\"},\"content\":{\"child_layouts\":[{\"layout\":7,\"content\":{\"main\":[{\"value\":\"[[+[[+cf]].settings_json]]\",\"lang\":\"json\",\"field\":83,\"settings\":[]}]},\"settings\":[],\"parent\":78}],\"fieldId\":\"contentblocks-field-29\"}},{\"heading\":{\"value\":\"[[%romanesco.patterns.references_title]]\",\"fieldId\":\"contentblocks-field-31\"},\"content\":{\"child_layouts\":[{\"layout\":12,\"content\":{\"col_1\":[{\"value\":\"[[%romanesco.patterns.included_patterns]]\",\"level\":\"h5\",\"field\":1,\"settings\":[]},{\"chunk_properties\":{},\"field\":84,\"settings\":{\"pattern_name\":\"[[+pattern_name]]\"}}],\"col_2\":[{\"value\":\"[[%romanesco.patterns.referring_pages]]\",\"level\":\"h5\",\"field\":1,\"settings\":[]},{\"chunk_properties\":{},\"field\":85,\"settings\":{\"pattern_list\":\"referringPatterns\",\"pattern_template\":\"[[+pattern_template]]\",\"pattern_name\":\"[[+pattern_name]]\"}}]},\"settings\":{\"padding\":\"relaxed\",\"alignment\":\"\",\"divider\":\"divided\"},\"parent\":78}],\"fieldId\":\"contentblocks-field-32\"}}],\"field\":76,\"settings\":{\"layout_type\":\"tabs\",\"accordion_type\":\"\",\"tab_type\":\"regular\",\"padding\":\"padded\"}}]},\"settings\":{\"background\":\"white\",\"container_type\":\"\",\"sidebar_width\":\"six\",\"alignment\":\"\",\"pattern_name\":\"Input (Textarea)\",\"pattern_template\":\"patternLayoutBosonField\"},\"parent\":0,\"title\":\"\"},{\"layout\":17,\"content\":{\"preview\":[{\"chunk_properties\":{},\"field\":41,\"settings\":{\"field_name\":\"Your email address\",\"field_layout\":\"vertical\",\"field_placeholder\":\"\",\"field_helptext\":\"Don't worry Bob: we don't (think of it as) spam\"}}],\"code\":[{\"value\":\"[[Rowboat?\\n    &table=`modx_contentblocks_field`\\n    &tpl=`displayRawTemplate`\\n    &where=`{\\\"name\\\":\\\"[[+pattern_name]]\\\",\\\"parent\\\":\\\"0\\\"}`\\n]]\",\"lang\":\"html\",\"field\":86,\"settings\":{\"label\":\"[[%romanesco.patterns.template_label]]\"}}],\"info\":[{\"rows\":[{\"heading\":{\"value\":\"[[%romanesco.patterns.purpose_title]]\",\"fieldId\":\"contentblocks-field-40\"},\"content\":{\"child_layouts\":[{\"layout\":7,\"content\":{\"main\":[{\"value\":\"<p>[[+[[+cf]].description]]<\/p>\",\"field\":6,\"settings\":[]}]},\"settings\":[],\"parent\":78}],\"fieldId\":\"contentblocks-field-41\"}},{\"heading\":{\"value\":\"[[%romanesco.patterns.usage_title]]\",\"fieldId\":\"contentblocks-field-43\"},\"content\":{\"child_layouts\":[{\"layout\":7,\"content\":{\"main\":[{\"value\":\"\",\"field\":6,\"settings\":[]}]},\"settings\":[],\"parent\":78}],\"fieldId\":\"contentblocks-field-44\"}},{\"heading\":{\"value\":\"[[%romanesco.patterns.settings_title]]\",\"fieldId\":\"contentblocks-field-46\"},\"content\":{\"child_layouts\":[{\"layout\":7,\"content\":{\"main\":[{\"value\":\"[[+[[+cf]].settings_json]]\",\"lang\":\"json\",\"field\":83,\"settings\":[]}]},\"settings\":[],\"parent\":78}],\"fieldId\":\"contentblocks-field-47\"}},{\"heading\":{\"value\":\"[[%romanesco.patterns.references_title]]\",\"fieldId\":\"contentblocks-field-49\"},\"content\":{\"child_layouts\":[{\"layout\":12,\"content\":{\"col_1\":[{\"value\":\"[[%romanesco.patterns.included_patterns]]\",\"level\":\"h5\",\"field\":1,\"settings\":[]},{\"chunk_properties\":{},\"field\":84,\"settings\":{\"pattern_name\":\"[[+pattern_name]]\"}}],\"col_2\":[{\"value\":\"[[%romanesco.patterns.referring_pages]]\",\"level\":\"h5\",\"field\":1,\"settings\":[]},{\"chunk_properties\":{},\"field\":85,\"settings\":{\"pattern_list\":\"referringPatterns\",\"pattern_template\":\"[[+pattern_template]]\",\"pattern_name\":\"[[+pattern_name]]\"}}]},\"settings\":{\"padding\":\"relaxed\",\"alignment\":\"\",\"divider\":\"divided\"},\"parent\":78}],\"fieldId\":\"contentblocks-field-50\"}}],\"field\":76,\"settings\":{\"layout_type\":\"tabs\",\"accordion_type\":\"\",\"tab_type\":\"regular\",\"padding\":\"padded\"}}]},\"settings\":{\"background\":\"white\",\"container_type\":\"\",\"sidebar_width\":\"six\",\"alignment\":\"\",\"pattern_name\":\"Input (Email)\",\"pattern_template\":\"patternLayoutBosonField\"},\"parent\":0,\"title\":\"\"},{\"layout\":17,\"content\":{\"preview\":[{\"rows\":[{\"field_option\":{\"value\":\"Stellar\",\"fieldId\":\"contentblocks-field-56\"}},{\"field_option\":{\"value\":\"Interstellar\",\"fieldId\":\"contentblocks-field-57\"}},{\"field_option\":{\"value\":\"Hypergalactic\",\"fieldId\":\"contentblocks-field-58\"}}],\"field\":28,\"settings\":{\"field_type\":\"radio\",\"field_name\":\"How would you rate our support\",\"field_helptext\":\"\",\"field_required\":\"0\",\"field_layout\":\"vertical\",\"option_layout\":\"\",\"option_other\":\"0\",\"option_other_value\":\"Something else\"}}],\"code\":[{\"value\":\"[[Rowboat?\\n    &table=`modx_contentblocks_field`\\n    &tpl=`displayRawTemplate`\\n    &where=`{\\\"name\\\":\\\"[[+pattern_name]]\\\",\\\"parent\\\":\\\"0\\\"}`\\n]]\",\"lang\":\"html\",\"field\":86,\"settings\":{\"label\":\"[[%romanesco.patterns.template_label]]\"}},{\"value\":\"[[+[[+cf]].wrapper_template]]\",\"lang\":\"html\",\"field\":86,\"settings\":{\"label\":\"[[%romanesco.patterns.template_wrapper_label]]\"}}],\"info\":[{\"rows\":[{\"heading\":{\"value\":\"[[%romanesco.patterns.purpose_title]]\",\"fieldId\":\"contentblocks-field-62\"},\"content\":{\"child_layouts\":[{\"layout\":7,\"content\":{\"main\":[{\"value\":\"<p>[[+[[+cf]].description]]<\/p>\",\"field\":6,\"settings\":[]}]},\"settings\":[],\"parent\":78}],\"fieldId\":\"contentblocks-field-63\"}},{\"heading\":{\"value\":\"[[%romanesco.patterns.usage_title]]\",\"fieldId\":\"contentblocks-field-65\"},\"content\":{\"child_layouts\":[{\"layout\":7,\"content\":{\"main\":[{\"value\":\"\",\"field\":6,\"settings\":[]}]},\"settings\":[],\"parent\":78}],\"fieldId\":\"contentblocks-field-66\"}},{\"heading\":{\"value\":\"[[%romanesco.patterns.settings_title]]\",\"fieldId\":\"contentblocks-field-68\"},\"content\":{\"child_layouts\":[{\"layout\":7,\"content\":{\"main\":[{\"value\":\"[[+[[+cf]].settings_json]]\",\"lang\":\"json\",\"field\":83,\"settings\":[]}]},\"settings\":[],\"parent\":78}],\"fieldId\":\"contentblocks-field-69\"}},{\"heading\":{\"value\":\"[[%romanesco.patterns.references_title]]\",\"fieldId\":\"contentblocks-field-71\"},\"content\":{\"child_layouts\":[{\"layout\":12,\"content\":{\"col_1\":[{\"value\":\"[[%romanesco.patterns.included_patterns]]\",\"level\":\"h5\",\"field\":1,\"settings\":[]},{\"chunk_properties\":{},\"field\":84,\"settings\":{\"pattern_name\":\"[[+pattern_name]]\"}}],\"col_2\":[{\"value\":\"[[%romanesco.patterns.referring_pages]]\",\"level\":\"h5\",\"field\":1,\"settings\":[]},{\"chunk_properties\":{},\"field\":85,\"settings\":{\"pattern_list\":\"referringPatterns\",\"pattern_template\":\"[[+pattern_template]]\",\"pattern_name\":\"[[+pattern_name]]\"}}]},\"settings\":{\"padding\":\"relaxed\",\"alignment\":\"\",\"divider\":\"divided\"},\"parent\":78}],\"fieldId\":\"contentblocks-field-72\"}}],\"field\":76,\"settings\":{\"layout_type\":\"tabs\",\"accordion_type\":\"\",\"tab_type\":\"regular\",\"padding\":\"padded\"}}]},\"settings\":{\"background\":\"white\",\"container_type\":\"\",\"sidebar_width\":\"six\",\"alignment\":\"\",\"pattern_name\":\"Select Options\",\"pattern_template\":\"patternLayoutBosonField\"},\"parent\":0,\"title\":\"\"},{\"layout\":17,\"content\":{\"preview\":[{\"rows\":[{\"field_option\":{\"value\":\"Atoms\",\"fieldId\":\"contentblocks-field-78\"},\"collapse_target\":{\"value\":\"\",\"fieldId\":\"contentblocks-field-79\"},\"collapse_default\":{\"value\":\"collapsed\",\"display\":\"Hidden\",\"fieldId\":\"contentblocks-field-80\"}},{\"field_option\":{\"value\":\"Molecules\",\"fieldId\":\"contentblocks-field-81\"},\"collapse_target\":{\"value\":\"\",\"fieldId\":\"contentblocks-field-82\"},\"collapse_default\":{\"value\":\"collapsed\",\"display\":\"Hidden\",\"fieldId\":\"contentblocks-field-83\"}},{\"field_option\":{\"value\":\"Organisms\",\"fieldId\":\"contentblocks-field-84\"},\"collapse_target\":{\"value\":\"\",\"fieldId\":\"contentblocks-field-85\"},\"collapse_default\":{\"value\":\"collapsed\",\"display\":\"Hidden\",\"fieldId\":\"contentblocks-field-86\"}}],\"field\":30,\"settings\":{\"field_name\":\"Select your interests\",\"field_type\":\"checkbox\",\"field_helptext\":\"\",\"field_required\":\"0\",\"field_layout\":\"vertical\",\"option_layout\":\"default\"}}],\"code\":[{\"value\":\"[[Rowboat?\\n    &table=`modx_contentblocks_field`\\n    &tpl=`displayRawTemplate`\\n    &where=`{\\\"name\\\":\\\"[[+pattern_name]]\\\",\\\"parent\\\":\\\"0\\\"}`\\n]]\",\"lang\":\"html\",\"field\":86,\"settings\":{\"label\":\"[[%romanesco.patterns.template_label]]\"}},{\"value\":\"[[+[[+cf]].wrapper_template]]\",\"lang\":\"html\",\"field\":86,\"settings\":{\"label\":\"[[%romanesco.patterns.template_wrapper_label]]\"}}],\"info\":[{\"rows\":[{\"heading\":{\"value\":\"[[%romanesco.patterns.purpose_title]]\",\"fieldId\":\"contentblocks-field-93\"},\"content\":{\"child_layouts\":[{\"layout\":7,\"content\":{\"main\":[{\"value\":\"<p>[[+[[+cf]].description]]<\/p>\",\"field\":6,\"settings\":[]}]},\"settings\":[],\"parent\":78}],\"fieldId\":\"contentblocks-field-94\"}},{\"heading\":{\"value\":\"[[%romanesco.patterns.usage_title]]\",\"fieldId\":\"contentblocks-field-96\"},\"content\":{\"child_layouts\":[{\"layout\":7,\"content\":{\"main\":[{\"value\":\"\",\"field\":6,\"settings\":[]}]},\"settings\":[],\"parent\":78}],\"fieldId\":\"contentblocks-field-97\"}},{\"heading\":{\"value\":\"[[%romanesco.patterns.settings_title]]\",\"fieldId\":\"contentblocks-field-99\"},\"content\":{\"child_layouts\":[{\"layout\":7,\"content\":{\"main\":[{\"value\":\"[[+[[+cf]].settings_json]]\",\"lang\":\"json\",\"field\":83,\"settings\":[]}]},\"settings\":[],\"parent\":78}],\"fieldId\":\"contentblocks-field-100\"}},{\"heading\":{\"value\":\"[[%romanesco.patterns.references_title]]\",\"fieldId\":\"contentblocks-field-102\"},\"content\":{\"child_layouts\":[{\"layout\":12,\"content\":{\"col_1\":[{\"value\":\"[[%romanesco.patterns.included_patterns]]\",\"level\":\"h5\",\"field\":1,\"settings\":[]},{\"chunk_properties\":{},\"field\":84,\"settings\":{\"pattern_name\":\"[[+pattern_name]]\"}}],\"col_2\":[{\"value\":\"[[%romanesco.patterns.referring_pages]]\",\"level\":\"h5\",\"field\":1,\"settings\":[]},{\"chunk_properties\":{},\"field\":85,\"settings\":{\"pattern_list\":\"referringPatterns\",\"pattern_template\":\"[[+pattern_template]]\",\"pattern_name\":\"[[+pattern_name]]\"}}]},\"settings\":{\"padding\":\"relaxed\",\"alignment\":\"\",\"divider\":\"divided\"},\"parent\":78}],\"fieldId\":\"contentblocks-field-103\"}}],\"field\":76,\"settings\":{\"layout_type\":\"tabs\",\"accordion_type\":\"\",\"tab_type\":\"regular\",\"padding\":\"padded\"}}]},\"settings\":{\"background\":\"white\",\"container_type\":\"\",\"sidebar_width\":\"six\",\"alignment\":\"\",\"pattern_name\":\"Select Options (with Collapse)\",\"pattern_template\":\"patternLayoutBosonField\"},\"parent\":0,\"title\":\"\"},{\"layout\":17,\"content\":{\"preview\":[{\"rows\":[{\"field_option\":{\"value\":\"Stellar\",\"fieldId\":\"contentblocks-field-109\"}},{\"field_option\":{\"value\":\"Interstellar\",\"fieldId\":\"contentblocks-field-110\"}},{\"field_option\":{\"value\":\"Hypergalactic\",\"fieldId\":\"contentblocks-field-111\"}}],\"field\":31,\"settings\":{\"field_name\":\"How would you rate our support?\",\"field_default\":\"Select an option\",\"field_required\":\"1\",\"field_helptext\":\"\",\"field_layout\":\"vertical\"}}],\"code\":[{\"value\":\"[[Rowboat?\\n    &table=`modx_contentblocks_field`\\n    &tpl=`displayRawTemplate`\\n    &where=`{\\\"name\\\":\\\"[[+pattern_name]]\\\",\\\"parent\\\":\\\"0\\\"}`\\n]]\",\"lang\":\"html\",\"field\":86,\"settings\":{\"label\":\"[[%romanesco.patterns.template_label]]\"}},{\"value\":\"[[+[[+cf]].wrapper_template]]\",\"lang\":\"html\",\"field\":86,\"settings\":{\"label\":\"[[%romanesco.patterns.template_wrapper_label]]\"}}],\"info\":[{\"rows\":[{\"heading\":{\"value\":\"[[%romanesco.patterns.purpose_title]]\",\"fieldId\":\"contentblocks-field-117\"},\"content\":{\"child_layouts\":[{\"layout\":7,\"content\":{\"main\":[{\"value\":\"<p>[[+[[+cf]].description]]<\/p>\",\"field\":6,\"settings\":[]}]},\"settings\":[],\"parent\":78}],\"fieldId\":\"contentblocks-field-118\"}},{\"heading\":{\"value\":\"[[%romanesco.patterns.usage_title]]\",\"fieldId\":\"contentblocks-field-120\"},\"content\":{\"child_layouts\":[{\"layout\":7,\"content\":{\"main\":[{\"value\":\"\",\"field\":6,\"settings\":[]}]},\"settings\":[],\"parent\":78}],\"fieldId\":\"contentblocks-field-121\"}},{\"heading\":{\"value\":\"[[%romanesco.patterns.settings_title]]\",\"fieldId\":\"contentblocks-field-123\"},\"content\":{\"child_layouts\":[{\"layout\":7,\"content\":{\"main\":[{\"value\":\"[[+[[+cf]].settings_json]]\",\"lang\":\"json\",\"field\":83,\"settings\":[]}]},\"settings\":[],\"parent\":78}],\"fieldId\":\"contentblocks-field-124\"}},{\"heading\":{\"value\":\"[[%romanesco.patterns.references_title]]\",\"fieldId\":\"contentblocks-field-126\"},\"content\":{\"child_layouts\":[{\"layout\":12,\"content\":{\"col_1\":[{\"value\":\"[[%romanesco.patterns.included_patterns]]\",\"level\":\"h5\",\"field\":1,\"settings\":[]},{\"chunk_properties\":{},\"field\":84,\"settings\":{\"pattern_name\":\"[[+pattern_name]]\"}}],\"col_2\":[{\"value\":\"[[%romanesco.patterns.referring_pages]]\",\"level\":\"h5\",\"field\":1,\"settings\":[]},{\"chunk_properties\":{},\"field\":85,\"settings\":{\"pattern_list\":\"referringPatterns\",\"pattern_template\":\"[[+pattern_template]]\",\"pattern_name\":\"[[+pattern_name]]\"}}]},\"settings\":{\"padding\":\"relaxed\",\"alignment\":\"\",\"divider\":\"divided\"},\"parent\":78}],\"fieldId\":\"contentblocks-field-127\"}}],\"field\":76,\"settings\":{\"layout_type\":\"tabs\",\"accordion_type\":\"\",\"tab_type\":\"regular\",\"padding\":\"padded\"}}]},\"settings\":{\"background\":\"white\",\"container_type\":\"\",\"sidebar_width\":\"six\",\"alignment\":\"\",\"pattern_name\":\"Select Dropdown\",\"pattern_template\":\"patternLayoutBosonField\"},\"parent\":0,\"title\":\"\"},{\"layout\":17,\"content\":{\"preview\":[{\"value\":\"[[pdoResources?\\n    &parents=`16`\\n    &depth=`0`\\n    &tpl=`@INLINE <option>[[+menutitle]]<\/option>`\\n    &sortby=`menuindex`\\n    &sortdir=`ASC`\\n]]\",\"lang\":\"html\",\"field\":32,\"settings\":{\"field_name\":\"What's your favorite particle?\",\"field_default\":\"\",\"field_helptext\":\"\",\"field_required\":\"0\",\"field_layout\":\"vertical\"}}],\"code\":[{\"value\":\"[[Rowboat?\\n    &table=`modx_contentblocks_field`\\n    &tpl=`displayRawTemplate`\\n    &where=`{\\\"name\\\":\\\"[[+pattern_name]]\\\",\\\"parent\\\":\\\"0\\\"}`\\n]]\",\"lang\":\"html\",\"field\":86,\"settings\":{\"label\":\"[[%romanesco.patterns.template_label]]\"}}],\"info\":[{\"rows\":[{\"heading\":{\"value\":\"[[%romanesco.patterns.purpose_title]]\",\"fieldId\":\"contentblocks-field-135\"},\"content\":{\"child_layouts\":[{\"layout\":7,\"content\":{\"main\":[{\"value\":\"<p>[[+[[+cf]].description]]<\/p>\",\"field\":6,\"settings\":[]}]},\"settings\":[],\"parent\":78}],\"fieldId\":\"contentblocks-field-136\"}},{\"heading\":{\"value\":\"[[%romanesco.patterns.usage_title]]\",\"fieldId\":\"contentblocks-field-138\"},\"content\":{\"child_layouts\":[{\"layout\":7,\"content\":{\"main\":[{\"value\":\"\",\"field\":6,\"settings\":[]}]},\"settings\":[],\"parent\":78}],\"fieldId\":\"contentblocks-field-139\"}},{\"heading\":{\"value\":\"[[%romanesco.patterns.settings_title]]\",\"fieldId\":\"contentblocks-field-141\"},\"content\":{\"child_layouts\":[{\"layout\":7,\"content\":{\"main\":[{\"value\":\"[[+[[+cf]].settings_json]]\",\"lang\":\"json\",\"field\":83,\"settings\":[]}]},\"settings\":[],\"parent\":78}],\"fieldId\":\"contentblocks-field-142\"}},{\"heading\":{\"value\":\"[[%romanesco.patterns.references_title]]\",\"fieldId\":\"contentblocks-field-144\"},\"content\":{\"child_layouts\":[{\"layout\":12,\"content\":{\"col_1\":[{\"value\":\"[[%romanesco.patterns.included_patterns]]\",\"level\":\"h5\",\"field\":1,\"settings\":[]},{\"chunk_properties\":{},\"field\":84,\"settings\":{\"pattern_name\":\"[[+pattern_name]]\"}}],\"col_2\":[{\"value\":\"[[%romanesco.patterns.referring_pages]]\",\"level\":\"h5\",\"field\":1,\"settings\":[]},{\"chunk_properties\":{},\"field\":85,\"settings\":{\"pattern_list\":\"referringPatterns\",\"pattern_template\":\"[[+pattern_template]]\",\"pattern_name\":\"[[+pattern_name]]\"}}]},\"settings\":{\"padding\":\"relaxed\",\"alignment\":\"\",\"divider\":\"divided\"},\"parent\":78}],\"fieldId\":\"contentblocks-field-145\"}}],\"field\":76,\"settings\":{\"layout_type\":\"tabs\",\"accordion_type\":\"\",\"tab_type\":\"regular\",\"padding\":\"padded\"}}]},\"settings\":{\"background\":\"white\",\"container_type\":\"\",\"sidebar_width\":\"six\",\"alignment\":\"\",\"pattern_name\":\"Select Dropdown (with Auto Options)\",\"pattern_template\":\"patternLayoutBosonField\"},\"parent\":0,\"title\":\"\"},{\"layout\":17,\"content\":{\"preview\":[{\"chunk_properties\":{},\"field\":33,\"settings\":{\"field_name\":\"Send us your most incompatible DOCX file\",\"field_required\":\"0\",\"field_layout\":\"vertical\",\"field_helptext\":\"\",\"upload_limit\":\"1\"}}],\"code\":[{\"value\":\"[[Rowboat?\\n    &table=`modx_contentblocks_field`\\n    &tpl=`displayRawTemplate`\\n    &where=`{\\\"name\\\":\\\"[[+pattern_name]]\\\",\\\"parent\\\":\\\"0\\\"}`\\n]]\",\"lang\":\"html\",\"field\":86,\"settings\":{\"label\":\"[[%romanesco.patterns.template_label]]\"}}],\"info\":[{\"rows\":[{\"heading\":{\"value\":\"[[%romanesco.patterns.purpose_title]]\",\"fieldId\":\"contentblocks-field-153\"},\"content\":{\"child_layouts\":[{\"layout\":7,\"content\":{\"main\":[{\"value\":\"<p>[[+[[+cf]].description]]<\/p>\",\"field\":6,\"settings\":[]}]},\"settings\":[],\"parent\":78}],\"fieldId\":\"contentblocks-field-154\"}},{\"heading\":{\"value\":\"[[%romanesco.patterns.usage_title]]\",\"fieldId\":\"contentblocks-field-156\"},\"content\":{\"child_layouts\":[{\"layout\":7,\"content\":{\"main\":[{\"value\":\"\",\"field\":6,\"settings\":[]}]},\"settings\":[],\"parent\":78}],\"fieldId\":\"contentblocks-field-157\"}},{\"heading\":{\"value\":\"[[%romanesco.patterns.settings_title]]\",\"fieldId\":\"contentblocks-field-159\"},\"content\":{\"child_layouts\":[{\"layout\":7,\"content\":{\"main\":[{\"value\":\"[[+[[+cf]].settings_json]]\",\"lang\":\"json\",\"field\":83,\"settings\":[]}]},\"settings\":[],\"parent\":78}],\"fieldId\":\"contentblocks-field-160\"}},{\"heading\":{\"value\":\"[[%romanesco.patterns.references_title]]\",\"fieldId\":\"contentblocks-field-162\"},\"content\":{\"child_layouts\":[{\"layout\":12,\"content\":{\"col_1\":[{\"value\":\"[[%romanesco.patterns.included_patterns]]\",\"level\":\"h5\",\"field\":1,\"settings\":[]},{\"chunk_properties\":{},\"field\":84,\"settings\":{\"pattern_name\":\"[[+pattern_name]]\"}}],\"col_2\":[{\"value\":\"[[%romanesco.patterns.referring_pages]]\",\"level\":\"h5\",\"field\":1,\"settings\":[]},{\"chunk_properties\":{},\"field\":85,\"settings\":{\"pattern_list\":\"referringPatterns\",\"pattern_template\":\"[[+pattern_template]]\",\"pattern_name\":\"[[+pattern_name]]\"}}]},\"settings\":{\"padding\":\"relaxed\",\"alignment\":\"\",\"divider\":\"divided\"},\"parent\":78}],\"fieldId\":\"contentblocks-field-163\"}}],\"field\":76,\"settings\":{\"layout_type\":\"tabs\",\"accordion_type\":\"\",\"tab_type\":\"regular\",\"padding\":\"padded\"}}]},\"settings\":{\"background\":\"white\",\"container_type\":\"\",\"sidebar_width\":\"six\",\"alignment\":\"\",\"pattern_name\":\"Input (File)\",\"pattern_template\":\"patternLayoutBosonField\"},\"parent\":0,\"title\":\"\"},{\"layout\":17,\"content\":{\"preview\":[{\"chunk_properties\":{},\"field\":34,\"settings\":{\"field_name\":\"I'm gonna find you!\",\"field_value\":\"At the end of the world...\"}}],\"code\":[{\"value\":\"[[Rowboat?\\n    &table=`modx_contentblocks_field`\\n    &tpl=`displayRawTemplate`\\n    &where=`{\\\"name\\\":\\\"[[+pattern_name]]\\\",\\\"parent\\\":\\\"0\\\"}`\\n]]\",\"lang\":\"html\",\"field\":86,\"settings\":{\"label\":\"[[%romanesco.patterns.template_label]]\"}}],\"info\":[{\"rows\":[{\"heading\":{\"value\":\"[[%romanesco.patterns.purpose_title]]\",\"fieldId\":\"contentblocks-field-171\"},\"content\":{\"child_layouts\":[{\"layout\":7,\"content\":{\"main\":[{\"value\":\"<p>[[+[[+cf]].description]]<\/p>\",\"field\":6,\"settings\":[]}]},\"settings\":[],\"parent\":78}],\"fieldId\":\"contentblocks-field-172\"}},{\"heading\":{\"value\":\"[[%romanesco.patterns.usage_title]]\",\"fieldId\":\"contentblocks-field-174\"},\"content\":{\"child_layouts\":[{\"layout\":7,\"content\":{\"main\":[{\"value\":\"\",\"field\":6,\"settings\":[]}]},\"settings\":[],\"parent\":78}],\"fieldId\":\"contentblocks-field-175\"}},{\"heading\":{\"value\":\"[[%romanesco.patterns.settings_title]]\",\"fieldId\":\"contentblocks-field-177\"},\"content\":{\"child_layouts\":[{\"layout\":7,\"content\":{\"main\":[{\"value\":\"[[+[[+cf]].settings_json]]\",\"lang\":\"json\",\"field\":83,\"settings\":[]}]},\"settings\":[],\"parent\":78}],\"fieldId\":\"contentblocks-field-178\"}},{\"heading\":{\"value\":\"[[%romanesco.patterns.references_title]]\",\"fieldId\":\"contentblocks-field-180\"},\"content\":{\"child_layouts\":[{\"layout\":12,\"content\":{\"col_1\":[{\"value\":\"[[%romanesco.patterns.included_patterns]]\",\"level\":\"h5\",\"field\":1,\"settings\":[]},{\"chunk_properties\":{},\"field\":84,\"settings\":{\"pattern_name\":\"[[+pattern_name]]\"}}],\"col_2\":[{\"value\":\"[[%romanesco.patterns.referring_pages]]\",\"level\":\"h5\",\"field\":1,\"settings\":[]},{\"chunk_properties\":{},\"field\":85,\"settings\":{\"pattern_list\":\"referringPatterns\",\"pattern_template\":\"[[+pattern_template]]\",\"pattern_name\":\"[[+pattern_name]]\"}}]},\"settings\":{\"padding\":\"relaxed\",\"alignment\":\"\",\"divider\":\"divided\"},\"parent\":78}],\"fieldId\":\"contentblocks-field-181\"}}],\"field\":76,\"settings\":{\"layout_type\":\"tabs\",\"accordion_type\":\"\",\"tab_type\":\"regular\",\"padding\":\"padded\"}}]},\"settings\":{\"background\":\"white\",\"container_type\":\"\",\"sidebar_width\":\"six\",\"alignment\":\"\",\"pattern_name\":\"Input (Hidden)\",\"pattern_template\":\"patternLayoutBosonField\"},\"parent\":0,\"title\":\"\"},{\"layout\":17,\"content\":{\"preview\":[{\"chunk_properties\":{},\"field\":35,\"settings\":{\"field_text\":\"I bow to your [[+link]].\",\"link_id\":\"[[++terms_and_conditions_id]]\",\"link_text\":\"Terms and Conditions\"}}],\"code\":[{\"value\":\"[[Rowboat?\\n    &table=`modx_contentblocks_field`\\n    &tpl=`displayRawTemplate`\\n    &where=`{\\\"name\\\":\\\"[[+pattern_name]]\\\",\\\"parent\\\":\\\"0\\\"}`\\n]]\",\"lang\":\"html\",\"field\":86,\"settings\":{\"label\":\"[[%romanesco.patterns.template_label]]\"}}],\"info\":[{\"rows\":[{\"heading\":{\"value\":\"[[%romanesco.patterns.purpose_title]]\",\"fieldId\":\"contentblocks-field-189\"},\"content\":{\"child_layouts\":[{\"layout\":7,\"content\":{\"main\":[{\"value\":\"<p>[[+[[+cf]].description]]<\/p>\",\"field\":6,\"settings\":[]}]},\"settings\":[],\"parent\":78}],\"fieldId\":\"contentblocks-field-190\"}},{\"heading\":{\"value\":\"[[%romanesco.patterns.usage_title]]\",\"fieldId\":\"contentblocks-field-192\"},\"content\":{\"child_layouts\":[{\"layout\":7,\"content\":{\"main\":[{\"value\":\"\",\"field\":6,\"settings\":[]}]},\"settings\":[],\"parent\":78}],\"fieldId\":\"contentblocks-field-193\"}},{\"heading\":{\"value\":\"[[%romanesco.patterns.settings_title]]\",\"fieldId\":\"contentblocks-field-195\"},\"content\":{\"child_layouts\":[{\"layout\":7,\"content\":{\"main\":[{\"value\":\"[[+[[+cf]].settings_json]]\",\"lang\":\"json\",\"field\":83,\"settings\":[]}]},\"settings\":[],\"parent\":78}],\"fieldId\":\"contentblocks-field-196\"}},{\"heading\":{\"value\":\"[[%romanesco.patterns.references_title]]\",\"fieldId\":\"contentblocks-field-198\"},\"content\":{\"child_layouts\":[{\"layout\":12,\"content\":{\"col_1\":[{\"value\":\"[[%romanesco.patterns.included_patterns]]\",\"level\":\"h5\",\"field\":1,\"settings\":[]},{\"chunk_properties\":{},\"field\":84,\"settings\":{\"pattern_name\":\"[[+pattern_name]]\"}}],\"col_2\":[{\"value\":\"[[%romanesco.patterns.referring_pages]]\",\"level\":\"h5\",\"field\":1,\"settings\":[]},{\"chunk_properties\":{},\"field\":85,\"settings\":{\"pattern_list\":\"referringPatterns\",\"pattern_template\":\"[[+pattern_template]]\",\"pattern_name\":\"[[+pattern_name]]\"}}]},\"settings\":{\"padding\":\"relaxed\",\"alignment\":\"\",\"divider\":\"divided\"},\"parent\":78}],\"fieldId\":\"contentblocks-field-199\"}}],\"field\":76,\"settings\":{\"layout_type\":\"tabs\",\"accordion_type\":\"\",\"tab_type\":\"regular\",\"padding\":\"padded\"}}]},\"settings\":{\"background\":\"white\",\"container_type\":\"\",\"sidebar_width\":\"six\",\"alignment\":\"\",\"pattern_name\":\"Accept Terms and Conditions\",\"pattern_template\":\"patternLayoutBosonField\"},\"parent\":0,\"title\":\"\"}]","linear":[{"chunk_properties":[],"field":26,"settings":{"field_name":"Enter your name","field_required":"1","field_layout":"vertical","field_type":"text","field_placeholder":"Must be a palindrome","field_helptext":"If your name is not Bob, please contact support"}},{"value":"[[Rowboat?\n    &table=`modx_contentblocks_field`\n    &tpl=`displayRawTemplate`\n    &where=`{\"name\":\"[[+pattern_name]]\",\"parent\":\"0\"}`\n]]","lang":"html","field":86,"settings":{"label":"[[%romanesco.patterns.template_label]]"}},{"rows":[{"heading":{"value":"[[%romanesco.patterns.purpose_title]]","fieldId":"contentblocks-field-4"},"content":{"child_layouts":[{"layout":7,"content":{"main":[{"value":"<p>[[+[[+cf]].description]]<\/p>","field":6,"settings":[]}]},"settings":[],"parent":78}],"fieldId":"contentblocks-field-5"}},{"heading":{"value":"[[%romanesco.patterns.usage_title]]","fieldId":"contentblocks-field-7"},"content":{"child_layouts":[{"layout":7,"content":{"main":[{"value":"","field":6,"settings":[]}]},"settings":[],"parent":78}],"fieldId":"contentblocks-field-8"}},{"heading":{"value":"[[%romanesco.patterns.settings_title]]","fieldId":"contentblocks-field-10"},"content":{"child_layouts":[{"layout":7,"content":{"main":[{"value":"[[+[[+cf]].settings_json]]","lang":"json","field":83,"settings":[]}]},"settings":[],"parent":78}],"fieldId":"contentblocks-field-11"}},{"heading":{"value":"[[%romanesco.patterns.references_title]]","fieldId":"contentblocks-field-13"},"content":{"child_layouts":[{"layout":12,"content":{"col_1":[{"value":"[[%romanesco.patterns.included_patterns]]","level":"h5","field":1,"settings":[]},{"chunk_properties":[],"field":84,"settings":{"pattern_name":"[[+pattern_name]]"}}],"col_2":[{"value":"[[%romanesco.patterns.referring_pages]]","level":"h5","field":1,"settings":[]},{"chunk_properties":[],"field":85,"settings":{"pattern_list":"referringPatterns","pattern_template":"[[+pattern_template]]","pattern_name":"[[+pattern_name]]"}}]},"settings":{"padding":"relaxed","alignment":"","divider":"divided"},"parent":78}],"fieldId":"contentblocks-field-14"}}],"field":76,"settings":{"layout_type":"tabs","accordion_type":"","tab_type":"regular","padding":"padded"}},{"chunk_properties":[],"field":27,"settings":{"field_name":"Tell us your life story","field_required":"0","field_layout":"vertical","field_rows":"7","field_placeholder":"","field_helptext":"255 characters max."}},{"value":"[[Rowboat?\n    &table=`modx_contentblocks_field`\n    &tpl=`displayRawTemplate`\n    &where=`{\"name\":\"[[+pattern_name]]\",\"parent\":\"0\"}`\n]]","lang":"html","field":86,"settings":{"label":"[[%romanesco.patterns.template_label]]"}},{"rows":[{"heading":{"value":"[[%romanesco.patterns.purpose_title]]","fieldId":"contentblocks-field-22"},"content":{"child_layouts":[{"layout":7,"content":{"main":[{"value":"<p>[[+[[+cf]].description]]<\/p>","field":6,"settings":[]}]},"settings":[],"parent":78}],"fieldId":"contentblocks-field-23"}},{"heading":{"value":"[[%romanesco.patterns.usage_title]]","fieldId":"contentblocks-field-25"},"content":{"child_layouts":[{"layout":7,"content":{"main":[{"value":"","field":6,"settings":[]}]},"settings":[],"parent":78}],"fieldId":"contentblocks-field-26"}},{"heading":{"value":"[[%romanesco.patterns.settings_title]]","fieldId":"contentblocks-field-28"},"content":{"child_layouts":[{"layout":7,"content":{"main":[{"value":"[[+[[+cf]].settings_json]]","lang":"json","field":83,"settings":[]}]},"settings":[],"parent":78}],"fieldId":"contentblocks-field-29"}},{"heading":{"value":"[[%romanesco.patterns.references_title]]","fieldId":"contentblocks-field-31"},"content":{"child_layouts":[{"layout":12,"content":{"col_1":[{"value":"[[%romanesco.patterns.included_patterns]]","level":"h5","field":1,"settings":[]},{"chunk_properties":[],"field":84,"settings":{"pattern_name":"[[+pattern_name]]"}}],"col_2":[{"value":"[[%romanesco.patterns.referring_pages]]","level":"h5","field":1,"settings":[]},{"chunk_properties":[],"field":85,"settings":{"pattern_list":"referringPatterns","pattern_template":"[[+pattern_template]]","pattern_name":"[[+pattern_name]]"}}]},"settings":{"padding":"relaxed","alignment":"","divider":"divided"},"parent":78}],"fieldId":"contentblocks-field-32"}}],"field":76,"settings":{"layout_type":"tabs","accordion_type":"","tab_type":"regular","padding":"padded"}},{"chunk_properties":[],"field":41,"settings":{"field_name":"Your email address","field_layout":"vertical","field_placeholder":"","field_helptext":"Don't worry Bob: we don't (think of it as) spam"}},{"value":"[[Rowboat?\n    &table=`modx_contentblocks_field`\n    &tpl=`displayRawTemplate`\n    &where=`{\"name\":\"[[+pattern_name]]\",\"parent\":\"0\"}`\n]]","lang":"html","field":86,"settings":{"label":"[[%romanesco.patterns.template_label]]"}},{"rows":[{"heading":{"value":"[[%romanesco.patterns.purpose_title]]","fieldId":"contentblocks-field-40"},"content":{"child_layouts":[{"layout":7,"content":{"main":[{"value":"<p>[[+[[+cf]].description]]<\/p>","field":6,"settings":[]}]},"settings":[],"parent":78}],"fieldId":"contentblocks-field-41"}},{"heading":{"value":"[[%romanesco.patterns.usage_title]]","fieldId":"contentblocks-field-43"},"content":{"child_layouts":[{"layout":7,"content":{"main":[{"value":"","field":6,"settings":[]}]},"settings":[],"parent":78}],"fieldId":"contentblocks-field-44"}},{"heading":{"value":"[[%romanesco.patterns.settings_title]]","fieldId":"contentblocks-field-46"},"content":{"child_layouts":[{"layout":7,"content":{"main":[{"value":"[[+[[+cf]].settings_json]]","lang":"json","field":83,"settings":[]}]},"settings":[],"parent":78}],"fieldId":"contentblocks-field-47"}},{"heading":{"value":"[[%romanesco.patterns.references_title]]","fieldId":"contentblocks-field-49"},"content":{"child_layouts":[{"layout":12,"content":{"col_1":[{"value":"[[%romanesco.patterns.included_patterns]]","level":"h5","field":1,"settings":[]},{"chunk_properties":[],"field":84,"settings":{"pattern_name":"[[+pattern_name]]"}}],"col_2":[{"value":"[[%romanesco.patterns.referring_pages]]","level":"h5","field":1,"settings":[]},{"chunk_properties":[],"field":85,"settings":{"pattern_list":"referringPatterns","pattern_template":"[[+pattern_template]]","pattern_name":"[[+pattern_name]]"}}]},"settings":{"padding":"relaxed","alignment":"","divider":"divided"},"parent":78}],"fieldId":"contentblocks-field-50"}}],"field":76,"settings":{"layout_type":"tabs","accordion_type":"","tab_type":"regular","padding":"padded"}},{"rows":[{"field_option":{"value":"Stellar","fieldId":"contentblocks-field-56"}},{"field_option":{"value":"Interstellar","fieldId":"contentblocks-field-57"}},{"field_option":{"value":"Hypergalactic","fieldId":"contentblocks-field-58"}}],"field":28,"settings":{"field_type":"radio","field_name":"How would you rate our support","field_helptext":"","field_required":"0","field_layout":"vertical","option_layout":"","option_other":"0","option_other_value":"Something else"}},{"value":"[[Rowboat?\n    &table=`modx_contentblocks_field`\n    &tpl=`displayRawTemplate`\n    &where=`{\"name\":\"[[+pattern_name]]\",\"parent\":\"0\"}`\n]]","lang":"html","field":86,"settings":{"label":"[[%romanesco.patterns.template_label]]"}},{"value":"[[+[[+cf]].wrapper_template]]","lang":"html","field":86,"settings":{"label":"[[%romanesco.patterns.template_wrapper_label]]"}},{"rows":[{"heading":{"value":"[[%romanesco.patterns.purpose_title]]","fieldId":"contentblocks-field-62"},"content":{"child_layouts":[{"layout":7,"content":{"main":[{"value":"<p>[[+[[+cf]].description]]<\/p>","field":6,"settings":[]}]},"settings":[],"parent":78}],"fieldId":"contentblocks-field-63"}},{"heading":{"value":"[[%romanesco.patterns.usage_title]]","fieldId":"contentblocks-field-65"},"content":{"child_layouts":[{"layout":7,"content":{"main":[{"value":"","field":6,"settings":[]}]},"settings":[],"parent":78}],"fieldId":"contentblocks-field-66"}},{"heading":{"value":"[[%romanesco.patterns.settings_title]]","fieldId":"contentblocks-field-68"},"content":{"child_layouts":[{"layout":7,"content":{"main":[{"value":"[[+[[+cf]].settings_json]]","lang":"json","field":83,"settings":[]}]},"settings":[],"parent":78}],"fieldId":"contentblocks-field-69"}},{"heading":{"value":"[[%romanesco.patterns.references_title]]","fieldId":"contentblocks-field-71"},"content":{"child_layouts":[{"layout":12,"content":{"col_1":[{"value":"[[%romanesco.patterns.included_patterns]]","level":"h5","field":1,"settings":[]},{"chunk_properties":[],"field":84,"settings":{"pattern_name":"[[+pattern_name]]"}}],"col_2":[{"value":"[[%romanesco.patterns.referring_pages]]","level":"h5","field":1,"settings":[]},{"chunk_properties":[],"field":85,"settings":{"pattern_list":"referringPatterns","pattern_template":"[[+pattern_template]]","pattern_name":"[[+pattern_name]]"}}]},"settings":{"padding":"relaxed","alignment":"","divider":"divided"},"parent":78}],"fieldId":"contentblocks-field-72"}}],"field":76,"settings":{"layout_type":"tabs","accordion_type":"","tab_type":"regular","padding":"padded"}},{"rows":[{"field_option":{"value":"Atoms","fieldId":"contentblocks-field-78"},"collapse_target":{"value":"","fieldId":"contentblocks-field-79"},"collapse_default":{"value":"collapsed","display":"Hidden","fieldId":"contentblocks-field-80"}},{"field_option":{"value":"Molecules","fieldId":"contentblocks-field-81"},"collapse_target":{"value":"","fieldId":"contentblocks-field-82"},"collapse_default":{"value":"collapsed","display":"Hidden","fieldId":"contentblocks-field-83"}},{"field_option":{"value":"Organisms","fieldId":"contentblocks-field-84"},"collapse_target":{"value":"","fieldId":"contentblocks-field-85"},"collapse_default":{"value":"collapsed","display":"Hidden","fieldId":"contentblocks-field-86"}}],"field":30,"settings":{"field_name":"Select your interests","field_type":"checkbox","field_helptext":"","field_required":"0","field_layout":"vertical","option_layout":"default"}},{"value":"[[Rowboat?\n    &table=`modx_contentblocks_field`\n    &tpl=`displayRawTemplate`\n    &where=`{\"name\":\"[[+pattern_name]]\",\"parent\":\"0\"}`\n]]","lang":"html","field":86,"settings":{"label":"[[%romanesco.patterns.template_label]]"}},{"value":"[[+[[+cf]].wrapper_template]]","lang":"html","field":86,"settings":{"label":"[[%romanesco.patterns.template_wrapper_label]]"}},{"rows":[{"heading":{"value":"[[%romanesco.patterns.purpose_title]]","fieldId":"contentblocks-field-93"},"content":{"child_layouts":[{"layout":7,"content":{"main":[{"value":"<p>[[+[[+cf]].description]]<\/p>","field":6,"settings":[]}]},"settings":[],"parent":78}],"fieldId":"contentblocks-field-94"}},{"heading":{"value":"[[%romanesco.patterns.usage_title]]","fieldId":"contentblocks-field-96"},"content":{"child_layouts":[{"layout":7,"content":{"main":[{"value":"","field":6,"settings":[]}]},"settings":[],"parent":78}],"fieldId":"contentblocks-field-97"}},{"heading":{"value":"[[%romanesco.patterns.settings_title]]","fieldId":"contentblocks-field-99"},"content":{"child_layouts":[{"layout":7,"content":{"main":[{"value":"[[+[[+cf]].settings_json]]","lang":"json","field":83,"settings":[]}]},"settings":[],"parent":78}],"fieldId":"contentblocks-field-100"}},{"heading":{"value":"[[%romanesco.patterns.references_title]]","fieldId":"contentblocks-field-102"},"content":{"child_layouts":[{"layout":12,"content":{"col_1":[{"value":"[[%romanesco.patterns.included_patterns]]","level":"h5","field":1,"settings":[]},{"chunk_properties":[],"field":84,"settings":{"pattern_name":"[[+pattern_name]]"}}],"col_2":[{"value":"[[%romanesco.patterns.referring_pages]]","level":"h5","field":1,"settings":[]},{"chunk_properties":[],"field":85,"settings":{"pattern_list":"referringPatterns","pattern_template":"[[+pattern_template]]","pattern_name":"[[+pattern_name]]"}}]},"settings":{"padding":"relaxed","alignment":"","divider":"divided"},"parent":78}],"fieldId":"contentblocks-field-103"}}],"field":76,"settings":{"layout_type":"tabs","accordion_type":"","tab_type":"regular","padding":"padded"}},{"rows":[{"field_option":{"value":"Stellar","fieldId":"contentblocks-field-109"}},{"field_option":{"value":"Interstellar","fieldId":"contentblocks-field-110"}},{"field_option":{"value":"Hypergalactic","fieldId":"contentblocks-field-111"}}],"field":31,"settings":{"field_name":"How would you rate our support?","field_default":"Select an option","field_required":"1","field_helptext":"","field_layout":"vertical"}},{"value":"[[Rowboat?\n    &table=`modx_contentblocks_field`\n    &tpl=`displayRawTemplate`\n    &where=`{\"name\":\"[[+pattern_name]]\",\"parent\":\"0\"}`\n]]","lang":"html","field":86,"settings":{"label":"[[%romanesco.patterns.template_label]]"}},{"value":"[[+[[+cf]].wrapper_template]]","lang":"html","field":86,"settings":{"label":"[[%romanesco.patterns.template_wrapper_label]]"}},{"rows":[{"heading":{"value":"[[%romanesco.patterns.purpose_title]]","fieldId":"contentblocks-field-117"},"content":{"child_layouts":[{"layout":7,"content":{"main":[{"value":"<p>[[+[[+cf]].description]]<\/p>","field":6,"settings":[]}]},"settings":[],"parent":78}],"fieldId":"contentblocks-field-118"}},{"heading":{"value":"[[%romanesco.patterns.usage_title]]","fieldId":"contentblocks-field-120"},"content":{"child_layouts":[{"layout":7,"content":{"main":[{"value":"","field":6,"settings":[]}]},"settings":[],"parent":78}],"fieldId":"contentblocks-field-121"}},{"heading":{"value":"[[%romanesco.patterns.settings_title]]","fieldId":"contentblocks-field-123"},"content":{"child_layouts":[{"layout":7,"content":{"main":[{"value":"[[+[[+cf]].settings_json]]","lang":"json","field":83,"settings":[]}]},"settings":[],"parent":78}],"fieldId":"contentblocks-field-124"}},{"heading":{"value":"[[%romanesco.patterns.references_title]]","fieldId":"contentblocks-field-126"},"content":{"child_layouts":[{"layout":12,"content":{"col_1":[{"value":"[[%romanesco.patterns.included_patterns]]","level":"h5","field":1,"settings":[]},{"chunk_properties":[],"field":84,"settings":{"pattern_name":"[[+pattern_name]]"}}],"col_2":[{"value":"[[%romanesco.patterns.referring_pages]]","level":"h5","field":1,"settings":[]},{"chunk_properties":[],"field":85,"settings":{"pattern_list":"referringPatterns","pattern_template":"[[+pattern_template]]","pattern_name":"[[+pattern_name]]"}}]},"settings":{"padding":"relaxed","alignment":"","divider":"divided"},"parent":78}],"fieldId":"contentblocks-field-127"}}],"field":76,"settings":{"layout_type":"tabs","accordion_type":"","tab_type":"regular","padding":"padded"}},{"value":"[[pdoResources?\n    &parents=`16`\n    &depth=`0`\n    &tpl=`@INLINE <option>[[+menutitle]]<\/option>`\n    &sortby=`menuindex`\n    &sortdir=`ASC`\n]]","lang":"html","field":32,"settings":{"field_name":"What's your favorite particle?","field_default":"","field_helptext":"","field_required":"0","field_layout":"vertical"}},{"value":"[[Rowboat?\n    &table=`modx_contentblocks_field`\n    &tpl=`displayRawTemplate`\n    &where=`{\"name\":\"[[+pattern_name]]\",\"parent\":\"0\"}`\n]]","lang":"html","field":86,"settings":{"label":"[[%romanesco.patterns.template_label]]"}},{"rows":[{"heading":{"value":"[[%romanesco.patterns.purpose_title]]","fieldId":"contentblocks-field-135"},"content":{"child_layouts":[{"layout":7,"content":{"main":[{"value":"<p>[[+[[+cf]].description]]<\/p>","field":6,"settings":[]}]},"settings":[],"parent":78}],"fieldId":"contentblocks-field-136"}},{"heading":{"value":"[[%romanesco.patterns.usage_title]]","fieldId":"contentblocks-field-138"},"content":{"child_layouts":[{"layout":7,"content":{"main":[{"value":"","field":6,"settings":[]}]},"settings":[],"parent":78}],"fieldId":"contentblocks-field-139"}},{"heading":{"value":"[[%romanesco.patterns.settings_title]]","fieldId":"contentblocks-field-141"},"content":{"child_layouts":[{"layout":7,"content":{"main":[{"value":"[[+[[+cf]].settings_json]]","lang":"json","field":83,"settings":[]}]},"settings":[],"parent":78}],"fieldId":"contentblocks-field-142"}},{"heading":{"value":"[[%romanesco.patterns.references_title]]","fieldId":"contentblocks-field-144"},"content":{"child_layouts":[{"layout":12,"content":{"col_1":[{"value":"[[%romanesco.patterns.included_patterns]]","level":"h5","field":1,"settings":[]},{"chunk_properties":[],"field":84,"settings":{"pattern_name":"[[+pattern_name]]"}}],"col_2":[{"value":"[[%romanesco.patterns.referring_pages]]","level":"h5","field":1,"settings":[]},{"chunk_properties":[],"field":85,"settings":{"pattern_list":"referringPatterns","pattern_template":"[[+pattern_template]]","pattern_name":"[[+pattern_name]]"}}]},"settings":{"padding":"relaxed","alignment":"","divider":"divided"},"parent":78}],"fieldId":"contentblocks-field-145"}}],"field":76,"settings":{"layout_type":"tabs","accordion_type":"","tab_type":"regular","padding":"padded"}},{"chunk_properties":[],"field":33,"settings":{"field_name":"Send us your most incompatible DOCX file","field_required":"0","field_layout":"vertical","field_helptext":"","upload_limit":"1"}},{"value":"[[Rowboat?\n    &table=`modx_contentblocks_field`\n    &tpl=`displayRawTemplate`\n    &where=`{\"name\":\"[[+pattern_name]]\",\"parent\":\"0\"}`\n]]","lang":"html","field":86,"settings":{"label":"[[%romanesco.patterns.template_label]]"}},{"rows":[{"heading":{"value":"[[%romanesco.patterns.purpose_title]]","fieldId":"contentblocks-field-153"},"content":{"child_layouts":[{"layout":7,"content":{"main":[{"value":"<p>[[+[[+cf]].description]]<\/p>","field":6,"settings":[]}]},"settings":[],"parent":78}],"fieldId":"contentblocks-field-154"}},{"heading":{"value":"[[%romanesco.patterns.usage_title]]","fieldId":"contentblocks-field-156"},"content":{"child_layouts":[{"layout":7,"content":{"main":[{"value":"","field":6,"settings":[]}]},"settings":[],"parent":78}],"fieldId":"contentblocks-field-157"}},{"heading":{"value":"[[%romanesco.patterns.settings_title]]","fieldId":"contentblocks-field-159"},"content":{"child_layouts":[{"layout":7,"content":{"main":[{"value":"[[+[[+cf]].settings_json]]","lang":"json","field":83,"settings":[]}]},"settings":[],"parent":78}],"fieldId":"contentblocks-field-160"}},{"heading":{"value":"[[%romanesco.patterns.references_title]]","fieldId":"contentblocks-field-162"},"content":{"child_layouts":[{"layout":12,"content":{"col_1":[{"value":"[[%romanesco.patterns.included_patterns]]","level":"h5","field":1,"settings":[]},{"chunk_properties":[],"field":84,"settings":{"pattern_name":"[[+pattern_name]]"}}],"col_2":[{"value":"[[%romanesco.patterns.referring_pages]]","level":"h5","field":1,"settings":[]},{"chunk_properties":[],"field":85,"settings":{"pattern_list":"referringPatterns","pattern_template":"[[+pattern_template]]","pattern_name":"[[+pattern_name]]"}}]},"settings":{"padding":"relaxed","alignment":"","divider":"divided"},"parent":78}],"fieldId":"contentblocks-field-163"}}],"field":76,"settings":{"layout_type":"tabs","accordion_type":"","tab_type":"regular","padding":"padded"}},{"chunk_properties":[],"field":34,"settings":{"field_name":"I'm gonna find you!","field_value":"At the end of the world..."}},{"value":"[[Rowboat?\n    &table=`modx_contentblocks_field`\n    &tpl=`displayRawTemplate`\n    &where=`{\"name\":\"[[+pattern_name]]\",\"parent\":\"0\"}`\n]]","lang":"html","field":86,"settings":{"label":"[[%romanesco.patterns.template_label]]"}},{"rows":[{"heading":{"value":"[[%romanesco.patterns.purpose_title]]","fieldId":"contentblocks-field-171"},"content":{"child_layouts":[{"layout":7,"content":{"main":[{"value":"<p>[[+[[+cf]].description]]<\/p>","field":6,"settings":[]}]},"settings":[],"parent":78}],"fieldId":"contentblocks-field-172"}},{"heading":{"value":"[[%romanesco.patterns.usage_title]]","fieldId":"contentblocks-field-174"},"content":{"child_layouts":[{"layout":7,"content":{"main":[{"value":"","field":6,"settings":[]}]},"settings":[],"parent":78}],"fieldId":"contentblocks-field-175"}},{"heading":{"value":"[[%romanesco.patterns.settings_title]]","fieldId":"contentblocks-field-177"},"content":{"child_layouts":[{"layout":7,"content":{"main":[{"value":"[[+[[+cf]].settings_json]]","lang":"json","field":83,"settings":[]}]},"settings":[],"parent":78}],"fieldId":"contentblocks-field-178"}},{"heading":{"value":"[[%romanesco.patterns.references_title]]","fieldId":"contentblocks-field-180"},"content":{"child_layouts":[{"layout":12,"content":{"col_1":[{"value":"[[%romanesco.patterns.included_patterns]]","level":"h5","field":1,"settings":[]},{"chunk_properties":[],"field":84,"settings":{"pattern_name":"[[+pattern_name]]"}}],"col_2":[{"value":"[[%romanesco.patterns.referring_pages]]","level":"h5","field":1,"settings":[]},{"chunk_properties":[],"field":85,"settings":{"pattern_list":"referringPatterns","pattern_template":"[[+pattern_template]]","pattern_name":"[[+pattern_name]]"}}]},"settings":{"padding":"relaxed","alignment":"","divider":"divided"},"parent":78}],"fieldId":"contentblocks-field-181"}}],"field":76,"settings":{"layout_type":"tabs","accordion_type":"","tab_type":"regular","padding":"padded"}},{"chunk_properties":[],"field":35,"settings":{"field_text":"I bow to your [[+link]].","link_id":"[[++terms_and_conditions_id]]","link_text":"Terms and Conditions"}},{"value":"[[Rowboat?\n    &table=`modx_contentblocks_field`\n    &tpl=`displayRawTemplate`\n    &where=`{\"name\":\"[[+pattern_name]]\",\"parent\":\"0\"}`\n]]","lang":"html","field":86,"settings":{"label":"[[%romanesco.patterns.template_label]]"}},{"rows":[{"heading":{"value":"[[%romanesco.patterns.purpose_title]]","fieldId":"contentblocks-field-189"},"content":{"child_layouts":[{"layout":7,"content":{"main":[{"value":"<p>[[+[[+cf]].description]]<\/p>","field":6,"settings":[]}]},"settings":[],"parent":78}],"fieldId":"contentblocks-field-190"}},{"heading":{"value":"[[%romanesco.patterns.usage_title]]","fieldId":"contentblocks-field-192"},"content":{"child_layouts":[{"layout":7,"content":{"main":[{"value":"","field":6,"settings":[]}]},"settings":[],"parent":78}],"fieldId":"contentblocks-field-193"}},{"heading":{"value":"[[%romanesco.patterns.settings_title]]","fieldId":"contentblocks-field-195"},"content":{"child_layouts":[{"layout":7,"content":{"main":[{"value":"[[+[[+cf]].settings_json]]","lang":"json","field":83,"settings":[]}]},"settings":[],"parent":78}],"fieldId":"contentblocks-field-196"}},{"heading":{"value":"[[%romanesco.patterns.references_title]]","fieldId":"contentblocks-field-198"},"content":{"child_layouts":[{"layout":12,"content":{"col_1":[{"value":"[[%romanesco.patterns.included_patterns]]","level":"h5","field":1,"settings":[]},{"chunk_properties":[],"field":84,"settings":{"pattern_name":"[[+pattern_name]]"}}],"col_2":[{"value":"[[%romanesco.patterns.referring_pages]]","level":"h5","field":1,"settings":[]},{"chunk_properties":[],"field":85,"settings":{"pattern_list":"referringPatterns","pattern_template":"[[+pattern_template]]","pattern_name":"[[+pattern_name]]"}}]},"settings":{"padding":"relaxed","alignment":"","divider":"divided"},"parent":78}],"fieldId":"contentblocks-field-199"}}],"field":76,"settings":{"layout_type":"tabs","accordion_type":"","tab_type":"regular","padding":"padded"}}],"fieldcounts":{"26":1,"86":13,"76":10,"27":1,"41":1,"28":1,"30":1,"31":1,"32":1,"33":1,"34":1,"35":1},"_isContentBlocks":true}}