{"contentblocks":{"content":"[{\"layout\":17,\"content\":{\"preview\":[],\"code\":[],\"info\":[{\"rows\":[{\"heading\":{\"value\":\"[[%romanesco.patterns.purpose_title]]\",\"fieldId\":\"contentblocks-field-2\"},\"heading_subtitle\":{\"value\":\"\",\"fieldId\":\"contentblocks-field-3\"},\"heading_icon\":{\"url\":\"\",\"size\":\"\",\"width\":\"\",\"height\":\"\",\"extension\":\"\",\"crops\":[],\"fieldId\":\"contentblocks-field-4\"},\"content\":{\"child_layouts\":[{\"layout\":7,\"content\":{\"main\":[{\"value\":\"<p>This TV can be used to connect a person to a MODX user. By doing this, you are basically extending the MODX user with all the available info inside the connected resource. To fetch an image TV as avatar for example, or the available social media channels.\\n<\/p><p>Only active users will be shown.\\n<\/p>\",\"field\":6,\"settings\":[]}]},\"settings\":[],\"parent\":78}],\"fieldId\":\"contentblocks-field-5\"}},{\"heading\":{\"value\":\"[[%romanesco.patterns.specifications_title]]\",\"fieldId\":\"contentblocks-field-7\"},\"heading_subtitle\":{\"value\":\"\",\"fieldId\":\"contentblocks-field-8\"},\"heading_icon\":{\"url\":\"\",\"size\":\"\",\"width\":\"\",\"height\":\"\",\"extension\":\"\",\"crops\":[],\"fieldId\":\"contentblocks-field-9\"},\"content\":{\"child_layouts\":[{\"layout\":7,\"content\":{\"main\":[{\"value\":\"[[tvToJSON?\\n    &tv=`[[+pattern_name]]`\\n    &showName=`1`\\n    &showSource=`0`\\n    &optionsDelimiter=`0`\\n]]\",\"lang\":\"json\",\"field\":83,\"settings\":[]}]},\"settings\":[],\"parent\":78}],\"fieldId\":\"contentblocks-field-10\"}},{\"heading\":{\"value\":\"[[%romanesco.patterns.references_title]]\",\"fieldId\":\"contentblocks-field-12\"},\"heading_subtitle\":{\"value\":\"\",\"fieldId\":\"contentblocks-field-13\"},\"heading_icon\":{\"url\":\"\",\"size\":\"\",\"width\":\"\",\"height\":\"\",\"extension\":\"\",\"crops\":[],\"fieldId\":\"contentblocks-field-14\"},\"content\":{\"child_layouts\":[{\"layout\":12,\"content\":{\"col_1\":[{\"value\":\"[[%romanesco.patterns.assigned_templates]]\",\"level\":\"h5\",\"field\":1,\"settings\":[]},{\"chunk_properties\":{},\"field\":85,\"settings\":{\"pattern_list\":\"assignedTemplates\",\"pattern_name\":\"[[+pattern_name]]\"}}],\"col_2\":[{\"value\":\"[[%romanesco.patterns.referring_patterns]]\",\"level\":\"h5\",\"field\":1,\"settings\":[]},{\"chunk_properties\":{},\"field\":85,\"settings\":{\"pattern_list\":\"referringChunks,referringTemplates\",\"pattern_name\":\"[[+pattern_name]]\"}}]},\"settings\":{\"padding\":\"relaxed\",\"alignment\":\"\",\"divider\":\"divided\"},\"parent\":78}],\"fieldId\":\"contentblocks-field-15\"}}],\"field\":76,\"settings\":{\"layout_type\":\"accordion\",\"accordion_type\":\"fluid styled\",\"padding\":\"padded\",\"tab_type\":\"regular\"}}]},\"settings\":{\"background\":\"white\",\"container_type\":\"\",\"sidebar_width\":\"five\",\"alignment\":\"\",\"pattern_name\":\"person_id\",\"pattern_template\":\"patternLayoutElectronTV\",\"pattern_status\":\"green\"},\"parent\":0,\"title\":\"person_id\"},{\"layout\":17,\"content\":{\"preview\":[],\"code\":[],\"info\":[{\"rows\":[{\"heading\":{\"value\":\"[[%romanesco.patterns.purpose_title]]\",\"fieldId\":\"contentblocks-field-21\"},\"heading_subtitle\":{\"value\":\"\",\"fieldId\":\"contentblocks-field-22\"},\"heading_icon\":{\"url\":\"\",\"size\":\"\",\"width\":\"\",\"height\":\"\",\"extension\":\"\",\"crops\":[],\"fieldId\":\"contentblocks-field-23\"},\"content\":{\"child_layouts\":[{\"layout\":7,\"content\":{\"main\":[{\"value\":\"<p>Provide the ability to connect an Organization to a template. This can be a client, an employer, a partner, etc. Organizations can be maintained from a central Collection and crosslinked through this TV, allowing you to access things like their logo or website for example.\\n<\/p>\",\"field\":6,\"settings\":[]}]},\"settings\":[],\"parent\":78}],\"fieldId\":\"contentblocks-field-24\"}},{\"heading\":{\"value\":\"[[%romanesco.patterns.specifications_title]]\",\"fieldId\":\"contentblocks-field-26\"},\"heading_subtitle\":{\"value\":\"\",\"fieldId\":\"contentblocks-field-27\"},\"heading_icon\":{\"url\":\"\",\"size\":\"\",\"width\":\"\",\"height\":\"\",\"extension\":\"\",\"crops\":[],\"fieldId\":\"contentblocks-field-28\"},\"content\":{\"child_layouts\":[{\"layout\":7,\"content\":{\"main\":[{\"value\":\"[[tvToJSON?\\n    &tv=`[[+pattern_name]]`\\n    &showName=`1`\\n    &showSource=`0`\\n    &optionsDelimiter=`0`\\n]]\",\"lang\":\"json\",\"field\":83,\"settings\":[]}]},\"settings\":[],\"parent\":78}],\"fieldId\":\"contentblocks-field-29\"}},{\"heading\":{\"value\":\"[[%romanesco.patterns.references_title]]\",\"fieldId\":\"contentblocks-field-31\"},\"heading_subtitle\":{\"value\":\"\",\"fieldId\":\"contentblocks-field-32\"},\"heading_icon\":{\"url\":\"\",\"size\":\"\",\"width\":\"\",\"height\":\"\",\"extension\":\"\",\"crops\":[],\"fieldId\":\"contentblocks-field-33\"},\"content\":{\"child_layouts\":[{\"layout\":12,\"content\":{\"col_1\":[{\"value\":\"[[%romanesco.patterns.assigned_templates]]\",\"level\":\"h5\",\"field\":1,\"settings\":[]},{\"chunk_properties\":{},\"field\":85,\"settings\":{\"pattern_list\":\"assignedTemplates\",\"pattern_name\":\"[[+pattern_name]]\"}}],\"col_2\":[{\"value\":\"[[%romanesco.patterns.included_patterns]]\",\"level\":\"h5\",\"field\":1,\"settings\":[]},{\"value\":\"<div class=\\\"ui list\\\">\\n    [[$includedPatternsRow?\\n        &name=`tvSelectClient`\\n        &category=`174`\\n    ]]\\n<\/div>\",\"lang\":\"html\",\"field\":14,\"settings\":[]},{\"value\":\"[[%romanesco.patterns.referring_patterns]]\",\"level\":\"h5\",\"field\":1,\"settings\":[]},{\"chunk_properties\":{},\"field\":85,\"settings\":{\"pattern_list\":\"referringChunks,referringTemplates\",\"pattern_name\":\"[[+pattern_name]]\"}}]},\"settings\":{\"padding\":\"relaxed\",\"alignment\":\"\",\"divider\":\"divided\"},\"parent\":78}],\"fieldId\":\"contentblocks-field-34\"}}],\"field\":76,\"settings\":{\"layout_type\":\"accordion\",\"accordion_type\":\"fluid styled\",\"padding\":\"padded\",\"tab_type\":\"regular\"}}]},\"settings\":{\"background\":\"white\",\"container_type\":\"\",\"sidebar_width\":\"five\",\"alignment\":\"\",\"pattern_name\":\"organization_id\",\"pattern_template\":\"patternLayoutElectronTV\",\"pattern_status\":\"green\"},\"parent\":0,\"title\":\"organization_id\"},{\"layout\":17,\"content\":{\"preview\":[],\"code\":[],\"info\":[{\"rows\":[{\"heading\":{\"value\":\"[[%romanesco.patterns.purpose_title]]\",\"fieldId\":\"contentblocks-field-42\"},\"heading_subtitle\":{\"value\":\"\",\"fieldId\":\"contentblocks-field-43\"},\"heading_icon\":{\"url\":\"\",\"size\":\"\",\"width\":\"\",\"height\":\"\",\"extension\":\"\",\"crops\":[],\"fieldId\":\"contentblocks-field-44\"},\"content\":{\"child_layouts\":[{\"layout\":7,\"content\":{\"main\":[{\"value\":\"<p>Contributors are persons that helped create the subject of a certain template. A portfolio project for example. In many scenarios, a Contributor will be a team member, so by default this TV looks for child resources inside your Team page.<\/p>\",\"field\":6,\"settings\":[]}]},\"settings\":[],\"parent\":78}],\"fieldId\":\"contentblocks-field-45\"}},{\"heading\":{\"value\":\"[[%romanesco.patterns.specifications_title]]\",\"fieldId\":\"contentblocks-field-47\"},\"heading_subtitle\":{\"value\":\"\",\"fieldId\":\"contentblocks-field-48\"},\"heading_icon\":{\"url\":\"\",\"size\":\"\",\"width\":\"\",\"height\":\"\",\"extension\":\"\",\"crops\":[],\"fieldId\":\"contentblocks-field-49\"},\"content\":{\"child_layouts\":[{\"layout\":7,\"content\":{\"main\":[{\"value\":\"[[tvToJSON?\\n    &tv=`[[+pattern_name]]`\\n    &showName=`1`\\n    &showSource=`0`\\n    &optionsDelimiter=`0`\\n]]\",\"lang\":\"json\",\"field\":83,\"settings\":[]}]},\"settings\":[],\"parent\":78}],\"fieldId\":\"contentblocks-field-50\"}},{\"heading\":{\"value\":\"[[%romanesco.patterns.references_title]]\",\"fieldId\":\"contentblocks-field-52\"},\"heading_subtitle\":{\"value\":\"\",\"fieldId\":\"contentblocks-field-53\"},\"heading_icon\":{\"url\":\"\",\"size\":\"\",\"width\":\"\",\"height\":\"\",\"extension\":\"\",\"crops\":[],\"fieldId\":\"contentblocks-field-54\"},\"content\":{\"child_layouts\":[{\"layout\":12,\"content\":{\"col_1\":[{\"value\":\"[[%romanesco.patterns.assigned_templates]]\",\"level\":\"h5\",\"field\":1,\"settings\":[]},{\"chunk_properties\":{},\"field\":85,\"settings\":{\"pattern_list\":\"assignedTemplates\",\"pattern_name\":\"[[+pattern_name]]\"}}],\"col_2\":[{\"value\":\"[[%romanesco.patterns.included_patterns]]\",\"level\":\"h5\",\"field\":1,\"settings\":[]},{\"value\":\"<div class=\\\"ui list\\\">\\n    [[$includedPatternsRow?\\n        &name=`tvSelectTeam`\\n        &category=`174`\\n    ]]\\n<\/div>\",\"lang\":\"html\",\"field\":14,\"settings\":[]},{\"value\":\"[[%romanesco.patterns.referring_patterns]]\",\"level\":\"h5\",\"field\":1,\"settings\":[]},{\"chunk_properties\":{},\"field\":85,\"settings\":{\"pattern_list\":\"referringChunks,referringTemplates\",\"pattern_name\":\"[[+pattern_name]]\"}}]},\"settings\":{\"padding\":\"relaxed\",\"alignment\":\"\",\"divider\":\"divided\"},\"parent\":78}],\"fieldId\":\"contentblocks-field-55\"}}],\"field\":76,\"settings\":{\"layout_type\":\"accordion\",\"accordion_type\":\"fluid styled\",\"padding\":\"padded\",\"tab_type\":\"regular\"}}]},\"settings\":{\"background\":\"white\",\"container_type\":\"\",\"sidebar_width\":\"five\",\"alignment\":\"\",\"pattern_name\":\"contributors_id\",\"pattern_template\":\"patternLayoutElectronTV\",\"pattern_status\":\"green\"},\"parent\":0,\"title\":\"contributors_id\"},{\"layout\":17,\"content\":{\"preview\":[],\"code\":[],\"info\":[{\"rows\":[{\"heading\":{\"value\":\"[[%romanesco.patterns.purpose_title]]\",\"fieldId\":\"contentblocks-field-63\"},\"heading_subtitle\":{\"value\":\"\",\"fieldId\":\"contentblocks-field-64\"},\"heading_icon\":{\"url\":\"\",\"size\":\"\",\"width\":\"\",\"height\":\"\",\"extension\":\"\",\"crops\":[],\"fieldId\":\"contentblocks-field-65\"},\"content\":{\"child_layouts\":[{\"layout\":7,\"content\":{\"main\":[{\"value\":\"<p>[[getElementDescription? &name=`[[+pattern_name]]` &type=`[[+pattern_template]]`]]\\n<\/p>\",\"field\":6,\"settings\":[]}]},\"settings\":[],\"parent\":78}],\"fieldId\":\"contentblocks-field-66\"}},{\"heading\":{\"value\":\"[[%romanesco.patterns.specifications_title]]\",\"fieldId\":\"contentblocks-field-68\"},\"heading_subtitle\":{\"value\":\"\",\"fieldId\":\"contentblocks-field-69\"},\"heading_icon\":{\"url\":\"\",\"size\":\"\",\"width\":\"\",\"height\":\"\",\"extension\":\"\",\"crops\":[],\"fieldId\":\"contentblocks-field-70\"},\"content\":{\"child_layouts\":[{\"layout\":7,\"content\":{\"main\":[{\"value\":\"[[tvToJSON?\\n    &tv=`[[+pattern_name]]`\\n    &showName=`1`\\n    &showSource=`0`\\n    &optionsDelimiter=`0`\\n]]\",\"lang\":\"json\",\"field\":83,\"settings\":[]}]},\"settings\":[],\"parent\":78}],\"fieldId\":\"contentblocks-field-71\"}},{\"heading\":{\"value\":\"[[%romanesco.patterns.references_title]]\",\"fieldId\":\"contentblocks-field-73\"},\"heading_subtitle\":{\"value\":\"\",\"fieldId\":\"contentblocks-field-74\"},\"heading_icon\":{\"url\":\"\",\"size\":\"\",\"width\":\"\",\"height\":\"\",\"extension\":\"\",\"crops\":[],\"fieldId\":\"contentblocks-field-75\"},\"content\":{\"child_layouts\":[{\"layout\":12,\"content\":{\"col_1\":[{\"value\":\"[[%romanesco.patterns.assigned_templates]]\",\"level\":\"h5\",\"field\":1,\"settings\":[]},{\"chunk_properties\":{},\"field\":85,\"settings\":{\"pattern_list\":\"assignedTemplates\",\"pattern_name\":\"[[+pattern_name]]\"}}],\"col_2\":[{\"value\":\"[[%romanesco.patterns.referring_patterns]]\",\"level\":\"h5\",\"field\":1,\"settings\":[]},{\"chunk_properties\":{},\"field\":85,\"settings\":{\"pattern_list\":\"referringChunks,referringTemplates\",\"pattern_name\":\"[[+pattern_name]]\"}}]},\"settings\":{\"padding\":\"relaxed\",\"alignment\":\"\",\"divider\":\"divided\"},\"parent\":78}],\"fieldId\":\"contentblocks-field-76\"}}],\"field\":76,\"settings\":{\"layout_type\":\"accordion\",\"accordion_type\":\"fluid styled\",\"padding\":\"padded\",\"tab_type\":\"regular\"}}]},\"settings\":{\"background\":\"white\",\"container_type\":\"\",\"sidebar_width\":\"five\",\"alignment\":\"\",\"pattern_name\":\"user_id\",\"pattern_template\":\"patternLayoutElectronTV\"},\"parent\":0,\"title\":\"\"}]","linear":[{"rows":[{"heading":{"value":"[[%romanesco.patterns.purpose_title]]","fieldId":"contentblocks-field-2"},"heading_subtitle":{"value":"","fieldId":"contentblocks-field-3"},"heading_icon":{"url":"","size":"","width":"","height":"","extension":"","crops":[],"fieldId":"contentblocks-field-4"},"content":{"child_layouts":[{"layout":7,"content":{"main":[{"value":"<p>This TV can be used to connect a person to a MODX user. By doing this, you are basically extending the MODX user with all the available info inside the connected resource. To fetch an image TV as avatar for example, or the available social media channels.\n<\/p><p>Only active users will be shown.\n<\/p>","field":6,"settings":[]}]},"settings":[],"parent":78}],"fieldId":"contentblocks-field-5"}},{"heading":{"value":"[[%romanesco.patterns.specifications_title]]","fieldId":"contentblocks-field-7"},"heading_subtitle":{"value":"","fieldId":"contentblocks-field-8"},"heading_icon":{"url":"","size":"","width":"","height":"","extension":"","crops":[],"fieldId":"contentblocks-field-9"},"content":{"child_layouts":[{"layout":7,"content":{"main":[{"value":"[[tvToJSON?\n    &tv=`[[+pattern_name]]`\n    &showName=`1`\n    &showSource=`0`\n    &optionsDelimiter=`0`\n]]","lang":"json","field":83,"settings":[]}]},"settings":[],"parent":78}],"fieldId":"contentblocks-field-10"}},{"heading":{"value":"[[%romanesco.patterns.references_title]]","fieldId":"contentblocks-field-12"},"heading_subtitle":{"value":"","fieldId":"contentblocks-field-13"},"heading_icon":{"url":"","size":"","width":"","height":"","extension":"","crops":[],"fieldId":"contentblocks-field-14"},"content":{"child_layouts":[{"layout":12,"content":{"col_1":[{"value":"[[%romanesco.patterns.assigned_templates]]","level":"h5","field":1,"settings":[]},{"chunk_properties":[],"field":85,"settings":{"pattern_list":"assignedTemplates","pattern_name":"[[+pattern_name]]"}}],"col_2":[{"value":"[[%romanesco.patterns.referring_patterns]]","level":"h5","field":1,"settings":[]},{"chunk_properties":[],"field":85,"settings":{"pattern_list":"referringChunks,referringTemplates","pattern_name":"[[+pattern_name]]"}}]},"settings":{"padding":"relaxed","alignment":"","divider":"divided"},"parent":78}],"fieldId":"contentblocks-field-15"}}],"field":76,"settings":{"layout_type":"accordion","accordion_type":"fluid styled","padding":"padded","tab_type":"regular"}},{"rows":[{"heading":{"value":"[[%romanesco.patterns.purpose_title]]","fieldId":"contentblocks-field-21"},"heading_subtitle":{"value":"","fieldId":"contentblocks-field-22"},"heading_icon":{"url":"","size":"","width":"","height":"","extension":"","crops":[],"fieldId":"contentblocks-field-23"},"content":{"child_layouts":[{"layout":7,"content":{"main":[{"value":"<p>Provide the ability to connect an Organization to a template. This can be a client, an employer, a partner, etc. Organizations can be maintained from a central Collection and crosslinked through this TV, allowing you to access things like their logo or website for example.\n<\/p>","field":6,"settings":[]}]},"settings":[],"parent":78}],"fieldId":"contentblocks-field-24"}},{"heading":{"value":"[[%romanesco.patterns.specifications_title]]","fieldId":"contentblocks-field-26"},"heading_subtitle":{"value":"","fieldId":"contentblocks-field-27"},"heading_icon":{"url":"","size":"","width":"","height":"","extension":"","crops":[],"fieldId":"contentblocks-field-28"},"content":{"child_layouts":[{"layout":7,"content":{"main":[{"value":"[[tvToJSON?\n    &tv=`[[+pattern_name]]`\n    &showName=`1`\n    &showSource=`0`\n    &optionsDelimiter=`0`\n]]","lang":"json","field":83,"settings":[]}]},"settings":[],"parent":78}],"fieldId":"contentblocks-field-29"}},{"heading":{"value":"[[%romanesco.patterns.references_title]]","fieldId":"contentblocks-field-31"},"heading_subtitle":{"value":"","fieldId":"contentblocks-field-32"},"heading_icon":{"url":"","size":"","width":"","height":"","extension":"","crops":[],"fieldId":"contentblocks-field-33"},"content":{"child_layouts":[{"layout":12,"content":{"col_1":[{"value":"[[%romanesco.patterns.assigned_templates]]","level":"h5","field":1,"settings":[]},{"chunk_properties":[],"field":85,"settings":{"pattern_list":"assignedTemplates","pattern_name":"[[+pattern_name]]"}}],"col_2":[{"value":"[[%romanesco.patterns.included_patterns]]","level":"h5","field":1,"settings":[]},{"value":"<div class=\"ui list\">\n    [[$includedPatternsRow?\n        &name=`tvSelectClient`\n        &category=`174`\n    ]]\n<\/div>","lang":"html","field":14,"settings":[]},{"value":"[[%romanesco.patterns.referring_patterns]]","level":"h5","field":1,"settings":[]},{"chunk_properties":[],"field":85,"settings":{"pattern_list":"referringChunks,referringTemplates","pattern_name":"[[+pattern_name]]"}}]},"settings":{"padding":"relaxed","alignment":"","divider":"divided"},"parent":78}],"fieldId":"contentblocks-field-34"}}],"field":76,"settings":{"layout_type":"accordion","accordion_type":"fluid styled","padding":"padded","tab_type":"regular"}},{"rows":[{"heading":{"value":"[[%romanesco.patterns.purpose_title]]","fieldId":"contentblocks-field-42"},"heading_subtitle":{"value":"","fieldId":"contentblocks-field-43"},"heading_icon":{"url":"","size":"","width":"","height":"","extension":"","crops":[],"fieldId":"contentblocks-field-44"},"content":{"child_layouts":[{"layout":7,"content":{"main":[{"value":"<p>Contributors are persons that helped create the subject of a certain template. A portfolio project for example. In many scenarios, a Contributor will be a team member, so by default this TV looks for child resources inside your Team page.<\/p>","field":6,"settings":[]}]},"settings":[],"parent":78}],"fieldId":"contentblocks-field-45"}},{"heading":{"value":"[[%romanesco.patterns.specifications_title]]","fieldId":"contentblocks-field-47"},"heading_subtitle":{"value":"","fieldId":"contentblocks-field-48"},"heading_icon":{"url":"","size":"","width":"","height":"","extension":"","crops":[],"fieldId":"contentblocks-field-49"},"content":{"child_layouts":[{"layout":7,"content":{"main":[{"value":"[[tvToJSON?\n    &tv=`[[+pattern_name]]`\n    &showName=`1`\n    &showSource=`0`\n    &optionsDelimiter=`0`\n]]","lang":"json","field":83,"settings":[]}]},"settings":[],"parent":78}],"fieldId":"contentblocks-field-50"}},{"heading":{"value":"[[%romanesco.patterns.references_title]]","fieldId":"contentblocks-field-52"},"heading_subtitle":{"value":"","fieldId":"contentblocks-field-53"},"heading_icon":{"url":"","size":"","width":"","height":"","extension":"","crops":[],"fieldId":"contentblocks-field-54"},"content":{"child_layouts":[{"layout":12,"content":{"col_1":[{"value":"[[%romanesco.patterns.assigned_templates]]","level":"h5","field":1,"settings":[]},{"chunk_properties":[],"field":85,"settings":{"pattern_list":"assignedTemplates","pattern_name":"[[+pattern_name]]"}}],"col_2":[{"value":"[[%romanesco.patterns.included_patterns]]","level":"h5","field":1,"settings":[]},{"value":"<div class=\"ui list\">\n    [[$includedPatternsRow?\n        &name=`tvSelectTeam`\n        &category=`174`\n    ]]\n<\/div>","lang":"html","field":14,"settings":[]},{"value":"[[%romanesco.patterns.referring_patterns]]","level":"h5","field":1,"settings":[]},{"chunk_properties":[],"field":85,"settings":{"pattern_list":"referringChunks,referringTemplates","pattern_name":"[[+pattern_name]]"}}]},"settings":{"padding":"relaxed","alignment":"","divider":"divided"},"parent":78}],"fieldId":"contentblocks-field-55"}}],"field":76,"settings":{"layout_type":"accordion","accordion_type":"fluid styled","padding":"padded","tab_type":"regular"}},{"rows":[{"heading":{"value":"[[%romanesco.patterns.purpose_title]]","fieldId":"contentblocks-field-63"},"heading_subtitle":{"value":"","fieldId":"contentblocks-field-64"},"heading_icon":{"url":"","size":"","width":"","height":"","extension":"","crops":[],"fieldId":"contentblocks-field-65"},"content":{"child_layouts":[{"layout":7,"content":{"main":[{"value":"<p>[[getElementDescription? &name=`[[+pattern_name]]` &type=`[[+pattern_template]]`]]\n<\/p>","field":6,"settings":[]}]},"settings":[],"parent":78}],"fieldId":"contentblocks-field-66"}},{"heading":{"value":"[[%romanesco.patterns.specifications_title]]","fieldId":"contentblocks-field-68"},"heading_subtitle":{"value":"","fieldId":"contentblocks-field-69"},"heading_icon":{"url":"","size":"","width":"","height":"","extension":"","crops":[],"fieldId":"contentblocks-field-70"},"content":{"child_layouts":[{"layout":7,"content":{"main":[{"value":"[[tvToJSON?\n    &tv=`[[+pattern_name]]`\n    &showName=`1`\n    &showSource=`0`\n    &optionsDelimiter=`0`\n]]","lang":"json","field":83,"settings":[]}]},"settings":[],"parent":78}],"fieldId":"contentblocks-field-71"}},{"heading":{"value":"[[%romanesco.patterns.references_title]]","fieldId":"contentblocks-field-73"},"heading_subtitle":{"value":"","fieldId":"contentblocks-field-74"},"heading_icon":{"url":"","size":"","width":"","height":"","extension":"","crops":[],"fieldId":"contentblocks-field-75"},"content":{"child_layouts":[{"layout":12,"content":{"col_1":[{"value":"[[%romanesco.patterns.assigned_templates]]","level":"h5","field":1,"settings":[]},{"chunk_properties":[],"field":85,"settings":{"pattern_list":"assignedTemplates","pattern_name":"[[+pattern_name]]"}}],"col_2":[{"value":"[[%romanesco.patterns.referring_patterns]]","level":"h5","field":1,"settings":[]},{"chunk_properties":[],"field":85,"settings":{"pattern_list":"referringChunks,referringTemplates","pattern_name":"[[+pattern_name]]"}}]},"settings":{"padding":"relaxed","alignment":"","divider":"divided"},"parent":78}],"fieldId":"contentblocks-field-76"}}],"field":76,"settings":{"layout_type":"accordion","accordion_type":"fluid styled","padding":"padded","tab_type":"regular"}}],"fieldcounts":{"76":4},"_isContentBlocks":true}}