{"contentblocks":{"content":"[{\"layout\":17,\"content\":{\"preview\":[],\"code\":[],\"info\":[{\"rows\":[{\"heading\":{\"value\":\"[[%romanesco.patterns.purpose_title]]\",\"fieldId\":\"contentblocks-field-3\"},\"heading_subtitle\":{\"value\":\"\",\"fieldId\":\"contentblocks-field-4\"},\"heading_icon\":{\"url\":\"\",\"size\":\"\",\"width\":\"\",\"height\":\"\",\"extension\":\"\",\"crops\":[],\"fieldId\":\"contentblocks-field-5\"},\"content\":{\"child_layouts\":[{\"layout\":7,\"content\":{\"main\":[{\"value\":\"<p>[[getElementDescription? &name=`[[+pattern_name]]` &type=`[[+pattern_template]]`]]\\n<\/p>\",\"field\":6,\"settings\":[]}]},\"settings\":[],\"parent\":78}],\"fieldId\":\"contentblocks-field-6\"}},{\"heading\":{\"value\":\"[[%romanesco.patterns.specifications_title]]\",\"fieldId\":\"contentblocks-field-8\"},\"heading_subtitle\":{\"value\":\"\",\"fieldId\":\"contentblocks-field-9\"},\"heading_icon\":{\"url\":\"\",\"size\":\"\",\"width\":\"\",\"height\":\"\",\"extension\":\"\",\"crops\":[],\"fieldId\":\"contentblocks-field-10\"},\"content\":{\"child_layouts\":[{\"layout\":7,\"content\":{\"main\":[{\"value\":\"[[tvToJSON?\\n    &tv=`[[+pattern_name]]`\\n    &showName=`1`\\n    &showSource=`0`\\n    &optionsDelimiter=`0`\\n]]\",\"lang\":\"json\",\"field\":83,\"settings\":[]}]},\"settings\":[],\"parent\":78}],\"fieldId\":\"contentblocks-field-11\"}},{\"heading\":{\"value\":\"[[%romanesco.patterns.references_title]]\",\"fieldId\":\"contentblocks-field-13\"},\"heading_subtitle\":{\"value\":\"\",\"fieldId\":\"contentblocks-field-14\"},\"heading_icon\":{\"url\":\"\",\"size\":\"\",\"width\":\"\",\"height\":\"\",\"extension\":\"\",\"crops\":[],\"fieldId\":\"contentblocks-field-15\"},\"content\":{\"child_layouts\":[{\"layout\":12,\"content\":{\"col_1\":[{\"value\":\"[[%romanesco.patterns.assigned_templates]]\",\"level\":\"h5\",\"field\":1,\"settings\":[]},{\"chunk_properties\":{},\"field\":85,\"settings\":{\"pattern_list\":\"assignedTemplates\",\"pattern_name\":\"[[+pattern_name]]\"}}],\"col_2\":[{\"value\":\"[[%romanesco.patterns.referring_patterns]]\",\"level\":\"h5\",\"field\":1,\"settings\":[]},{\"chunk_properties\":{},\"field\":85,\"settings\":{\"pattern_list\":\"referringChunks,referringTemplates\",\"pattern_name\":\"[[+pattern_name]]\"}}]},\"settings\":{\"padding\":\"relaxed\",\"alignment\":\"\",\"divider\":\"divided\"},\"parent\":78}],\"fieldId\":\"contentblocks-field-16\"}}],\"field\":76,\"settings\":{\"layout_type\":\"accordion\",\"accordion_type\":\"fluid styled\",\"padding\":\"padded\",\"tab_type\":\"regular\"}}]},\"settings\":{\"background\":\"white\",\"container_type\":\"\",\"sidebar_width\":\"five\",\"alignment\":\"\",\"pattern_name\":\"toolbar_visibility\",\"pattern_template\":\"patternLayoutElectronTV\"},\"parent\":0,\"title\":\"\"},{\"layout\":17,\"content\":{\"preview\":[],\"code\":[],\"info\":[{\"rows\":[{\"heading\":{\"value\":\"[[%romanesco.patterns.purpose_title]]\",\"fieldId\":\"contentblocks-field-22\"},\"heading_subtitle\":{\"value\":\"\",\"fieldId\":\"contentblocks-field-23\"},\"heading_icon\":{\"url\":\"\",\"size\":\"\",\"width\":\"\",\"height\":\"\",\"extension\":\"\",\"crops\":[],\"fieldId\":\"contentblocks-field-24\"},\"content\":{\"child_layouts\":[{\"layout\":7,\"content\":{\"main\":[{\"value\":\"<p>[[getElementDescription? &name=`[[+pattern_name]]` &type=`[[+pattern_template]]`]]\\n<\/p>\",\"field\":6,\"settings\":[]}]},\"settings\":[],\"parent\":78}],\"fieldId\":\"contentblocks-field-25\"}},{\"heading\":{\"value\":\"[[%romanesco.patterns.specifications_title]]\",\"fieldId\":\"contentblocks-field-27\"},\"heading_subtitle\":{\"value\":\"\",\"fieldId\":\"contentblocks-field-28\"},\"heading_icon\":{\"url\":\"\",\"size\":\"\",\"width\":\"\",\"height\":\"\",\"extension\":\"\",\"crops\":[],\"fieldId\":\"contentblocks-field-29\"},\"content\":{\"child_layouts\":[{\"layout\":7,\"content\":{\"main\":[{\"value\":\"[[tvToJSON?\\n    &tv=`[[+pattern_name]]`\\n    &showName=`1`\\n    &showSource=`0`\\n    &optionsDelimiter=`0`\\n]]\",\"lang\":\"json\",\"field\":83,\"settings\":[]}]},\"settings\":[],\"parent\":78}],\"fieldId\":\"contentblocks-field-30\"}},{\"heading\":{\"value\":\"[[%romanesco.patterns.references_title]]\",\"fieldId\":\"contentblocks-field-32\"},\"heading_subtitle\":{\"value\":\"\",\"fieldId\":\"contentblocks-field-33\"},\"heading_icon\":{\"url\":\"\",\"size\":\"\",\"width\":\"\",\"height\":\"\",\"extension\":\"\",\"crops\":[],\"fieldId\":\"contentblocks-field-34\"},\"content\":{\"child_layouts\":[{\"layout\":12,\"content\":{\"col_1\":[{\"value\":\"[[%romanesco.patterns.assigned_templates]]\",\"level\":\"h5\",\"field\":1,\"settings\":[]},{\"chunk_properties\":{},\"field\":85,\"settings\":{\"pattern_list\":\"assignedTemplates\",\"pattern_name\":\"[[+pattern_name]]\"}}],\"col_2\":[{\"value\":\"[[%romanesco.patterns.referring_patterns]]\",\"level\":\"h5\",\"field\":1,\"settings\":[]},{\"chunk_properties\":{},\"field\":85,\"settings\":{\"pattern_list\":\"referringChunks,referringTemplates\",\"pattern_name\":\"[[+pattern_name]]\"}}]},\"settings\":{\"padding\":\"relaxed\",\"alignment\":\"\",\"divider\":\"divided\"},\"parent\":78}],\"fieldId\":\"contentblocks-field-35\"}}],\"field\":76,\"settings\":{\"layout_type\":\"accordion\",\"accordion_type\":\"fluid styled\",\"padding\":\"padded\",\"tab_type\":\"regular\"}}]},\"settings\":{\"background\":\"white\",\"container_type\":\"\",\"sidebar_width\":\"five\",\"alignment\":\"\",\"pattern_name\":\"auto_anchors\",\"pattern_template\":\"patternLayoutElectronTV\",\"pattern_status\":\"blue\"},\"parent\":0,\"title\":\"\"}]","linear":[{"rows":[{"heading":{"value":"[[%romanesco.patterns.purpose_title]]","fieldId":"contentblocks-field-3"},"heading_subtitle":{"value":"","fieldId":"contentblocks-field-4"},"heading_icon":{"url":"","size":"","width":"","height":"","extension":"","crops":[],"fieldId":"contentblocks-field-5"},"content":{"child_layouts":[{"layout":7,"content":{"main":[{"value":"<p>[[getElementDescription? &name=`[[+pattern_name]]` &type=`[[+pattern_template]]`]]\n<\/p>","field":6,"settings":[]}]},"settings":[],"parent":78}],"fieldId":"contentblocks-field-6"}},{"heading":{"value":"[[%romanesco.patterns.specifications_title]]","fieldId":"contentblocks-field-8"},"heading_subtitle":{"value":"","fieldId":"contentblocks-field-9"},"heading_icon":{"url":"","size":"","width":"","height":"","extension":"","crops":[],"fieldId":"contentblocks-field-10"},"content":{"child_layouts":[{"layout":7,"content":{"main":[{"value":"[[tvToJSON?\n    &tv=`[[+pattern_name]]`\n    &showName=`1`\n    &showSource=`0`\n    &optionsDelimiter=`0`\n]]","lang":"json","field":83,"settings":[]}]},"settings":[],"parent":78}],"fieldId":"contentblocks-field-11"}},{"heading":{"value":"[[%romanesco.patterns.references_title]]","fieldId":"contentblocks-field-13"},"heading_subtitle":{"value":"","fieldId":"contentblocks-field-14"},"heading_icon":{"url":"","size":"","width":"","height":"","extension":"","crops":[],"fieldId":"contentblocks-field-15"},"content":{"child_layouts":[{"layout":12,"content":{"col_1":[{"value":"[[%romanesco.patterns.assigned_templates]]","level":"h5","field":1,"settings":[]},{"chunk_properties":[],"field":85,"settings":{"pattern_list":"assignedTemplates","pattern_name":"[[+pattern_name]]"}}],"col_2":[{"value":"[[%romanesco.patterns.referring_patterns]]","level":"h5","field":1,"settings":[]},{"chunk_properties":[],"field":85,"settings":{"pattern_list":"referringChunks,referringTemplates","pattern_name":"[[+pattern_name]]"}}]},"settings":{"padding":"relaxed","alignment":"","divider":"divided"},"parent":78}],"fieldId":"contentblocks-field-16"}}],"field":76,"settings":{"layout_type":"accordion","accordion_type":"fluid styled","padding":"padded","tab_type":"regular"}},{"rows":[{"heading":{"value":"[[%romanesco.patterns.purpose_title]]","fieldId":"contentblocks-field-22"},"heading_subtitle":{"value":"","fieldId":"contentblocks-field-23"},"heading_icon":{"url":"","size":"","width":"","height":"","extension":"","crops":[],"fieldId":"contentblocks-field-24"},"content":{"child_layouts":[{"layout":7,"content":{"main":[{"value":"<p>[[getElementDescription? &name=`[[+pattern_name]]` &type=`[[+pattern_template]]`]]\n<\/p>","field":6,"settings":[]}]},"settings":[],"parent":78}],"fieldId":"contentblocks-field-25"}},{"heading":{"value":"[[%romanesco.patterns.specifications_title]]","fieldId":"contentblocks-field-27"},"heading_subtitle":{"value":"","fieldId":"contentblocks-field-28"},"heading_icon":{"url":"","size":"","width":"","height":"","extension":"","crops":[],"fieldId":"contentblocks-field-29"},"content":{"child_layouts":[{"layout":7,"content":{"main":[{"value":"[[tvToJSON?\n    &tv=`[[+pattern_name]]`\n    &showName=`1`\n    &showSource=`0`\n    &optionsDelimiter=`0`\n]]","lang":"json","field":83,"settings":[]}]},"settings":[],"parent":78}],"fieldId":"contentblocks-field-30"}},{"heading":{"value":"[[%romanesco.patterns.references_title]]","fieldId":"contentblocks-field-32"},"heading_subtitle":{"value":"","fieldId":"contentblocks-field-33"},"heading_icon":{"url":"","size":"","width":"","height":"","extension":"","crops":[],"fieldId":"contentblocks-field-34"},"content":{"child_layouts":[{"layout":12,"content":{"col_1":[{"value":"[[%romanesco.patterns.assigned_templates]]","level":"h5","field":1,"settings":[]},{"chunk_properties":[],"field":85,"settings":{"pattern_list":"assignedTemplates","pattern_name":"[[+pattern_name]]"}}],"col_2":[{"value":"[[%romanesco.patterns.referring_patterns]]","level":"h5","field":1,"settings":[]},{"chunk_properties":[],"field":85,"settings":{"pattern_list":"referringChunks,referringTemplates","pattern_name":"[[+pattern_name]]"}}]},"settings":{"padding":"relaxed","alignment":"","divider":"divided"},"parent":78}],"fieldId":"contentblocks-field-35"}}],"field":76,"settings":{"layout_type":"accordion","accordion_type":"fluid styled","padding":"padded","tab_type":"regular"}}],"fieldcounts":{"76":2},"_isContentBlocks":true}}