{"contentblocks":{"content":"[{\"layout\":17,\"content\":{\"preview\":[],\"code\":[],\"info\":[{\"rows\":[{\"heading\":{\"value\":\"[[%romanesco.patterns.purpose_title]]\",\"fieldId\":\"contentblocks-field-2\"},\"heading_subtitle\":{\"value\":\"\",\"fieldId\":\"contentblocks-field-3\"},\"heading_icon\":{\"url\":\"\",\"size\":\"\",\"width\":\"\",\"height\":\"\",\"extension\":\"\",\"fieldId\":\"contentblocks-field-4\"},\"content\":{\"child_layouts\":[{\"layout\":7,\"content\":{\"main\":[{\"value\":\"<p>Allows you to enable an automatic response message being sent to the person who submitted the form.<\/p>\",\"field\":6,\"settings\":[]}]},\"settings\":[],\"parent\":78}],\"fieldId\":\"contentblocks-field-5\"}},{\"heading\":{\"value\":\"[[%romanesco.patterns.specifications_title]]\",\"fieldId\":\"contentblocks-field-7\"},\"heading_subtitle\":{\"value\":\"\",\"fieldId\":\"contentblocks-field-8\"},\"heading_icon\":{\"url\":\"\",\"size\":\"\",\"width\":\"\",\"height\":\"\",\"extension\":\"\",\"fieldId\":\"contentblocks-field-9\"},\"content\":{\"child_layouts\":[{\"layout\":7,\"content\":{\"main\":[{\"value\":\"{\\n    \\\"caption\\\": \\\"Autoresponder\\\",\\n    \\\"name\\\": \\\"fb_autoresponder_toggle\\\",\\n    \\\"description\\\": \\\"IMPORTANT! For the autoresponder to know which email address to use, the Input (Email) field needs to be present in the form.\\\",\\n    \\\"category\\\": \\\"Autoresponder\\\",\\n    \\\"sortOrder\\\": \\\"1\\\",\\n    \\\"type\\\": \\\"option\\\",\\n    \\\"inputOptionValues\\\": \\\"On==1||Off==0\\\",\\n    \\\"defaultValue\\\": \\\"0\\\",\\n    \\\"templates\\\": [\\\"fbForm\\\"]\\n}\",\"lang\":\"json\",\"field\":83,\"settings\":[]}]},\"settings\":[],\"parent\":78}],\"fieldId\":\"contentblocks-field-10\"}},{\"heading\":{\"value\":\"[[%romanesco.patterns.references_title]]\",\"fieldId\":\"contentblocks-field-12\"},\"heading_subtitle\":{\"value\":\"\",\"fieldId\":\"contentblocks-field-13\"},\"heading_icon\":{\"url\":\"\",\"size\":\"\",\"width\":\"\",\"height\":\"\",\"extension\":\"\",\"fieldId\":\"contentblocks-field-14\"},\"content\":{\"child_layouts\":[{\"layout\":12,\"content\":{\"col_1\":[{\"value\":\"[[%romanesco.patterns.assigned_templates]]\",\"level\":\"h5\",\"field\":1,\"settings\":[]},{\"chunk_properties\":{},\"field\":85,\"settings\":{\"pattern_list\":\"assignedTemplates\",\"pattern_name\":\"[[+pattern_name]]\"}}],\"col_2\":[{\"value\":\"[[%romanesco.patterns.referring_patterns]]\",\"level\":\"h5\",\"field\":1,\"settings\":[]},{\"chunk_properties\":{},\"field\":85,\"settings\":{\"pattern_list\":\"referringChunks,referringTemplates\",\"pattern_name\":\"[[+pattern_name]]\"}}]},\"settings\":{\"padding\":\"relaxed\",\"alignment\":\"\",\"divider\":\"divided\"},\"parent\":78}],\"fieldId\":\"contentblocks-field-15\"}}],\"field\":76,\"settings\":{\"layout_type\":\"accordion\",\"accordion_type\":\"fluid styled\",\"padding\":\"padded\",\"tab_type\":\"regular\"}}]},\"settings\":{\"background\":\"white\",\"container_type\":\"\",\"sidebar_width\":\"five\",\"alignment\":\"\",\"pattern_name\":\"fb_autoresponder_toggle\",\"pattern_template\":\"patternLayoutElectronTV\"},\"parent\":0,\"title\":\"\"},{\"layout\":17,\"content\":{\"preview\":[],\"code\":[],\"info\":[{\"rows\":[{\"heading\":{\"value\":\"[[%romanesco.patterns.purpose_title]]\",\"fieldId\":\"contentblocks-field-21\"},\"heading_subtitle\":{\"value\":\"\",\"fieldId\":\"contentblocks-field-22\"},\"heading_icon\":{\"url\":\"\",\"size\":\"\",\"width\":\"\",\"height\":\"\",\"extension\":\"\",\"fieldId\":\"contentblocks-field-23\"},\"content\":{\"child_layouts\":[{\"layout\":7,\"content\":{\"main\":[{\"value\":\"<p>It will appear as if the autoresponder was sent from this email address.<\/p>\",\"field\":6,\"settings\":[]}]},\"settings\":[],\"parent\":78}],\"fieldId\":\"contentblocks-field-24\"}},{\"heading\":{\"value\":\"[[%romanesco.patterns.specifications_title]]\",\"fieldId\":\"contentblocks-field-26\"},\"heading_subtitle\":{\"value\":\"\",\"fieldId\":\"contentblocks-field-27\"},\"heading_icon\":{\"url\":\"\",\"size\":\"\",\"width\":\"\",\"height\":\"\",\"extension\":\"\",\"fieldId\":\"contentblocks-field-28\"},\"content\":{\"child_layouts\":[{\"layout\":7,\"content\":{\"main\":[{\"value\":\"{\\n    \\\"caption\\\": \\\"Autoresponder FROM address\\\",\\n    \\\"name\\\": \\\"fb_autoresponder_from\\\",\\n    \\\"description\\\": \\\"Optional. This is the address where the messages appear to be sent from. Can be a non-existing address, like noreply@yourdomain.com. Defaults to emailsender system setting.\\\",\\n    \\\"category\\\": \\\"Autoresponder\\\",\\n    \\\"sortOrder\\\": \\\"2\\\",\\n    \\\"type\\\": \\\"email\\\",\\n    \\\"templates\\\": [\\\"fbForm\\\"]\\n}\",\"lang\":\"json\",\"field\":83,\"settings\":[]}]},\"settings\":[],\"parent\":78}],\"fieldId\":\"contentblocks-field-29\"}},{\"heading\":{\"value\":\"[[%romanesco.patterns.references_title]]\",\"fieldId\":\"contentblocks-field-31\"},\"heading_subtitle\":{\"value\":\"\",\"fieldId\":\"contentblocks-field-32\"},\"heading_icon\":{\"url\":\"\",\"size\":\"\",\"width\":\"\",\"height\":\"\",\"extension\":\"\",\"fieldId\":\"contentblocks-field-33\"},\"content\":{\"child_layouts\":[{\"layout\":12,\"content\":{\"col_1\":[{\"value\":\"[[%romanesco.patterns.assigned_templates]]\",\"level\":\"h5\",\"field\":1,\"settings\":[]},{\"chunk_properties\":{},\"field\":85,\"settings\":{\"pattern_list\":\"assignedTemplates\",\"pattern_name\":\"[[+pattern_name]]\"}}],\"col_2\":[{\"value\":\"[[%romanesco.patterns.referring_patterns]]\",\"level\":\"h5\",\"field\":1,\"settings\":[]},{\"chunk_properties\":{},\"field\":85,\"settings\":{\"pattern_list\":\"referringChunks,referringTemplates\",\"pattern_name\":\"[[+pattern_name]]\"}}]},\"settings\":{\"padding\":\"relaxed\",\"alignment\":\"\",\"divider\":\"divided\"},\"parent\":78}],\"fieldId\":\"contentblocks-field-34\"}}],\"field\":76,\"settings\":{\"layout_type\":\"accordion\",\"accordion_type\":\"fluid styled\",\"padding\":\"padded\",\"tab_type\":\"regular\"}}]},\"settings\":{\"background\":\"white\",\"container_type\":\"\",\"sidebar_width\":\"five\",\"alignment\":\"\",\"pattern_name\":\"fb_autoresponder_from\",\"pattern_template\":\"patternLayoutElectronTV\"},\"parent\":0,\"title\":\"\"},{\"layout\":17,\"content\":{\"preview\":[],\"code\":[],\"info\":[{\"rows\":[{\"heading\":{\"value\":\"[[%romanesco.patterns.purpose_title]]\",\"fieldId\":\"contentblocks-field-40\"},\"heading_subtitle\":{\"value\":\"\",\"fieldId\":\"contentblocks-field-41\"},\"heading_icon\":{\"url\":\"\",\"size\":\"\",\"width\":\"\",\"height\":\"\",\"extension\":\"\",\"fieldId\":\"contentblocks-field-42\"},\"content\":{\"child_layouts\":[{\"layout\":7,\"content\":{\"main\":[{\"value\":\"<p>It will appear as if the autoresponder was sent by this person or organization.<\/p>\",\"field\":6,\"settings\":[]}]},\"settings\":[],\"parent\":78}],\"fieldId\":\"contentblocks-field-43\"}},{\"heading\":{\"value\":\"[[%romanesco.patterns.specifications_title]]\",\"fieldId\":\"contentblocks-field-45\"},\"heading_subtitle\":{\"value\":\"\",\"fieldId\":\"contentblocks-field-46\"},\"heading_icon\":{\"url\":\"\",\"size\":\"\",\"width\":\"\",\"height\":\"\",\"extension\":\"\",\"fieldId\":\"contentblocks-field-47\"},\"content\":{\"child_layouts\":[{\"layout\":7,\"content\":{\"main\":[{\"value\":\"{\\n    \\\"caption\\\": \\\"Autoresponder FROM name\\\",\\n    \\\"name\\\": \\\"fb_autoresponder_from_name\\\",\\n    \\\"description\\\": \\\"Optional. This is the name that will (probably) be visible in the recipients' inbox. Defaults to site_name system setting.\\\",\\n    \\\"category\\\": \\\"Autoresponder\\\",\\n    \\\"sortOrder\\\": \\\"3\\\",\\n    \\\"type\\\": \\\"text\\\",\\n    \\\"templates\\\": [\\\"fbForm\\\"]\\n}\",\"lang\":\"json\",\"field\":83,\"settings\":[]}]},\"settings\":[],\"parent\":78}],\"fieldId\":\"contentblocks-field-48\"}},{\"heading\":{\"value\":\"[[%romanesco.patterns.references_title]]\",\"fieldId\":\"contentblocks-field-50\"},\"heading_subtitle\":{\"value\":\"\",\"fieldId\":\"contentblocks-field-51\"},\"heading_icon\":{\"url\":\"\",\"size\":\"\",\"width\":\"\",\"height\":\"\",\"extension\":\"\",\"fieldId\":\"contentblocks-field-52\"},\"content\":{\"child_layouts\":[{\"layout\":12,\"content\":{\"col_1\":[{\"value\":\"[[%romanesco.patterns.assigned_templates]]\",\"level\":\"h5\",\"field\":1,\"settings\":[]},{\"chunk_properties\":{},\"field\":85,\"settings\":{\"pattern_list\":\"assignedTemplates\",\"pattern_name\":\"[[+pattern_name]]\"}}],\"col_2\":[{\"value\":\"[[%romanesco.patterns.referring_patterns]]\",\"level\":\"h5\",\"field\":1,\"settings\":[]},{\"chunk_properties\":{},\"field\":85,\"settings\":{\"pattern_list\":\"referringChunks,referringTemplates\",\"pattern_name\":\"[[+pattern_name]]\"}}]},\"settings\":{\"padding\":\"relaxed\",\"alignment\":\"\",\"divider\":\"divided\"},\"parent\":78}],\"fieldId\":\"contentblocks-field-53\"}}],\"field\":76,\"settings\":{\"layout_type\":\"accordion\",\"accordion_type\":\"fluid styled\",\"padding\":\"padded\",\"tab_type\":\"regular\"}}]},\"settings\":{\"background\":\"white\",\"container_type\":\"\",\"sidebar_width\":\"five\",\"alignment\":\"\",\"pattern_name\":\"fb_autoresponder_from_name\",\"pattern_template\":\"patternLayoutElectronTV\"},\"parent\":0,\"title\":\"\"},{\"layout\":17,\"content\":{\"preview\":[],\"code\":[],\"info\":[{\"rows\":[{\"heading\":{\"value\":\"[[%romanesco.patterns.purpose_title]]\",\"fieldId\":\"contentblocks-field-59\"},\"heading_subtitle\":{\"value\":\"\",\"fieldId\":\"contentblocks-field-60\"},\"heading_icon\":{\"url\":\"\",\"size\":\"\",\"width\":\"\",\"height\":\"\",\"extension\":\"\",\"fieldId\":\"contentblocks-field-61\"},\"content\":{\"child_layouts\":[{\"layout\":7,\"content\":{\"main\":[{\"value\":\"<p>Control to which email address a direct response from the form submitter will be sent. In other words: if the form submitter uses the \\\"reply\\\" button in his or her email client, that message will go to this email address.<br>\\n<\/p><p>This is for cases where you might want to use a different address than the one in <a href=\\\"[[~[[*id]]]]#fb_autoresponder_from\\\">fb_autoresponder_from<\/a>. For example: use website@example.com as from address, but receive replies on support@example.com.<br>\\n<\/p>\",\"field\":6,\"settings\":[]}]},\"settings\":[],\"parent\":78}],\"fieldId\":\"contentblocks-field-62\"}},{\"heading\":{\"value\":\"[[%romanesco.patterns.specifications_title]]\",\"fieldId\":\"contentblocks-field-64\"},\"heading_subtitle\":{\"value\":\"\",\"fieldId\":\"contentblocks-field-65\"},\"heading_icon\":{\"url\":\"\",\"size\":\"\",\"width\":\"\",\"height\":\"\",\"extension\":\"\",\"fieldId\":\"contentblocks-field-66\"},\"content\":{\"child_layouts\":[{\"layout\":7,\"content\":{\"main\":[{\"value\":\"{\\n    \\\"caption\\\": \\\"Autoresponder REPLY TO address\\\",\\n    \\\"name\\\": \\\"fb_autoresponder_reply_to\\\",\\n    \\\"description\\\": \\\"Optional. This address will be used when recipient replies to this message directly. Defaults to respectively the client_email and emailsender system setting.\\\",\\n    \\\"category\\\": \\\"Autoresponder\\\",\\n    \\\"sortOrder\\\": \\\"4\\\",\\n    \\\"type\\\": \\\"email\\\",\\n    \\\"templates\\\": [\\\"fbForm\\\"]\\n}\",\"lang\":\"json\",\"field\":83,\"settings\":[]}]},\"settings\":[],\"parent\":78}],\"fieldId\":\"contentblocks-field-67\"}},{\"heading\":{\"value\":\"[[%romanesco.patterns.references_title]]\",\"fieldId\":\"contentblocks-field-69\"},\"heading_subtitle\":{\"value\":\"\",\"fieldId\":\"contentblocks-field-70\"},\"heading_icon\":{\"url\":\"\",\"size\":\"\",\"width\":\"\",\"height\":\"\",\"extension\":\"\",\"fieldId\":\"contentblocks-field-71\"},\"content\":{\"child_layouts\":[{\"layout\":12,\"content\":{\"col_1\":[{\"value\":\"[[%romanesco.patterns.assigned_templates]]\",\"level\":\"h5\",\"field\":1,\"settings\":[]},{\"chunk_properties\":{},\"field\":85,\"settings\":{\"pattern_list\":\"assignedTemplates\",\"pattern_name\":\"[[+pattern_name]]\"}}],\"col_2\":[{\"value\":\"[[%romanesco.patterns.referring_patterns]]\",\"level\":\"h5\",\"field\":1,\"settings\":[]},{\"chunk_properties\":{},\"field\":85,\"settings\":{\"pattern_list\":\"referringChunks,referringTemplates\",\"pattern_name\":\"[[+pattern_name]]\"}}]},\"settings\":{\"padding\":\"relaxed\",\"alignment\":\"\",\"divider\":\"divided\"},\"parent\":78}],\"fieldId\":\"contentblocks-field-72\"}}],\"field\":76,\"settings\":{\"layout_type\":\"accordion\",\"accordion_type\":\"fluid styled\",\"padding\":\"padded\",\"tab_type\":\"regular\"}}]},\"settings\":{\"background\":\"white\",\"container_type\":\"\",\"sidebar_width\":\"five\",\"alignment\":\"\",\"pattern_name\":\"fb_autoresponder_reply_to\",\"pattern_template\":\"patternLayoutElectronTV\"},\"parent\":0,\"title\":\"\"},{\"layout\":17,\"content\":{\"preview\":[],\"code\":[],\"info\":[{\"rows\":[{\"heading\":{\"value\":\"[[%romanesco.patterns.purpose_title]]\",\"fieldId\":\"contentblocks-field-78\"},\"heading_subtitle\":{\"value\":\"\",\"fieldId\":\"contentblocks-field-79\"},\"heading_icon\":{\"url\":\"\",\"size\":\"\",\"width\":\"\",\"height\":\"\",\"extension\":\"\",\"fieldId\":\"contentblocks-field-80\"},\"content\":{\"child_layouts\":[{\"layout\":7,\"content\":{\"main\":[{\"value\":\"<p>Provide a subject line for your autoresponse message.<\/p>\",\"field\":6,\"settings\":[]}]},\"settings\":[],\"parent\":78}],\"fieldId\":\"contentblocks-field-81\"}},{\"heading\":{\"value\":\"[[%romanesco.patterns.specifications_title]]\",\"fieldId\":\"contentblocks-field-83\"},\"heading_subtitle\":{\"value\":\"\",\"fieldId\":\"contentblocks-field-84\"},\"heading_icon\":{\"url\":\"\",\"size\":\"\",\"width\":\"\",\"height\":\"\",\"extension\":\"\",\"fieldId\":\"contentblocks-field-85\"},\"content\":{\"child_layouts\":[{\"layout\":7,\"content\":{\"main\":[{\"value\":\"{\\n    \\\"caption\\\": \\\"Autoresponse subject\\\",\\n    \\\"name\\\": \\\"fb_autoresponder_subject\\\",\\n    \\\"description\\\": \\\"\\\",\\n    \\\"category\\\": \\\"Autoresponder\\\",\\n    \\\"sortOrder\\\": \\\"10\\\",\\n    \\\"type\\\": \\\"text\\\",\\n    \\\"templates\\\": [\\\"fbForm\\\"]\\n}\",\"lang\":\"json\",\"field\":83,\"settings\":[]}]},\"settings\":[],\"parent\":78}],\"fieldId\":\"contentblocks-field-86\"}},{\"heading\":{\"value\":\"[[%romanesco.patterns.references_title]]\",\"fieldId\":\"contentblocks-field-88\"},\"heading_subtitle\":{\"value\":\"\",\"fieldId\":\"contentblocks-field-89\"},\"heading_icon\":{\"url\":\"\",\"size\":\"\",\"width\":\"\",\"height\":\"\",\"extension\":\"\",\"fieldId\":\"contentblocks-field-90\"},\"content\":{\"child_layouts\":[{\"layout\":12,\"content\":{\"col_1\":[{\"value\":\"[[%romanesco.patterns.assigned_templates]]\",\"level\":\"h5\",\"field\":1,\"settings\":[]},{\"chunk_properties\":{},\"field\":85,\"settings\":{\"pattern_list\":\"assignedTemplates\",\"pattern_name\":\"[[+pattern_name]]\"}}],\"col_2\":[{\"value\":\"[[%romanesco.patterns.referring_patterns]]\",\"level\":\"h5\",\"field\":1,\"settings\":[]},{\"chunk_properties\":{},\"field\":85,\"settings\":{\"pattern_list\":\"referringChunks,referringTemplates\",\"pattern_name\":\"[[+pattern_name]]\"}}]},\"settings\":{\"padding\":\"relaxed\",\"alignment\":\"\",\"divider\":\"divided\"},\"parent\":78}],\"fieldId\":\"contentblocks-field-91\"}}],\"field\":76,\"settings\":{\"layout_type\":\"accordion\",\"accordion_type\":\"fluid styled\",\"padding\":\"padded\",\"tab_type\":\"regular\"}}]},\"settings\":{\"background\":\"white\",\"container_type\":\"\",\"sidebar_width\":\"five\",\"alignment\":\"\",\"pattern_name\":\"fb_autoresponder_subject\",\"pattern_template\":\"patternLayoutElectronTV\"},\"parent\":0,\"title\":\"\"},{\"layout\":17,\"content\":{\"preview\":[],\"code\":[],\"info\":[{\"rows\":[{\"heading\":{\"value\":\"[[%romanesco.patterns.purpose_title]]\",\"fieldId\":\"contentblocks-field-97\"},\"heading_subtitle\":{\"value\":\"\",\"fieldId\":\"contentblocks-field-98\"},\"heading_icon\":{\"url\":\"\",\"size\":\"\",\"width\":\"\",\"height\":\"\",\"extension\":\"\",\"fieldId\":\"contentblocks-field-99\"},\"content\":{\"child_layouts\":[{\"layout\":7,\"content\":{\"main\":[{\"value\":\"<p>Lets you write the autoresponse message in a text editor. You can personalize the message with placeholders from the form fields.<\/p>\",\"field\":6,\"settings\":[]}]},\"settings\":[],\"parent\":78}],\"fieldId\":\"contentblocks-field-100\"}},{\"heading\":{\"value\":\"[[%romanesco.patterns.specifications_title]]\",\"fieldId\":\"contentblocks-field-102\"},\"heading_subtitle\":{\"value\":\"\",\"fieldId\":\"contentblocks-field-103\"},\"heading_icon\":{\"url\":\"\",\"size\":\"\",\"width\":\"\",\"height\":\"\",\"extension\":\"\",\"fieldId\":\"contentblocks-field-104\"},\"content\":{\"child_layouts\":[{\"layout\":7,\"content\":{\"main\":[{\"value\":\"{\\n    \\\"caption\\\": \\\"Autoresponse subject\\\",\\n    \\\"name\\\": \\\"fb_autoresponder_subject\\\",\\n    \\\"description\\\": \\\"\\\",\\n    \\\"category\\\": \\\"Autoresponder\\\",\\n    \\\"sortOrder\\\": \\\"10\\\",\\n    \\\"type\\\": \\\"text\\\",\\n    \\\"templates\\\": [\\\"fbForm\\\"]\\n}\",\"lang\":\"json\",\"field\":83,\"settings\":[]}]},\"settings\":[],\"parent\":78}],\"fieldId\":\"contentblocks-field-105\"}},{\"heading\":{\"value\":\"[[%romanesco.patterns.references_title]]\",\"fieldId\":\"contentblocks-field-107\"},\"heading_subtitle\":{\"value\":\"\",\"fieldId\":\"contentblocks-field-108\"},\"heading_icon\":{\"url\":\"\",\"size\":\"\",\"width\":\"\",\"height\":\"\",\"extension\":\"\",\"fieldId\":\"contentblocks-field-109\"},\"content\":{\"child_layouts\":[{\"layout\":12,\"content\":{\"col_1\":[{\"value\":\"[[%romanesco.patterns.assigned_templates]]\",\"level\":\"h5\",\"field\":1,\"settings\":[]},{\"chunk_properties\":{},\"field\":85,\"settings\":{\"pattern_list\":\"assignedTemplates\",\"pattern_name\":\"[[+pattern_name]]\"}}],\"col_2\":[{\"value\":\"[[%romanesco.patterns.referring_patterns]]\",\"level\":\"h5\",\"field\":1,\"settings\":[]},{\"chunk_properties\":{},\"field\":85,\"settings\":{\"pattern_list\":\"referringChunks,referringTemplates\",\"pattern_name\":\"[[+pattern_name]]\"}}]},\"settings\":{\"padding\":\"relaxed\",\"alignment\":\"\",\"divider\":\"divided\"},\"parent\":78}],\"fieldId\":\"contentblocks-field-110\"}}],\"field\":76,\"settings\":{\"layout_type\":\"accordion\",\"accordion_type\":\"fluid styled\",\"padding\":\"padded\",\"tab_type\":\"regular\"}}]},\"settings\":{\"background\":\"white\",\"container_type\":\"\",\"sidebar_width\":\"five\",\"alignment\":\"\",\"pattern_name\":\"fb_autoresponder_message\",\"pattern_template\":\"patternLayoutElectronTV\"},\"parent\":0,\"title\":\"\"}]","linear":[{"rows":[{"heading":{"value":"[[%romanesco.patterns.purpose_title]]","fieldId":"contentblocks-field-2"},"heading_subtitle":{"value":"","fieldId":"contentblocks-field-3"},"heading_icon":{"url":"","size":"","width":"","height":"","extension":"","fieldId":"contentblocks-field-4"},"content":{"child_layouts":[{"layout":7,"content":{"main":[{"value":"<p>Allows you to enable an automatic response message being sent to the person who submitted the form.<\/p>","field":6,"settings":[]}]},"settings":[],"parent":78}],"fieldId":"contentblocks-field-5"}},{"heading":{"value":"[[%romanesco.patterns.specifications_title]]","fieldId":"contentblocks-field-7"},"heading_subtitle":{"value":"","fieldId":"contentblocks-field-8"},"heading_icon":{"url":"","size":"","width":"","height":"","extension":"","fieldId":"contentblocks-field-9"},"content":{"child_layouts":[{"layout":7,"content":{"main":[{"value":"{\n    \"caption\": \"Autoresponder\",\n    \"name\": \"fb_autoresponder_toggle\",\n    \"description\": \"IMPORTANT! For the autoresponder to know which email address to use, the Input (Email) field needs to be present in the form.\",\n    \"category\": \"Autoresponder\",\n    \"sortOrder\": \"1\",\n    \"type\": \"option\",\n    \"inputOptionValues\": \"On==1||Off==0\",\n    \"defaultValue\": \"0\",\n    \"templates\": [\"fbForm\"]\n}","lang":"json","field":83,"settings":[]}]},"settings":[],"parent":78}],"fieldId":"contentblocks-field-10"}},{"heading":{"value":"[[%romanesco.patterns.references_title]]","fieldId":"contentblocks-field-12"},"heading_subtitle":{"value":"","fieldId":"contentblocks-field-13"},"heading_icon":{"url":"","size":"","width":"","height":"","extension":"","fieldId":"contentblocks-field-14"},"content":{"child_layouts":[{"layout":12,"content":{"col_1":[{"value":"[[%romanesco.patterns.assigned_templates]]","level":"h5","field":1,"settings":[]},{"chunk_properties":[],"field":85,"settings":{"pattern_list":"assignedTemplates","pattern_name":"[[+pattern_name]]"}}],"col_2":[{"value":"[[%romanesco.patterns.referring_patterns]]","level":"h5","field":1,"settings":[]},{"chunk_properties":[],"field":85,"settings":{"pattern_list":"referringChunks,referringTemplates","pattern_name":"[[+pattern_name]]"}}]},"settings":{"padding":"relaxed","alignment":"","divider":"divided"},"parent":78}],"fieldId":"contentblocks-field-15"}}],"field":76,"settings":{"layout_type":"accordion","accordion_type":"fluid styled","padding":"padded","tab_type":"regular"}},{"rows":[{"heading":{"value":"[[%romanesco.patterns.purpose_title]]","fieldId":"contentblocks-field-21"},"heading_subtitle":{"value":"","fieldId":"contentblocks-field-22"},"heading_icon":{"url":"","size":"","width":"","height":"","extension":"","fieldId":"contentblocks-field-23"},"content":{"child_layouts":[{"layout":7,"content":{"main":[{"value":"<p>It will appear as if the autoresponder was sent from this email address.<\/p>","field":6,"settings":[]}]},"settings":[],"parent":78}],"fieldId":"contentblocks-field-24"}},{"heading":{"value":"[[%romanesco.patterns.specifications_title]]","fieldId":"contentblocks-field-26"},"heading_subtitle":{"value":"","fieldId":"contentblocks-field-27"},"heading_icon":{"url":"","size":"","width":"","height":"","extension":"","fieldId":"contentblocks-field-28"},"content":{"child_layouts":[{"layout":7,"content":{"main":[{"value":"{\n    \"caption\": \"Autoresponder FROM address\",\n    \"name\": \"fb_autoresponder_from\",\n    \"description\": \"Optional. This is the address where the messages appear to be sent from. Can be a non-existing address, like noreply@yourdomain.com. Defaults to emailsender system setting.\",\n    \"category\": \"Autoresponder\",\n    \"sortOrder\": \"2\",\n    \"type\": \"email\",\n    \"templates\": [\"fbForm\"]\n}","lang":"json","field":83,"settings":[]}]},"settings":[],"parent":78}],"fieldId":"contentblocks-field-29"}},{"heading":{"value":"[[%romanesco.patterns.references_title]]","fieldId":"contentblocks-field-31"},"heading_subtitle":{"value":"","fieldId":"contentblocks-field-32"},"heading_icon":{"url":"","size":"","width":"","height":"","extension":"","fieldId":"contentblocks-field-33"},"content":{"child_layouts":[{"layout":12,"content":{"col_1":[{"value":"[[%romanesco.patterns.assigned_templates]]","level":"h5","field":1,"settings":[]},{"chunk_properties":[],"field":85,"settings":{"pattern_list":"assignedTemplates","pattern_name":"[[+pattern_name]]"}}],"col_2":[{"value":"[[%romanesco.patterns.referring_patterns]]","level":"h5","field":1,"settings":[]},{"chunk_properties":[],"field":85,"settings":{"pattern_list":"referringChunks,referringTemplates","pattern_name":"[[+pattern_name]]"}}]},"settings":{"padding":"relaxed","alignment":"","divider":"divided"},"parent":78}],"fieldId":"contentblocks-field-34"}}],"field":76,"settings":{"layout_type":"accordion","accordion_type":"fluid styled","padding":"padded","tab_type":"regular"}},{"rows":[{"heading":{"value":"[[%romanesco.patterns.purpose_title]]","fieldId":"contentblocks-field-40"},"heading_subtitle":{"value":"","fieldId":"contentblocks-field-41"},"heading_icon":{"url":"","size":"","width":"","height":"","extension":"","fieldId":"contentblocks-field-42"},"content":{"child_layouts":[{"layout":7,"content":{"main":[{"value":"<p>It will appear as if the autoresponder was sent by this person or organization.<\/p>","field":6,"settings":[]}]},"settings":[],"parent":78}],"fieldId":"contentblocks-field-43"}},{"heading":{"value":"[[%romanesco.patterns.specifications_title]]","fieldId":"contentblocks-field-45"},"heading_subtitle":{"value":"","fieldId":"contentblocks-field-46"},"heading_icon":{"url":"","size":"","width":"","height":"","extension":"","fieldId":"contentblocks-field-47"},"content":{"child_layouts":[{"layout":7,"content":{"main":[{"value":"{\n    \"caption\": \"Autoresponder FROM name\",\n    \"name\": \"fb_autoresponder_from_name\",\n    \"description\": \"Optional. This is the name that will (probably) be visible in the recipients' inbox. Defaults to site_name system setting.\",\n    \"category\": \"Autoresponder\",\n    \"sortOrder\": \"3\",\n    \"type\": \"text\",\n    \"templates\": [\"fbForm\"]\n}","lang":"json","field":83,"settings":[]}]},"settings":[],"parent":78}],"fieldId":"contentblocks-field-48"}},{"heading":{"value":"[[%romanesco.patterns.references_title]]","fieldId":"contentblocks-field-50"},"heading_subtitle":{"value":"","fieldId":"contentblocks-field-51"},"heading_icon":{"url":"","size":"","width":"","height":"","extension":"","fieldId":"contentblocks-field-52"},"content":{"child_layouts":[{"layout":12,"content":{"col_1":[{"value":"[[%romanesco.patterns.assigned_templates]]","level":"h5","field":1,"settings":[]},{"chunk_properties":[],"field":85,"settings":{"pattern_list":"assignedTemplates","pattern_name":"[[+pattern_name]]"}}],"col_2":[{"value":"[[%romanesco.patterns.referring_patterns]]","level":"h5","field":1,"settings":[]},{"chunk_properties":[],"field":85,"settings":{"pattern_list":"referringChunks,referringTemplates","pattern_name":"[[+pattern_name]]"}}]},"settings":{"padding":"relaxed","alignment":"","divider":"divided"},"parent":78}],"fieldId":"contentblocks-field-53"}}],"field":76,"settings":{"layout_type":"accordion","accordion_type":"fluid styled","padding":"padded","tab_type":"regular"}},{"rows":[{"heading":{"value":"[[%romanesco.patterns.purpose_title]]","fieldId":"contentblocks-field-59"},"heading_subtitle":{"value":"","fieldId":"contentblocks-field-60"},"heading_icon":{"url":"","size":"","width":"","height":"","extension":"","fieldId":"contentblocks-field-61"},"content":{"child_layouts":[{"layout":7,"content":{"main":[{"value":"<p>Control to which email address a direct response from the form submitter will be sent. In other words: if the form submitter uses the \"reply\" button in his or her email client, that message will go to this email address.<br>\n<\/p><p>This is for cases where you might want to use a different address than the one in <a href=\"[[~[[*id]]]]#fb_autoresponder_from\">fb_autoresponder_from<\/a>. For example: use website@example.com as from address, but receive replies on support@example.com.<br>\n<\/p>","field":6,"settings":[]}]},"settings":[],"parent":78}],"fieldId":"contentblocks-field-62"}},{"heading":{"value":"[[%romanesco.patterns.specifications_title]]","fieldId":"contentblocks-field-64"},"heading_subtitle":{"value":"","fieldId":"contentblocks-field-65"},"heading_icon":{"url":"","size":"","width":"","height":"","extension":"","fieldId":"contentblocks-field-66"},"content":{"child_layouts":[{"layout":7,"content":{"main":[{"value":"{\n    \"caption\": \"Autoresponder REPLY TO address\",\n    \"name\": \"fb_autoresponder_reply_to\",\n    \"description\": \"Optional. This address will be used when recipient replies to this message directly. Defaults to respectively the client_email and emailsender system setting.\",\n    \"category\": \"Autoresponder\",\n    \"sortOrder\": \"4\",\n    \"type\": \"email\",\n    \"templates\": [\"fbForm\"]\n}","lang":"json","field":83,"settings":[]}]},"settings":[],"parent":78}],"fieldId":"contentblocks-field-67"}},{"heading":{"value":"[[%romanesco.patterns.references_title]]","fieldId":"contentblocks-field-69"},"heading_subtitle":{"value":"","fieldId":"contentblocks-field-70"},"heading_icon":{"url":"","size":"","width":"","height":"","extension":"","fieldId":"contentblocks-field-71"},"content":{"child_layouts":[{"layout":12,"content":{"col_1":[{"value":"[[%romanesco.patterns.assigned_templates]]","level":"h5","field":1,"settings":[]},{"chunk_properties":[],"field":85,"settings":{"pattern_list":"assignedTemplates","pattern_name":"[[+pattern_name]]"}}],"col_2":[{"value":"[[%romanesco.patterns.referring_patterns]]","level":"h5","field":1,"settings":[]},{"chunk_properties":[],"field":85,"settings":{"pattern_list":"referringChunks,referringTemplates","pattern_name":"[[+pattern_name]]"}}]},"settings":{"padding":"relaxed","alignment":"","divider":"divided"},"parent":78}],"fieldId":"contentblocks-field-72"}}],"field":76,"settings":{"layout_type":"accordion","accordion_type":"fluid styled","padding":"padded","tab_type":"regular"}},{"rows":[{"heading":{"value":"[[%romanesco.patterns.purpose_title]]","fieldId":"contentblocks-field-78"},"heading_subtitle":{"value":"","fieldId":"contentblocks-field-79"},"heading_icon":{"url":"","size":"","width":"","height":"","extension":"","fieldId":"contentblocks-field-80"},"content":{"child_layouts":[{"layout":7,"content":{"main":[{"value":"<p>Provide a subject line for your autoresponse message.<\/p>","field":6,"settings":[]}]},"settings":[],"parent":78}],"fieldId":"contentblocks-field-81"}},{"heading":{"value":"[[%romanesco.patterns.specifications_title]]","fieldId":"contentblocks-field-83"},"heading_subtitle":{"value":"","fieldId":"contentblocks-field-84"},"heading_icon":{"url":"","size":"","width":"","height":"","extension":"","fieldId":"contentblocks-field-85"},"content":{"child_layouts":[{"layout":7,"content":{"main":[{"value":"{\n    \"caption\": \"Autoresponse subject\",\n    \"name\": \"fb_autoresponder_subject\",\n    \"description\": \"\",\n    \"category\": \"Autoresponder\",\n    \"sortOrder\": \"10\",\n    \"type\": \"text\",\n    \"templates\": [\"fbForm\"]\n}","lang":"json","field":83,"settings":[]}]},"settings":[],"parent":78}],"fieldId":"contentblocks-field-86"}},{"heading":{"value":"[[%romanesco.patterns.references_title]]","fieldId":"contentblocks-field-88"},"heading_subtitle":{"value":"","fieldId":"contentblocks-field-89"},"heading_icon":{"url":"","size":"","width":"","height":"","extension":"","fieldId":"contentblocks-field-90"},"content":{"child_layouts":[{"layout":12,"content":{"col_1":[{"value":"[[%romanesco.patterns.assigned_templates]]","level":"h5","field":1,"settings":[]},{"chunk_properties":[],"field":85,"settings":{"pattern_list":"assignedTemplates","pattern_name":"[[+pattern_name]]"}}],"col_2":[{"value":"[[%romanesco.patterns.referring_patterns]]","level":"h5","field":1,"settings":[]},{"chunk_properties":[],"field":85,"settings":{"pattern_list":"referringChunks,referringTemplates","pattern_name":"[[+pattern_name]]"}}]},"settings":{"padding":"relaxed","alignment":"","divider":"divided"},"parent":78}],"fieldId":"contentblocks-field-91"}}],"field":76,"settings":{"layout_type":"accordion","accordion_type":"fluid styled","padding":"padded","tab_type":"regular"}},{"rows":[{"heading":{"value":"[[%romanesco.patterns.purpose_title]]","fieldId":"contentblocks-field-97"},"heading_subtitle":{"value":"","fieldId":"contentblocks-field-98"},"heading_icon":{"url":"","size":"","width":"","height":"","extension":"","fieldId":"contentblocks-field-99"},"content":{"child_layouts":[{"layout":7,"content":{"main":[{"value":"<p>Lets you write the autoresponse message in a text editor. You can personalize the message with placeholders from the form fields.<\/p>","field":6,"settings":[]}]},"settings":[],"parent":78}],"fieldId":"contentblocks-field-100"}},{"heading":{"value":"[[%romanesco.patterns.specifications_title]]","fieldId":"contentblocks-field-102"},"heading_subtitle":{"value":"","fieldId":"contentblocks-field-103"},"heading_icon":{"url":"","size":"","width":"","height":"","extension":"","fieldId":"contentblocks-field-104"},"content":{"child_layouts":[{"layout":7,"content":{"main":[{"value":"{\n    \"caption\": \"Autoresponse subject\",\n    \"name\": \"fb_autoresponder_subject\",\n    \"description\": \"\",\n    \"category\": \"Autoresponder\",\n    \"sortOrder\": \"10\",\n    \"type\": \"text\",\n    \"templates\": [\"fbForm\"]\n}","lang":"json","field":83,"settings":[]}]},"settings":[],"parent":78}],"fieldId":"contentblocks-field-105"}},{"heading":{"value":"[[%romanesco.patterns.references_title]]","fieldId":"contentblocks-field-107"},"heading_subtitle":{"value":"","fieldId":"contentblocks-field-108"},"heading_icon":{"url":"","size":"","width":"","height":"","extension":"","fieldId":"contentblocks-field-109"},"content":{"child_layouts":[{"layout":12,"content":{"col_1":[{"value":"[[%romanesco.patterns.assigned_templates]]","level":"h5","field":1,"settings":[]},{"chunk_properties":[],"field":85,"settings":{"pattern_list":"assignedTemplates","pattern_name":"[[+pattern_name]]"}}],"col_2":[{"value":"[[%romanesco.patterns.referring_patterns]]","level":"h5","field":1,"settings":[]},{"chunk_properties":[],"field":85,"settings":{"pattern_list":"referringChunks,referringTemplates","pattern_name":"[[+pattern_name]]"}}]},"settings":{"padding":"relaxed","alignment":"","divider":"divided"},"parent":78}],"fieldId":"contentblocks-field-110"}}],"field":76,"settings":{"layout_type":"accordion","accordion_type":"fluid styled","padding":"padded","tab_type":"regular"}}],"fieldcounts":{"76":6},"_isContentBlocks":true}}