{"contentblocks":{"content":"[{\"layout\":1,\"content\":{\"main\":[{\"chunk_properties\":{},\"field\":19,\"settings\":{\"cols\":\"four\",\"show_introtext\":\"0\",\"link_text\":\"\",\"row_tpl\":\"overviewRowBasicLinkCard\",\"show_subtitle\":\"1\",\"parent\":\"[[*id]]\",\"title_field\":\"menutitle\",\"title_hierarchy\":\"h3\",\"depth\":\"0\",\"limit\":\"99\",\"show_hidden\":\"0\",\"sortby\":\"menuindex\",\"pagination\":\"0\",\"img_type\":\"landscape\",\"icon_type\":\"svg\",\"padding\":\"regular\",\"de_emphasize\":\"1\"}}]},\"settings\":[],\"parent\":0,\"title\":\"\"}]","linear":[{"chunk_properties":[],"field":19,"settings":{"cols":"four","show_introtext":"0","link_text":"","row_tpl":"overviewRowBasicLinkCard","show_subtitle":"1","parent":"[[*id]]","title_field":"menutitle","title_hierarchy":"h3","depth":"0","limit":"99","show_hidden":"0","sortby":"menuindex","pagination":"0","img_type":"landscape","icon_type":"svg","padding":"regular","de_emphasize":"1"}}],"fieldcounts":{"19":1},"_isContentBlocks":true}}