{"contentblocks":{"content":"[{\"layout\":1,\"content\":{\"main\":[{\"value\":\"Romanesco pattern library\",\"level\":\"h1\",\"field\":25,\"settings\":{\"subtitle\":\"Structured according to the Atomic Design principles\",\"alignment\":\"center aligned\"}},{\"chunk_properties\":{},\"field\":19,\"settings\":{\"cols\":\"three\",\"row_tpl\":\"overviewRowBasicLinkCard\",\"show_subtitle\":\"1\",\"show_introtext\":\"0\",\"link_text\":\"\",\"parent\":\"[[*id]]\",\"title_field\":\"menutitle\",\"title_hierarchy\":\"h2\",\"depth\":\"0\",\"limit\":\"99\",\"show_hidden\":\"0\",\"sortby\":\"menuindex\",\"pagination\":\"0\",\"img_type\":\"[[$cbSettingImgType]]\",\"icon_type\":\"svg\",\"padding\":\"regular\",\"de_emphasize\":\"0\"}}]},\"settings\":{\"background\":\"white\",\"container_type\":\"\",\"alignment\":\"\"},\"parent\":0,\"title\":\"\"},{\"layout\":1,\"content\":{\"main\":[{\"child_layouts\":[{\"layout\":12,\"content\":{\"col_1\":[{\"value\":\"<h2>Purpose<\/h2><p>The goal of this front-end pattern library is to give you an overview of all the available patterns in the system. It briefly describes the purpose of each pattern, informs you about potential caveats and shows its relationships to other patterns.\\n<\/p><p>Some patterns are accompanied by a Backyard button. This will take you to a sandbox page, which showcases how that pattern looks and behaves in real life. You can also use these pages as your playground, to fiddle with the components and try out new things (or fix bugs).<\/p>\",\"field\":\"\",\"settings\":[]},{\"value\":\"<p>Please note that all pages that were originally included in this front-end library are reset to their default content when you update or \\nreinstall the Romanesco Backyard package.<\/p><p>You can use this to your advantage: mess up the place to your hearts content and then simply reinstall the package to undo the damage. But if you want to keep any \\nchanges you make in the Backyard, you''ll have to duplicate that page and\\n give it a unique pagetitle. This way the installer won''t see it as part of the package and will therefore leave it alone.<\/p>\",\"field\":79,\"settings\":{\"message_type\":\"warning\"}}],\"col_2\":[{\"value\":\"<h2>Possible use cases\\n<\/h2><ul>\\n\\t<li>Testing environment for developing new components<\/li>\\n\\t<li>Visual aid during front-end styling edits<\/li>\\n\\t\\n\\t<li>Tool to navigate all available patterns<\/li><li>Playground to learn how the system works and explore new possibilities<\/li><li>Rapid prototyping tool for creating layouts in HTML<\/li>\\n<\/ul>\",\"field\":6,\"settings\":[]},{\"value\":\"<h2>Contributing<br><\/h2><p>One crucial requirement is that this pattern\\n library, like the patterns themselves, should be interchangeable \\nbetween Romanesco projects. In order to make this work, the following \\nrules apply:\\n<\/p><ul><li>The front-end library is composed of resources.<\/li><li>The resources follow the structure of the elements inside the Romanesco Patterns package.<\/li><li>The resources are installed through the Romanesco Backyard package (which is created with <a href=\\\"http:\/\/theboxer.github.io\/Git-Package-Management\/\\\" target=\\\"_blank\\\">Git Package Management<\/a>).<\/li><li>Because of this, the resources will receive a unique ID from the installer. So resources cannot contain links to other resources based on their ID!<\/li><\/ul><p>For more information, check out <a target=\\\"_blank\\\" href=\\\"https:\/\/github.com\/hugopeek\/romanesco-backyard\\\">Romanesco Backyard on Github<\/a>.<\/p>\",\"field\":6,\"settings\":[]}]},\"settings\":{\"padding\":\"very relaxed\",\"alignment\":\"\",\"divider\":\" \"},\"parent\":17}],\"field\":17,\"settings\":[]}]},\"settings\":[],\"parent\":0,\"title\":\"\"}]","linear":[{"value":"Romanesco pattern library","level":"h1","field":25,"settings":{"subtitle":"Structured according to the Atomic Design principles","alignment":"center aligned"}},{"chunk_properties":[],"field":19,"settings":{"cols":"three","row_tpl":"overviewRowBasicLinkCard","show_subtitle":"1","show_introtext":"0","link_text":"","parent":"[[*id]]","title_field":"menutitle","title_hierarchy":"h2","depth":"0","limit":"99","show_hidden":"0","sortby":"menuindex","pagination":"0","img_type":"[[$cbSettingImgType]]","icon_type":"svg","padding":"regular","de_emphasize":"0"}},{"child_layouts":[{"layout":12,"content":{"col_1":[{"value":"<h2>Purpose<\/h2><p>The goal of this front-end pattern library is to give you an overview of all the available patterns in the system. It briefly describes the purpose of each pattern, informs you about potential caveats and shows its relationships to other patterns.\n<\/p><p>Some patterns are accompanied by a Backyard button. This will take you to a sandbox page, which showcases how that pattern looks and behaves in real life. You can also use these pages as your playground, to fiddle with the components and try out new things (or fix bugs).<\/p>","field":"","settings":[]},{"value":"<p>Please note that all pages that were originally included in this front-end library are reset to their default content when you update or \nreinstall the Romanesco Backyard package.<\/p><p>You can use this to your advantage: mess up the place to your hearts content and then simply reinstall the package to undo the damage. But if you want to keep any \nchanges you make in the Backyard, you''ll have to duplicate that page and\n give it a unique pagetitle. This way the installer won''t see it as part of the package and will therefore leave it alone.<\/p>","field":79,"settings":{"message_type":"warning"}}],"col_2":[{"value":"<h2>Possible use cases\n<\/h2><ul>\n\t<li>Testing environment for developing new components<\/li>\n\t<li>Visual aid during front-end styling edits<\/li>\n\t\n\t<li>Tool to navigate all available patterns<\/li><li>Playground to learn how the system works and explore new possibilities<\/li><li>Rapid prototyping tool for creating layouts in HTML<\/li>\n<\/ul>","field":6,"settings":[]},{"value":"<h2>Contributing<br><\/h2><p>One crucial requirement is that this pattern\n library, like the patterns themselves, should be interchangeable \nbetween Romanesco projects. In order to make this work, the following \nrules apply:\n<\/p><ul><li>The front-end library is composed of resources.<\/li><li>The resources follow the structure of the elements inside the Romanesco Patterns package.<\/li><li>The resources are installed through the Romanesco Backyard package (which is created with <a href=\"http:\/\/theboxer.github.io\/Git-Package-Management\/\" target=\"_blank\">Git Package Management<\/a>).<\/li><li>Because of this, the resources will receive a unique ID from the installer. So resources cannot contain links to other resources based on their ID!<\/li><\/ul><p>For more information, check out <a target=\"_blank\" href=\"https:\/\/github.com\/hugopeek\/romanesco-backyard\">Romanesco Backyard on Github<\/a>.<\/p>","field":6,"settings":[]}]},"settings":{"padding":"very relaxed","alignment":"","divider":" "},"parent":17}],"field":17,"settings":[]},{"value":"<h2>Purpose<\/h2><p>The goal of this front-end pattern library is to give you an overview of all the available patterns in the system. It briefly describes the purpose of each pattern, informs you about potential caveats and shows its relationships to other patterns.\n<\/p><p>Some patterns are accompanied by a Backyard button. This will take you to a sandbox page, which showcases how that pattern looks and behaves in real life. You can also use these pages as your playground, to fiddle with the components and try out new things (or fix bugs).<\/p>","field":"","settings":[]},{"value":"<p>Please note that all pages that were originally included in this front-end library are reset to their default content when you update or \nreinstall the Romanesco Backyard package.<\/p><p>You can use this to your advantage: mess up the place to your hearts content and then simply reinstall the package to undo the damage. But if you want to keep any \nchanges you make in the Backyard, you''ll have to duplicate that page and\n give it a unique pagetitle. This way the installer won''t see it as part of the package and will therefore leave it alone.<\/p>","field":79,"settings":{"message_type":"warning"}},{"value":"<h2>Possible use cases\n<\/h2><ul>\n\t<li>Testing environment for developing new components<\/li>\n\t<li>Visual aid during front-end styling edits<\/li>\n\t\n\t<li>Tool to navigate all available patterns<\/li><li>Playground to learn how the system works and explore new possibilities<\/li><li>Rapid prototyping tool for creating layouts in HTML<\/li>\n<\/ul>","field":6,"settings":[]},{"value":"<h2>Contributing<br><\/h2><p>One crucial requirement is that this pattern\n library, like the patterns themselves, should be interchangeable \nbetween Romanesco projects. In order to make this work, the following \nrules apply:\n<\/p><ul><li>The front-end library is composed of resources.<\/li><li>The resources follow the structure of the elements inside the Romanesco Patterns package.<\/li><li>The resources are installed through the Romanesco Backyard package (which is created with <a href=\"http:\/\/theboxer.github.io\/Git-Package-Management\/\" target=\"_blank\">Git Package Management<\/a>).<\/li><li>Because of this, the resources will receive a unique ID from the installer. So resources cannot contain links to other resources based on their ID!<\/li><\/ul><p>For more information, check out <a target=\"_blank\" href=\"https:\/\/github.com\/hugopeek\/romanesco-backyard\">Romanesco Backyard on Github<\/a>.<\/p>","field":6,"settings":[]}],"fieldcounts":{"25":1,"19":1,"17":1,"":1,"79":1,"6":2},"_isContentBlocks":true}}