{"contentblocks":{"content":"[{\"layout\":1,\"content\":{\"main\":[{\"chunk_properties\":{},\"field\":19,\"settings\":{\"cols\":\"three\",\"show_introtext\":\"1\",\"link_text\":\"Learn more\",\"row_tpl\":\"overviewRowBasicCard\",\"show_subtitle\":\"0\",\"parent\":\"[[*id]]\",\"title_field\":\"menutitle\",\"title_hierarchy\":\"h3\",\"depth\":\"0\",\"limit\":\"99\",\"show_hidden\":\"0\",\"sortby\":\"menuindex\",\"pagination\":\"0\",\"img_type\":\"[[$cbSettingImageType]]\",\"icon_type\":\"svg\",\"padding\":\"regular\",\"de_emphasize\":\"1\"}}]},\"settings\":{},\"parent\":0,\"title\":\"\"},{\"layout\":17,\"content\":{\"preview\":[{\"value\":\"{{PLACE EXAMPLE HERE}}\",\"lang\":\"html\",\"field\":14,\"settings\":[]}],\"code\":[{\"value\":\"[[Rowboat?\\n    &table=`modx_site_htmlsnippets`\\n    &tpl=`displayRawElement`\\n    &where=`{\\\"name\\\":\\\"[[+pattern_name]]\\\"}`\\n]]\",\"lang\":\"html\",\"field\":86,\"settings\":{\"label\":\"[[%romanesco.patterns.code_label]]\"}}],\"info\":[{\"rows\":[{\"heading\":{\"value\":\"[[%romanesco.patterns.purpose_title]]\",\"fieldId\":\"contentblocks-field-6\"},\"content\":{\"child_layouts\":[{\"layout\":7,\"content\":{\"main\":[{\"value\":\"\",\"field\":6,\"settings\":[]}]},\"settings\":[],\"parent\":78}],\"fieldId\":\"contentblocks-field-7\"}},{\"heading\":{\"value\":\"[[%romanesco.patterns.usage_title]]\",\"fieldId\":\"contentblocks-field-9\"},\"content\":{\"child_layouts\":[{\"layout\":7,\"content\":{\"main\":[{\"value\":\"\",\"field\":6,\"settings\":[]}]},\"settings\":[],\"parent\":78}],\"fieldId\":\"contentblocks-field-10\"}},{\"heading\":{\"value\":\"[[%romanesco.patterns.references_title]]\",\"fieldId\":\"contentblocks-field-12\"},\"content\":{\"child_layouts\":[{\"layout\":12,\"content\":{\"col_1\":[{\"value\":\"[[%romanesco.patterns.included_patterns]]\",\"level\":\"h5\",\"field\":1,\"settings\":[]},{\"chunk_properties\":{},\"field\":84,\"settings\":{\"pattern_list\":\"includedChunks,includedSnippets,includedTVs\",\"pattern_name\":\"[[+pattern_name]]\"}}],\"col_2\":[{\"value\":\"[[%romanesco.patterns.referring_patterns]]\",\"level\":\"h5\",\"field\":1,\"settings\":[]},{\"chunk_properties\":{},\"field\":85,\"settings\":{\"pattern_list\":\"referringChunks,referringSnippets,referringTemplates\",\"pattern_name\":\"[[+pattern_name]]\"}}]},\"settings\":{\"padding\":\"relaxed\",\"alignment\":\"\",\"divider\":\"divided\"},\"parent\":78}],\"fieldId\":\"contentblocks-field-13\"}}],\"field\":76,\"settings\":{\"layout_type\":\"tabs\",\"accordion_type\":\"\",\"tab_type\":\"regular\",\"padding\":\"padded\"}}]},\"settings\":{\"background\":\"white\",\"container_type\":\"\",\"sidebar_width\":\"five\",\"alignment\":\"\",\"pattern_name\":\"overviewRow\",\"pattern_template\":\"patternLayoutMolecule\"},\"parent\":0,\"title\":\"\"},{\"layout\":17,\"content\":{\"preview\":[{\"value\":\"{{PLACE EXAMPLE HERE}}\",\"lang\":\"html\",\"field\":14,\"settings\":[]}],\"code\":[{\"value\":\"[[Rowboat?\\n    &table=`modx_site_htmlsnippets`\\n    &tpl=`displayRawElement`\\n    &where=`{\\\"name\\\":\\\"[[+pattern_name]]\\\"}`\\n]]\",\"lang\":\"html\",\"field\":86,\"settings\":{\"label\":\"[[%romanesco.patterns.code_label]]\"}}],\"info\":[{\"rows\":[{\"heading\":{\"value\":\"[[%romanesco.patterns.purpose_title]]\",\"fieldId\":\"contentblocks-field-21\"},\"content\":{\"child_layouts\":[{\"layout\":7,\"content\":{\"main\":[{\"value\":\"\",\"field\":6,\"settings\":[]}]},\"settings\":[],\"parent\":78}],\"fieldId\":\"contentblocks-field-22\"}},{\"heading\":{\"value\":\"[[%romanesco.patterns.usage_title]]\",\"fieldId\":\"contentblocks-field-24\"},\"content\":{\"child_layouts\":[{\"layout\":7,\"content\":{\"main\":[{\"value\":\"\",\"field\":6,\"settings\":[]}]},\"settings\":[],\"parent\":78}],\"fieldId\":\"contentblocks-field-25\"}},{\"heading\":{\"value\":\"[[%romanesco.patterns.references_title]]\",\"fieldId\":\"contentblocks-field-27\"},\"content\":{\"child_layouts\":[{\"layout\":12,\"content\":{\"col_1\":[{\"value\":\"[[%romanesco.patterns.included_patterns]]\",\"level\":\"h5\",\"field\":1,\"settings\":[]},{\"chunk_properties\":{},\"field\":84,\"settings\":{\"pattern_list\":\"includedChunks,includedSnippets,includedTVs\",\"pattern_name\":\"[[+pattern_name]]\"}}],\"col_2\":[{\"value\":\"[[%romanesco.patterns.referring_patterns]]\",\"level\":\"h5\",\"field\":1,\"settings\":[]},{\"chunk_properties\":{},\"field\":85,\"settings\":{\"pattern_list\":\"referringChunks,referringSnippets,referringTemplates\",\"pattern_name\":\"[[+pattern_name]]\"}}]},\"settings\":{\"padding\":\"relaxed\",\"alignment\":\"\",\"divider\":\"divided\"},\"parent\":78}],\"fieldId\":\"contentblocks-field-28\"}}],\"field\":76,\"settings\":{\"layout_type\":\"tabs\",\"accordion_type\":\"\",\"tab_type\":\"regular\",\"padding\":\"padded\"}}]},\"settings\":{\"background\":\"white\",\"container_type\":\"\",\"sidebar_width\":\"five\",\"alignment\":\"\",\"pattern_name\":\"overviewRowLink\",\"pattern_template\":\"patternLayoutMolecule\"},\"parent\":0,\"title\":\"\"},{\"layout\":17,\"content\":{\"preview\":[{\"value\":\"{{PLACE EXAMPLE HERE}}\",\"lang\":\"html\",\"field\":14,\"settings\":[]}],\"code\":[{\"value\":\"[[Rowboat?\\n    &table=`modx_site_htmlsnippets`\\n    &tpl=`displayRawElement`\\n    &where=`{\\\"name\\\":\\\"[[+pattern_name]]\\\"}`\\n]]\",\"lang\":\"html\",\"field\":86,\"settings\":{\"label\":\"[[%romanesco.patterns.code_label]]\"}}],\"info\":[{\"rows\":[{\"heading\":{\"value\":\"[[%romanesco.patterns.purpose_title]]\",\"fieldId\":\"contentblocks-field-36\"},\"content\":{\"child_layouts\":[{\"layout\":7,\"content\":{\"main\":[{\"value\":\"\",\"field\":6,\"settings\":[]}]},\"settings\":[],\"parent\":78}],\"fieldId\":\"contentblocks-field-37\"}},{\"heading\":{\"value\":\"[[%romanesco.patterns.usage_title]]\",\"fieldId\":\"contentblocks-field-39\"},\"content\":{\"child_layouts\":[{\"layout\":7,\"content\":{\"main\":[{\"value\":\"\",\"field\":6,\"settings\":[]}]},\"settings\":[],\"parent\":78}],\"fieldId\":\"contentblocks-field-40\"}},{\"heading\":{\"value\":\"[[%romanesco.patterns.references_title]]\",\"fieldId\":\"contentblocks-field-42\"},\"content\":{\"child_layouts\":[{\"layout\":12,\"content\":{\"col_1\":[{\"value\":\"[[%romanesco.patterns.included_patterns]]\",\"level\":\"h5\",\"field\":1,\"settings\":[]},{\"chunk_properties\":{},\"field\":84,\"settings\":{\"pattern_list\":\"includedChunks,includedSnippets,includedTVs\",\"pattern_name\":\"[[+pattern_name]]\"}}],\"col_2\":[{\"value\":\"[[%romanesco.patterns.referring_patterns]]\",\"level\":\"h5\",\"field\":1,\"settings\":[]},{\"chunk_properties\":{},\"field\":85,\"settings\":{\"pattern_list\":\"referringChunks,referringSnippets,referringTemplates\",\"pattern_name\":\"[[+pattern_name]]\"}}]},\"settings\":{\"padding\":\"relaxed\",\"alignment\":\"\",\"divider\":\"divided\"},\"parent\":78}],\"fieldId\":\"contentblocks-field-43\"}}],\"field\":76,\"settings\":{\"layout_type\":\"tabs\",\"accordion_type\":\"\",\"tab_type\":\"regular\",\"padding\":\"padded\"}}]},\"settings\":{\"background\":\"white\",\"container_type\":\"\",\"sidebar_width\":\"five\",\"alignment\":\"\",\"pattern_name\":\"overviewRowList\",\"pattern_template\":\"patternLayoutMolecule\"},\"parent\":0,\"title\":\"\"},{\"layout\":17,\"content\":{\"preview\":[{\"value\":\"{{PLACE EXAMPLE HERE}}\",\"lang\":\"html\",\"field\":14,\"settings\":[]}],\"code\":[{\"value\":\"[[Rowboat?\\n    &table=`modx_site_htmlsnippets`\\n    &tpl=`displayRawElement`\\n    &where=`{\\\"name\\\":\\\"[[+pattern_name]]\\\"}`\\n]]\",\"lang\":\"html\",\"field\":86,\"settings\":{\"label\":\"[[%romanesco.patterns.code_label]]\"}}],\"info\":[{\"rows\":[{\"heading\":{\"value\":\"[[%romanesco.patterns.purpose_title]]\",\"fieldId\":\"contentblocks-field-51\"},\"content\":{\"child_layouts\":[{\"layout\":7,\"content\":{\"main\":[{\"value\":\"\",\"field\":6,\"settings\":[]}]},\"settings\":[],\"parent\":78}],\"fieldId\":\"contentblocks-field-52\"}},{\"heading\":{\"value\":\"[[%romanesco.patterns.usage_title]]\",\"fieldId\":\"contentblocks-field-54\"},\"content\":{\"child_layouts\":[{\"layout\":7,\"content\":{\"main\":[{\"value\":\"\",\"field\":6,\"settings\":[]}]},\"settings\":[],\"parent\":78}],\"fieldId\":\"contentblocks-field-55\"}},{\"heading\":{\"value\":\"[[%romanesco.patterns.references_title]]\",\"fieldId\":\"contentblocks-field-57\"},\"content\":{\"child_layouts\":[{\"layout\":12,\"content\":{\"col_1\":[{\"value\":\"[[%romanesco.patterns.included_patterns]]\",\"level\":\"h5\",\"field\":1,\"settings\":[]},{\"chunk_properties\":{},\"field\":84,\"settings\":{\"pattern_list\":\"includedChunks,includedSnippets,includedTVs\",\"pattern_name\":\"[[+pattern_name]]\"}}],\"col_2\":[{\"value\":\"[[%romanesco.patterns.referring_patterns]]\",\"level\":\"h5\",\"field\":1,\"settings\":[]},{\"chunk_properties\":{},\"field\":85,\"settings\":{\"pattern_list\":\"referringChunks,referringSnippets,referringTemplates\",\"pattern_name\":\"[[+pattern_name]]\"}}]},\"settings\":{\"padding\":\"relaxed\",\"alignment\":\"\",\"divider\":\"divided\"},\"parent\":78}],\"fieldId\":\"contentblocks-field-58\"}}],\"field\":76,\"settings\":{\"layout_type\":\"tabs\",\"accordion_type\":\"\",\"tab_type\":\"regular\",\"padding\":\"padded\"}}]},\"settings\":{\"background\":\"white\",\"container_type\":\"\",\"sidebar_width\":\"five\",\"alignment\":\"\",\"pattern_name\":\"overviewRowFluid\",\"pattern_template\":\"patternLayoutMolecule\"},\"parent\":0,\"title\":\"\"},{\"layout\":17,\"content\":{\"preview\":[{\"value\":\"{{PLACE EXAMPLE HERE}}\",\"lang\":\"html\",\"field\":14,\"settings\":[]}],\"code\":[{\"value\":\"[[Rowboat?\\n    &table=`modx_site_htmlsnippets`\\n    &tpl=`displayRawElement`\\n    &where=`{\\\"name\\\":\\\"[[+pattern_name]]\\\"}`\\n]]\",\"lang\":\"html\",\"field\":86,\"settings\":{\"label\":\"[[%romanesco.patterns.code_label]]\"}}],\"info\":[{\"rows\":[{\"heading\":{\"value\":\"[[%romanesco.patterns.purpose_title]]\",\"fieldId\":\"contentblocks-field-66\"},\"content\":{\"child_layouts\":[{\"layout\":7,\"content\":{\"main\":[{\"value\":\"\",\"field\":6,\"settings\":[]}]},\"settings\":[],\"parent\":78}],\"fieldId\":\"contentblocks-field-67\"}},{\"heading\":{\"value\":\"[[%romanesco.patterns.usage_title]]\",\"fieldId\":\"contentblocks-field-69\"},\"content\":{\"child_layouts\":[{\"layout\":7,\"content\":{\"main\":[{\"value\":\"\",\"field\":6,\"settings\":[]}]},\"settings\":[],\"parent\":78}],\"fieldId\":\"contentblocks-field-70\"}},{\"heading\":{\"value\":\"[[%romanesco.patterns.references_title]]\",\"fieldId\":\"contentblocks-field-72\"},\"content\":{\"child_layouts\":[{\"layout\":12,\"content\":{\"col_1\":[{\"value\":\"[[%romanesco.patterns.included_patterns]]\",\"level\":\"h5\",\"field\":1,\"settings\":[]},{\"chunk_properties\":{},\"field\":84,\"settings\":{\"pattern_list\":\"includedChunks,includedSnippets,includedTVs\",\"pattern_name\":\"[[+pattern_name]]\"}}],\"col_2\":[{\"value\":\"[[%romanesco.patterns.referring_patterns]]\",\"level\":\"h5\",\"field\":1,\"settings\":[]},{\"chunk_properties\":{},\"field\":85,\"settings\":{\"pattern_list\":\"referringChunks,referringSnippets,referringTemplates\",\"pattern_name\":\"[[+pattern_name]]\"}}]},\"settings\":{\"padding\":\"relaxed\",\"alignment\":\"\",\"divider\":\"divided\"},\"parent\":78}],\"fieldId\":\"contentblocks-field-73\"}}],\"field\":76,\"settings\":{\"layout_type\":\"tabs\",\"accordion_type\":\"\",\"tab_type\":\"regular\",\"padding\":\"padded\"}}]},\"settings\":{\"background\":\"white\",\"container_type\":\"\",\"sidebar_width\":\"five\",\"alignment\":\"\",\"pattern_name\":\"overviewRowArticle\",\"pattern_template\":\"patternLayoutMolecule\"},\"parent\":0,\"title\":\"\"},{\"layout\":17,\"content\":{\"preview\":[{\"value\":\"{{PLACE EXAMPLE HERE}}\",\"lang\":\"html\",\"field\":14,\"settings\":[]}],\"code\":[{\"value\":\"[[Rowboat?\\n    &table=`modx_site_htmlsnippets`\\n    &tpl=`displayRawElement`\\n    &where=`{\\\"name\\\":\\\"[[+pattern_name]]\\\"}`\\n]]\",\"lang\":\"html\",\"field\":86,\"settings\":{\"label\":\"[[%romanesco.patterns.code_label]]\"}}],\"info\":[{\"rows\":[{\"heading\":{\"value\":\"[[%romanesco.patterns.purpose_title]]\",\"fieldId\":\"contentblocks-field-81\"},\"content\":{\"child_layouts\":[{\"layout\":7,\"content\":{\"main\":[{\"value\":\"\",\"field\":6,\"settings\":[]}]},\"settings\":[],\"parent\":78}],\"fieldId\":\"contentblocks-field-82\"}},{\"heading\":{\"value\":\"[[%romanesco.patterns.usage_title]]\",\"fieldId\":\"contentblocks-field-84\"},\"content\":{\"child_layouts\":[{\"layout\":7,\"content\":{\"main\":[{\"value\":\"\",\"field\":6,\"settings\":[]}]},\"settings\":[],\"parent\":78}],\"fieldId\":\"contentblocks-field-85\"}},{\"heading\":{\"value\":\"[[%romanesco.patterns.references_title]]\",\"fieldId\":\"contentblocks-field-87\"},\"content\":{\"child_layouts\":[{\"layout\":12,\"content\":{\"col_1\":[{\"value\":\"[[%romanesco.patterns.included_patterns]]\",\"level\":\"h5\",\"field\":1,\"settings\":[]},{\"chunk_properties\":{},\"field\":84,\"settings\":{\"pattern_list\":\"includedChunks,includedSnippets,includedTVs\",\"pattern_name\":\"[[+pattern_name]]\"}}],\"col_2\":[{\"value\":\"[[%romanesco.patterns.referring_patterns]]\",\"level\":\"h5\",\"field\":1,\"settings\":[]},{\"chunk_properties\":{},\"field\":85,\"settings\":{\"pattern_list\":\"referringChunks,referringSnippets,referringTemplates\",\"pattern_name\":\"[[+pattern_name]]\"}}]},\"settings\":{\"padding\":\"relaxed\",\"alignment\":\"\",\"divider\":\"divided\"},\"parent\":78}],\"fieldId\":\"contentblocks-field-88\"}}],\"field\":76,\"settings\":{\"layout_type\":\"tabs\",\"accordion_type\":\"\",\"tab_type\":\"regular\",\"padding\":\"padded\"}}]},\"settings\":{\"background\":\"white\",\"container_type\":\"\",\"sidebar_width\":\"five\",\"alignment\":\"\",\"pattern_name\":\"overviewRowPerson\",\"pattern_template\":\"patternLayoutMolecule\"},\"parent\":0,\"title\":\"\"},{\"layout\":17,\"content\":{\"preview\":[{\"value\":\"{{PLACE EXAMPLE HERE}}\",\"lang\":\"html\",\"field\":14,\"settings\":[]}],\"code\":[{\"value\":\"[[Rowboat?\\n    &table=`modx_site_htmlsnippets`\\n    &tpl=`displayRawElement`\\n    &where=`{\\\"name\\\":\\\"[[+pattern_name]]\\\"}`\\n]]\",\"lang\":\"html\",\"field\":86,\"settings\":{\"label\":\"[[%romanesco.patterns.code_label]]\"}}],\"info\":[{\"rows\":[{\"heading\":{\"value\":\"[[%romanesco.patterns.purpose_title]]\",\"fieldId\":\"contentblocks-field-96\"},\"content\":{\"child_layouts\":[{\"layout\":7,\"content\":{\"main\":[{\"value\":\"\",\"field\":6,\"settings\":[]}]},\"settings\":[],\"parent\":78}],\"fieldId\":\"contentblocks-field-97\"}},{\"heading\":{\"value\":\"[[%romanesco.patterns.usage_title]]\",\"fieldId\":\"contentblocks-field-99\"},\"content\":{\"child_layouts\":[{\"layout\":7,\"content\":{\"main\":[{\"value\":\"\",\"field\":6,\"settings\":[]}]},\"settings\":[],\"parent\":78}],\"fieldId\":\"contentblocks-field-100\"}},{\"heading\":{\"value\":\"[[%romanesco.patterns.references_title]]\",\"fieldId\":\"contentblocks-field-102\"},\"content\":{\"child_layouts\":[{\"layout\":12,\"content\":{\"col_1\":[{\"value\":\"[[%romanesco.patterns.included_patterns]]\",\"level\":\"h5\",\"field\":1,\"settings\":[]},{\"chunk_properties\":{},\"field\":84,\"settings\":{\"pattern_list\":\"includedChunks,includedSnippets,includedTVs\",\"pattern_name\":\"[[+pattern_name]]\"}}],\"col_2\":[{\"value\":\"[[%romanesco.patterns.referring_patterns]]\",\"level\":\"h5\",\"field\":1,\"settings\":[]},{\"chunk_properties\":{},\"field\":85,\"settings\":{\"pattern_list\":\"referringChunks,referringSnippets,referringTemplates\",\"pattern_name\":\"[[+pattern_name]]\"}}]},\"settings\":{\"padding\":\"relaxed\",\"alignment\":\"\",\"divider\":\"divided\"},\"parent\":78}],\"fieldId\":\"contentblocks-field-103\"}}],\"field\":76,\"settings\":{\"layout_type\":\"tabs\",\"accordion_type\":\"\",\"tab_type\":\"regular\",\"padding\":\"padded\"}}]},\"settings\":{\"background\":\"white\",\"container_type\":\"\",\"sidebar_width\":\"five\",\"alignment\":\"\",\"pattern_name\":\"overviewRowReview\",\"pattern_template\":\"patternLayoutMolecule\"},\"parent\":0,\"title\":\"\"},{\"layout\":17,\"content\":{\"preview\":[{\"value\":\"{{PLACE EXAMPLE HERE}}\",\"lang\":\"html\",\"field\":14,\"settings\":[]}],\"code\":[{\"value\":\"[[Rowboat?\\n    &table=`modx_site_htmlsnippets`\\n    &tpl=`displayRawElement`\\n    &where=`{\\\"name\\\":\\\"[[+pattern_name]]\\\"}`\\n]]\",\"lang\":\"html\",\"field\":86,\"settings\":{\"label\":\"[[%romanesco.patterns.code_label]]\"}}],\"info\":[{\"rows\":[{\"heading\":{\"value\":\"[[%romanesco.patterns.purpose_title]]\",\"fieldId\":\"contentblocks-field-111\"},\"content\":{\"child_layouts\":[{\"layout\":7,\"content\":{\"main\":[{\"value\":\"\",\"field\":6,\"settings\":[]}]},\"settings\":[],\"parent\":78}],\"fieldId\":\"contentblocks-field-112\"}},{\"heading\":{\"value\":\"[[%romanesco.patterns.usage_title]]\",\"fieldId\":\"contentblocks-field-114\"},\"content\":{\"child_layouts\":[{\"layout\":7,\"content\":{\"main\":[{\"value\":\"\",\"field\":6,\"settings\":[]}]},\"settings\":[],\"parent\":78}],\"fieldId\":\"contentblocks-field-115\"}},{\"heading\":{\"value\":\"[[%romanesco.patterns.references_title]]\",\"fieldId\":\"contentblocks-field-117\"},\"content\":{\"child_layouts\":[{\"layout\":12,\"content\":{\"col_1\":[{\"value\":\"[[%romanesco.patterns.included_patterns]]\",\"level\":\"h5\",\"field\":1,\"settings\":[]},{\"chunk_properties\":{},\"field\":84,\"settings\":{\"pattern_list\":\"includedChunks,includedSnippets,includedTVs\",\"pattern_name\":\"[[+pattern_name]]\"}}],\"col_2\":[{\"value\":\"[[%romanesco.patterns.referring_patterns]]\",\"level\":\"h5\",\"field\":1,\"settings\":[]},{\"chunk_properties\":{},\"field\":85,\"settings\":{\"pattern_list\":\"referringChunks,referringSnippets,referringTemplates\",\"pattern_name\":\"[[+pattern_name]]\"}}]},\"settings\":{\"padding\":\"relaxed\",\"alignment\":\"\",\"divider\":\"divided\"},\"parent\":78}],\"fieldId\":\"contentblocks-field-118\"}}],\"field\":76,\"settings\":{\"layout_type\":\"tabs\",\"accordion_type\":\"\",\"tab_type\":\"regular\",\"padding\":\"padded\"}}]},\"settings\":{\"background\":\"white\",\"container_type\":\"\",\"sidebar_width\":\"five\",\"alignment\":\"\",\"pattern_name\":\"overviewRowOrganization\",\"pattern_template\":\"patternLayoutMolecule\"},\"parent\":0,\"title\":\"\"},{\"layout\":17,\"content\":{\"preview\":[{\"value\":\"{{PLACE EXAMPLE HERE}}\",\"lang\":\"html\",\"field\":14,\"settings\":[]}],\"code\":[{\"value\":\"[[Rowboat?\\n    &table=`modx_site_htmlsnippets`\\n    &tpl=`displayRawElement`\\n    &where=`{\\\"name\\\":\\\"[[+pattern_name]]\\\"}`\\n]]\",\"lang\":\"html\",\"field\":86,\"settings\":{\"label\":\"[[%romanesco.patterns.code_label]]\"}}],\"info\":[{\"rows\":[{\"heading\":{\"value\":\"[[%romanesco.patterns.purpose_title]]\",\"fieldId\":\"contentblocks-field-126\"},\"content\":{\"child_layouts\":[{\"layout\":7,\"content\":{\"main\":[{\"value\":\"\",\"field\":6,\"settings\":[]}]},\"settings\":[],\"parent\":78}],\"fieldId\":\"contentblocks-field-127\"}},{\"heading\":{\"value\":\"[[%romanesco.patterns.usage_title]]\",\"fieldId\":\"contentblocks-field-129\"},\"content\":{\"child_layouts\":[{\"layout\":7,\"content\":{\"main\":[{\"value\":\"\",\"field\":6,\"settings\":[]}]},\"settings\":[],\"parent\":78}],\"fieldId\":\"contentblocks-field-130\"}},{\"heading\":{\"value\":\"[[%romanesco.patterns.references_title]]\",\"fieldId\":\"contentblocks-field-132\"},\"content\":{\"child_layouts\":[{\"layout\":12,\"content\":{\"col_1\":[{\"value\":\"[[%romanesco.patterns.included_patterns]]\",\"level\":\"h5\",\"field\":1,\"settings\":[]},{\"chunk_properties\":{},\"field\":84,\"settings\":{\"pattern_list\":\"includedChunks,includedSnippets,includedTVs\",\"pattern_name\":\"[[+pattern_name]]\"}}],\"col_2\":[{\"value\":\"[[%romanesco.patterns.referring_patterns]]\",\"level\":\"h5\",\"field\":1,\"settings\":[]},{\"chunk_properties\":{},\"field\":85,\"settings\":{\"pattern_list\":\"referringChunks,referringSnippets,referringTemplates\",\"pattern_name\":\"[[+pattern_name]]\"}}]},\"settings\":{\"padding\":\"relaxed\",\"alignment\":\"\",\"divider\":\"divided\"},\"parent\":78}],\"fieldId\":\"contentblocks-field-133\"}}],\"field\":76,\"settings\":{\"layout_type\":\"tabs\",\"accordion_type\":\"\",\"tab_type\":\"regular\",\"padding\":\"padded\"}}]},\"settings\":{\"background\":\"white\",\"container_type\":\"\",\"sidebar_width\":\"five\",\"alignment\":\"\",\"pattern_name\":\"overviewRowProject\",\"pattern_template\":\"patternLayoutMolecule\"},\"parent\":0,\"title\":\"\"}]","linear":[{"chunk_properties":[],"field":19,"settings":{"cols":"three","show_introtext":"1","link_text":"Learn more","row_tpl":"overviewRowBasicCard","show_subtitle":"0","parent":"[[*id]]","title_field":"menutitle","title_hierarchy":"h3","depth":"0","limit":"99","show_hidden":"0","sortby":"menuindex","pagination":"0","img_type":"[[$cbSettingImageType]]","icon_type":"svg","padding":"regular","de_emphasize":"1"}},{"value":"{{PLACE EXAMPLE HERE}}","lang":"html","field":14,"settings":[]},{"value":"[[Rowboat?\n    &table=`modx_site_htmlsnippets`\n    &tpl=`displayRawElement`\n    &where=`{\"name\":\"[[+pattern_name]]\"}`\n]]","lang":"html","field":86,"settings":{"label":"[[%romanesco.patterns.code_label]]"}},{"rows":[{"heading":{"value":"[[%romanesco.patterns.purpose_title]]","fieldId":"contentblocks-field-6"},"content":{"child_layouts":[{"layout":7,"content":{"main":[{"value":"","field":6,"settings":[]}]},"settings":[],"parent":78}],"fieldId":"contentblocks-field-7"}},{"heading":{"value":"[[%romanesco.patterns.usage_title]]","fieldId":"contentblocks-field-9"},"content":{"child_layouts":[{"layout":7,"content":{"main":[{"value":"","field":6,"settings":[]}]},"settings":[],"parent":78}],"fieldId":"contentblocks-field-10"}},{"heading":{"value":"[[%romanesco.patterns.references_title]]","fieldId":"contentblocks-field-12"},"content":{"child_layouts":[{"layout":12,"content":{"col_1":[{"value":"[[%romanesco.patterns.included_patterns]]","level":"h5","field":1,"settings":[]},{"chunk_properties":[],"field":84,"settings":{"pattern_list":"includedChunks,includedSnippets,includedTVs","pattern_name":"[[+pattern_name]]"}}],"col_2":[{"value":"[[%romanesco.patterns.referring_patterns]]","level":"h5","field":1,"settings":[]},{"chunk_properties":[],"field":85,"settings":{"pattern_list":"referringChunks,referringSnippets,referringTemplates","pattern_name":"[[+pattern_name]]"}}]},"settings":{"padding":"relaxed","alignment":"","divider":"divided"},"parent":78}],"fieldId":"contentblocks-field-13"}}],"field":76,"settings":{"layout_type":"tabs","accordion_type":"","tab_type":"regular","padding":"padded"}},{"value":"{{PLACE EXAMPLE HERE}}","lang":"html","field":14,"settings":[]},{"value":"[[Rowboat?\n    &table=`modx_site_htmlsnippets`\n    &tpl=`displayRawElement`\n    &where=`{\"name\":\"[[+pattern_name]]\"}`\n]]","lang":"html","field":86,"settings":{"label":"[[%romanesco.patterns.code_label]]"}},{"rows":[{"heading":{"value":"[[%romanesco.patterns.purpose_title]]","fieldId":"contentblocks-field-21"},"content":{"child_layouts":[{"layout":7,"content":{"main":[{"value":"","field":6,"settings":[]}]},"settings":[],"parent":78}],"fieldId":"contentblocks-field-22"}},{"heading":{"value":"[[%romanesco.patterns.usage_title]]","fieldId":"contentblocks-field-24"},"content":{"child_layouts":[{"layout":7,"content":{"main":[{"value":"","field":6,"settings":[]}]},"settings":[],"parent":78}],"fieldId":"contentblocks-field-25"}},{"heading":{"value":"[[%romanesco.patterns.references_title]]","fieldId":"contentblocks-field-27"},"content":{"child_layouts":[{"layout":12,"content":{"col_1":[{"value":"[[%romanesco.patterns.included_patterns]]","level":"h5","field":1,"settings":[]},{"chunk_properties":[],"field":84,"settings":{"pattern_list":"includedChunks,includedSnippets,includedTVs","pattern_name":"[[+pattern_name]]"}}],"col_2":[{"value":"[[%romanesco.patterns.referring_patterns]]","level":"h5","field":1,"settings":[]},{"chunk_properties":[],"field":85,"settings":{"pattern_list":"referringChunks,referringSnippets,referringTemplates","pattern_name":"[[+pattern_name]]"}}]},"settings":{"padding":"relaxed","alignment":"","divider":"divided"},"parent":78}],"fieldId":"contentblocks-field-28"}}],"field":76,"settings":{"layout_type":"tabs","accordion_type":"","tab_type":"regular","padding":"padded"}},{"value":"{{PLACE EXAMPLE HERE}}","lang":"html","field":14,"settings":[]},{"value":"[[Rowboat?\n    &table=`modx_site_htmlsnippets`\n    &tpl=`displayRawElement`\n    &where=`{\"name\":\"[[+pattern_name]]\"}`\n]]","lang":"html","field":86,"settings":{"label":"[[%romanesco.patterns.code_label]]"}},{"rows":[{"heading":{"value":"[[%romanesco.patterns.purpose_title]]","fieldId":"contentblocks-field-36"},"content":{"child_layouts":[{"layout":7,"content":{"main":[{"value":"","field":6,"settings":[]}]},"settings":[],"parent":78}],"fieldId":"contentblocks-field-37"}},{"heading":{"value":"[[%romanesco.patterns.usage_title]]","fieldId":"contentblocks-field-39"},"content":{"child_layouts":[{"layout":7,"content":{"main":[{"value":"","field":6,"settings":[]}]},"settings":[],"parent":78}],"fieldId":"contentblocks-field-40"}},{"heading":{"value":"[[%romanesco.patterns.references_title]]","fieldId":"contentblocks-field-42"},"content":{"child_layouts":[{"layout":12,"content":{"col_1":[{"value":"[[%romanesco.patterns.included_patterns]]","level":"h5","field":1,"settings":[]},{"chunk_properties":[],"field":84,"settings":{"pattern_list":"includedChunks,includedSnippets,includedTVs","pattern_name":"[[+pattern_name]]"}}],"col_2":[{"value":"[[%romanesco.patterns.referring_patterns]]","level":"h5","field":1,"settings":[]},{"chunk_properties":[],"field":85,"settings":{"pattern_list":"referringChunks,referringSnippets,referringTemplates","pattern_name":"[[+pattern_name]]"}}]},"settings":{"padding":"relaxed","alignment":"","divider":"divided"},"parent":78}],"fieldId":"contentblocks-field-43"}}],"field":76,"settings":{"layout_type":"tabs","accordion_type":"","tab_type":"regular","padding":"padded"}},{"value":"{{PLACE EXAMPLE HERE}}","lang":"html","field":14,"settings":[]},{"value":"[[Rowboat?\n    &table=`modx_site_htmlsnippets`\n    &tpl=`displayRawElement`\n    &where=`{\"name\":\"[[+pattern_name]]\"}`\n]]","lang":"html","field":86,"settings":{"label":"[[%romanesco.patterns.code_label]]"}},{"rows":[{"heading":{"value":"[[%romanesco.patterns.purpose_title]]","fieldId":"contentblocks-field-51"},"content":{"child_layouts":[{"layout":7,"content":{"main":[{"value":"","field":6,"settings":[]}]},"settings":[],"parent":78}],"fieldId":"contentblocks-field-52"}},{"heading":{"value":"[[%romanesco.patterns.usage_title]]","fieldId":"contentblocks-field-54"},"content":{"child_layouts":[{"layout":7,"content":{"main":[{"value":"","field":6,"settings":[]}]},"settings":[],"parent":78}],"fieldId":"contentblocks-field-55"}},{"heading":{"value":"[[%romanesco.patterns.references_title]]","fieldId":"contentblocks-field-57"},"content":{"child_layouts":[{"layout":12,"content":{"col_1":[{"value":"[[%romanesco.patterns.included_patterns]]","level":"h5","field":1,"settings":[]},{"chunk_properties":[],"field":84,"settings":{"pattern_list":"includedChunks,includedSnippets,includedTVs","pattern_name":"[[+pattern_name]]"}}],"col_2":[{"value":"[[%romanesco.patterns.referring_patterns]]","level":"h5","field":1,"settings":[]},{"chunk_properties":[],"field":85,"settings":{"pattern_list":"referringChunks,referringSnippets,referringTemplates","pattern_name":"[[+pattern_name]]"}}]},"settings":{"padding":"relaxed","alignment":"","divider":"divided"},"parent":78}],"fieldId":"contentblocks-field-58"}}],"field":76,"settings":{"layout_type":"tabs","accordion_type":"","tab_type":"regular","padding":"padded"}},{"value":"{{PLACE EXAMPLE HERE}}","lang":"html","field":14,"settings":[]},{"value":"[[Rowboat?\n    &table=`modx_site_htmlsnippets`\n    &tpl=`displayRawElement`\n    &where=`{\"name\":\"[[+pattern_name]]\"}`\n]]","lang":"html","field":86,"settings":{"label":"[[%romanesco.patterns.code_label]]"}},{"rows":[{"heading":{"value":"[[%romanesco.patterns.purpose_title]]","fieldId":"contentblocks-field-66"},"content":{"child_layouts":[{"layout":7,"content":{"main":[{"value":"","field":6,"settings":[]}]},"settings":[],"parent":78}],"fieldId":"contentblocks-field-67"}},{"heading":{"value":"[[%romanesco.patterns.usage_title]]","fieldId":"contentblocks-field-69"},"content":{"child_layouts":[{"layout":7,"content":{"main":[{"value":"","field":6,"settings":[]}]},"settings":[],"parent":78}],"fieldId":"contentblocks-field-70"}},{"heading":{"value":"[[%romanesco.patterns.references_title]]","fieldId":"contentblocks-field-72"},"content":{"child_layouts":[{"layout":12,"content":{"col_1":[{"value":"[[%romanesco.patterns.included_patterns]]","level":"h5","field":1,"settings":[]},{"chunk_properties":[],"field":84,"settings":{"pattern_list":"includedChunks,includedSnippets,includedTVs","pattern_name":"[[+pattern_name]]"}}],"col_2":[{"value":"[[%romanesco.patterns.referring_patterns]]","level":"h5","field":1,"settings":[]},{"chunk_properties":[],"field":85,"settings":{"pattern_list":"referringChunks,referringSnippets,referringTemplates","pattern_name":"[[+pattern_name]]"}}]},"settings":{"padding":"relaxed","alignment":"","divider":"divided"},"parent":78}],"fieldId":"contentblocks-field-73"}}],"field":76,"settings":{"layout_type":"tabs","accordion_type":"","tab_type":"regular","padding":"padded"}},{"value":"{{PLACE EXAMPLE HERE}}","lang":"html","field":14,"settings":[]},{"value":"[[Rowboat?\n    &table=`modx_site_htmlsnippets`\n    &tpl=`displayRawElement`\n    &where=`{\"name\":\"[[+pattern_name]]\"}`\n]]","lang":"html","field":86,"settings":{"label":"[[%romanesco.patterns.code_label]]"}},{"rows":[{"heading":{"value":"[[%romanesco.patterns.purpose_title]]","fieldId":"contentblocks-field-81"},"content":{"child_layouts":[{"layout":7,"content":{"main":[{"value":"","field":6,"settings":[]}]},"settings":[],"parent":78}],"fieldId":"contentblocks-field-82"}},{"heading":{"value":"[[%romanesco.patterns.usage_title]]","fieldId":"contentblocks-field-84"},"content":{"child_layouts":[{"layout":7,"content":{"main":[{"value":"","field":6,"settings":[]}]},"settings":[],"parent":78}],"fieldId":"contentblocks-field-85"}},{"heading":{"value":"[[%romanesco.patterns.references_title]]","fieldId":"contentblocks-field-87"},"content":{"child_layouts":[{"layout":12,"content":{"col_1":[{"value":"[[%romanesco.patterns.included_patterns]]","level":"h5","field":1,"settings":[]},{"chunk_properties":[],"field":84,"settings":{"pattern_list":"includedChunks,includedSnippets,includedTVs","pattern_name":"[[+pattern_name]]"}}],"col_2":[{"value":"[[%romanesco.patterns.referring_patterns]]","level":"h5","field":1,"settings":[]},{"chunk_properties":[],"field":85,"settings":{"pattern_list":"referringChunks,referringSnippets,referringTemplates","pattern_name":"[[+pattern_name]]"}}]},"settings":{"padding":"relaxed","alignment":"","divider":"divided"},"parent":78}],"fieldId":"contentblocks-field-88"}}],"field":76,"settings":{"layout_type":"tabs","accordion_type":"","tab_type":"regular","padding":"padded"}},{"value":"{{PLACE EXAMPLE HERE}}","lang":"html","field":14,"settings":[]},{"value":"[[Rowboat?\n    &table=`modx_site_htmlsnippets`\n    &tpl=`displayRawElement`\n    &where=`{\"name\":\"[[+pattern_name]]\"}`\n]]","lang":"html","field":86,"settings":{"label":"[[%romanesco.patterns.code_label]]"}},{"rows":[{"heading":{"value":"[[%romanesco.patterns.purpose_title]]","fieldId":"contentblocks-field-96"},"content":{"child_layouts":[{"layout":7,"content":{"main":[{"value":"","field":6,"settings":[]}]},"settings":[],"parent":78}],"fieldId":"contentblocks-field-97"}},{"heading":{"value":"[[%romanesco.patterns.usage_title]]","fieldId":"contentblocks-field-99"},"content":{"child_layouts":[{"layout":7,"content":{"main":[{"value":"","field":6,"settings":[]}]},"settings":[],"parent":78}],"fieldId":"contentblocks-field-100"}},{"heading":{"value":"[[%romanesco.patterns.references_title]]","fieldId":"contentblocks-field-102"},"content":{"child_layouts":[{"layout":12,"content":{"col_1":[{"value":"[[%romanesco.patterns.included_patterns]]","level":"h5","field":1,"settings":[]},{"chunk_properties":[],"field":84,"settings":{"pattern_list":"includedChunks,includedSnippets,includedTVs","pattern_name":"[[+pattern_name]]"}}],"col_2":[{"value":"[[%romanesco.patterns.referring_patterns]]","level":"h5","field":1,"settings":[]},{"chunk_properties":[],"field":85,"settings":{"pattern_list":"referringChunks,referringSnippets,referringTemplates","pattern_name":"[[+pattern_name]]"}}]},"settings":{"padding":"relaxed","alignment":"","divider":"divided"},"parent":78}],"fieldId":"contentblocks-field-103"}}],"field":76,"settings":{"layout_type":"tabs","accordion_type":"","tab_type":"regular","padding":"padded"}},{"value":"{{PLACE EXAMPLE HERE}}","lang":"html","field":14,"settings":[]},{"value":"[[Rowboat?\n    &table=`modx_site_htmlsnippets`\n    &tpl=`displayRawElement`\n    &where=`{\"name\":\"[[+pattern_name]]\"}`\n]]","lang":"html","field":86,"settings":{"label":"[[%romanesco.patterns.code_label]]"}},{"rows":[{"heading":{"value":"[[%romanesco.patterns.purpose_title]]","fieldId":"contentblocks-field-111"},"content":{"child_layouts":[{"layout":7,"content":{"main":[{"value":"","field":6,"settings":[]}]},"settings":[],"parent":78}],"fieldId":"contentblocks-field-112"}},{"heading":{"value":"[[%romanesco.patterns.usage_title]]","fieldId":"contentblocks-field-114"},"content":{"child_layouts":[{"layout":7,"content":{"main":[{"value":"","field":6,"settings":[]}]},"settings":[],"parent":78}],"fieldId":"contentblocks-field-115"}},{"heading":{"value":"[[%romanesco.patterns.references_title]]","fieldId":"contentblocks-field-117"},"content":{"child_layouts":[{"layout":12,"content":{"col_1":[{"value":"[[%romanesco.patterns.included_patterns]]","level":"h5","field":1,"settings":[]},{"chunk_properties":[],"field":84,"settings":{"pattern_list":"includedChunks,includedSnippets,includedTVs","pattern_name":"[[+pattern_name]]"}}],"col_2":[{"value":"[[%romanesco.patterns.referring_patterns]]","level":"h5","field":1,"settings":[]},{"chunk_properties":[],"field":85,"settings":{"pattern_list":"referringChunks,referringSnippets,referringTemplates","pattern_name":"[[+pattern_name]]"}}]},"settings":{"padding":"relaxed","alignment":"","divider":"divided"},"parent":78}],"fieldId":"contentblocks-field-118"}}],"field":76,"settings":{"layout_type":"tabs","accordion_type":"","tab_type":"regular","padding":"padded"}},{"value":"{{PLACE EXAMPLE HERE}}","lang":"html","field":14,"settings":[]},{"value":"[[Rowboat?\n    &table=`modx_site_htmlsnippets`\n    &tpl=`displayRawElement`\n    &where=`{\"name\":\"[[+pattern_name]]\"}`\n]]","lang":"html","field":86,"settings":{"label":"[[%romanesco.patterns.code_label]]"}},{"rows":[{"heading":{"value":"[[%romanesco.patterns.purpose_title]]","fieldId":"contentblocks-field-126"},"content":{"child_layouts":[{"layout":7,"content":{"main":[{"value":"","field":6,"settings":[]}]},"settings":[],"parent":78}],"fieldId":"contentblocks-field-127"}},{"heading":{"value":"[[%romanesco.patterns.usage_title]]","fieldId":"contentblocks-field-129"},"content":{"child_layouts":[{"layout":7,"content":{"main":[{"value":"","field":6,"settings":[]}]},"settings":[],"parent":78}],"fieldId":"contentblocks-field-130"}},{"heading":{"value":"[[%romanesco.patterns.references_title]]","fieldId":"contentblocks-field-132"},"content":{"child_layouts":[{"layout":12,"content":{"col_1":[{"value":"[[%romanesco.patterns.included_patterns]]","level":"h5","field":1,"settings":[]},{"chunk_properties":[],"field":84,"settings":{"pattern_list":"includedChunks,includedSnippets,includedTVs","pattern_name":"[[+pattern_name]]"}}],"col_2":[{"value":"[[%romanesco.patterns.referring_patterns]]","level":"h5","field":1,"settings":[]},{"chunk_properties":[],"field":85,"settings":{"pattern_list":"referringChunks,referringSnippets,referringTemplates","pattern_name":"[[+pattern_name]]"}}]},"settings":{"padding":"relaxed","alignment":"","divider":"divided"},"parent":78}],"fieldId":"contentblocks-field-133"}}],"field":76,"settings":{"layout_type":"tabs","accordion_type":"","tab_type":"regular","padding":"padded"}}],"fieldcounts":{"19":1,"14":9,"86":9,"76":9},"_isContentBlocks":true}}