{"contentblocks":{"content":"[{\"layout\":17,\"content\":{\"preview\":[],\"code\":[],\"info\":[{\"rows\":[{\"heading\":{\"value\":\"[[%romanesco.patterns.purpose_title]]\",\"fieldId\":\"contentblocks-field-3\"},\"content\":{\"child_layouts\":[{\"layout\":7,\"content\":{\"main\":[{\"value\":\"\",\"field\":6,\"settings\":[]}]},\"settings\":[],\"parent\":78}],\"fieldId\":\"contentblocks-field-4\"}},{\"heading\":{\"value\":\"[[%romanesco.patterns.specifications_title]]\",\"fieldId\":\"contentblocks-field-6\"},\"content\":{\"child_layouts\":[{\"layout\":7,\"content\":{\"main\":[{\"value\":\"{\\n    \\\"caption\\\": \\\"Profile picture\\\",\\n    \\\"name\\\": \\\"person_image\\\",\\n    \\\"description\\\": \\\"A headshot of this person.\\\",\\n    \\\"type\\\": \\\"imageplus\\\",\\n    \\\"category\\\": \\\"Person - Presentation\\\",\\n    \\\"sortOrder\\\": \\\"1\\\",\\n    \\\"inputProperties\\\": {\\n        \\\"targetWidth\\\": \\\"800\\\",\\n        \\\"targetRatio\\\": \\\"1.0\\\",\\n        \\\"allowAltTag\\\": \\\"true\\\"\\n    },\\n    \\\"outputProperties\\\": {\\n        \\\"phpThumbParams\\\": \\\"w=&#91;&#91;++max_thumb_width:empty=`800`&#93;&#93;&zc=1\\\",\\n        \\\"outputChunk\\\": \\\"cbOverviewRowImg\\\"\\n    },\\n    \\\"templates\\\": [\\n        \\\"@@templates_team\\\"\\n    ]\\n}\",\"lang\":\"json\",\"field\":83,\"settings\":[]}]},\"settings\":[],\"parent\":78}],\"fieldId\":\"contentblocks-field-7\"}},{\"heading\":{\"value\":\"[[%romanesco.patterns.references_title]]\",\"fieldId\":\"contentblocks-field-9\"},\"content\":{\"child_layouts\":[{\"layout\":12,\"content\":{\"col_1\":[{\"value\":\"[[%romanesco.patterns.assigned_templates]]\",\"level\":\"h5\",\"field\":1,\"settings\":[]},{\"chunk_properties\":{},\"field\":85,\"settings\":{\"pattern_list\":\"assignedTemplates\",\"pattern_name\":\"[[+pattern_name]]\"}}],\"col_2\":[{\"value\":\"[[%romanesco.patterns.referring_patterns]]\",\"level\":\"h5\",\"field\":1,\"settings\":[]},{\"chunk_properties\":{},\"field\":85,\"settings\":{\"pattern_list\":\"referringChunks,referringTemplates\",\"pattern_name\":\"[[+pattern_name]]\"}}]},\"settings\":{\"padding\":\"relaxed\",\"alignment\":\"\",\"divider\":\"divided\"},\"parent\":78}],\"fieldId\":\"contentblocks-field-10\"}}],\"field\":76,\"settings\":{\"layout_type\":\"accordion\",\"accordion_type\":\"fluid styled\",\"padding\":\"padded\",\"tab_type\":\"regular\"}}]},\"settings\":{\"background\":\"white\",\"container_type\":\"\",\"sidebar_width\":\"five\",\"alignment\":\"\",\"pattern_name\":\"person_image\",\"pattern_template\":\"patternLayoutElectronTV\"},\"parent\":0,\"title\":\"\"},{\"layout\":17,\"content\":{\"preview\":[],\"code\":[],\"info\":[{\"rows\":[{\"heading\":{\"value\":\"[[%romanesco.patterns.purpose_title]]\",\"fieldId\":\"contentblocks-field-16\"},\"content\":{\"child_layouts\":[{\"layout\":7,\"content\":{\"main\":[{\"value\":\"\",\"field\":6,\"settings\":[]}]},\"settings\":[],\"parent\":78}],\"fieldId\":\"contentblocks-field-17\"}},{\"heading\":{\"value\":\"[[%romanesco.patterns.specifications_title]]\",\"fieldId\":\"contentblocks-field-19\"},\"content\":{\"child_layouts\":[{\"layout\":7,\"content\":{\"main\":[{\"value\":\"{\\n    \\\"caption\\\": \\\"Informal picture\\\",\\n    \\\"name\\\": \\\"person_image_loose\\\",\\n    \\\"description\\\": \\\"A headshot of the same person, but with a loose, personal twist to it. A big smile, or funny expression... This can be used in a mouseover effect with the profile picture for example, or in areas where a little playfulness is allowed.\\\",\\n    \\\"type\\\": \\\"imageplus\\\",\\n    \\\"category\\\": \\\"Person - Presentation\\\",\\n    \\\"sortOrder\\\": \\\"1\\\",\\n    \\\"inputProperties\\\": {\\n        \\\"targetWidth\\\": \\\"800\\\",\\n        \\\"targetRatio\\\": \\\"1.0\\\",\\n        \\\"allowAltTag\\\": \\\"true\\\"\\n    },\\n    \\\"outputProperties\\\": {\\n        \\\"phpThumbParams\\\": \\\"w=&#91;&#91;++max_thumb_width:empty=`800`&#93;&#93;&zc=1\\\",\\n        \\\"outputChunk\\\": \\\"cbOverviewRowImg\\\"\\n    },\\n    \\\"templates\\\": [\\n        \\\"@@templates_team\\\"\\n    ]\\n}\",\"lang\":\"json\",\"field\":83,\"settings\":[]}]},\"settings\":[],\"parent\":78}],\"fieldId\":\"contentblocks-field-20\"}},{\"heading\":{\"value\":\"[[%romanesco.patterns.references_title]]\",\"fieldId\":\"contentblocks-field-22\"},\"content\":{\"child_layouts\":[{\"layout\":12,\"content\":{\"col_1\":[{\"value\":\"[[%romanesco.patterns.assigned_templates]]\",\"level\":\"h5\",\"field\":1,\"settings\":[]},{\"chunk_properties\":{},\"field\":85,\"settings\":{\"pattern_list\":\"assignedTemplates\",\"pattern_name\":\"[[+pattern_name]]\"}}],\"col_2\":[{\"value\":\"[[%romanesco.patterns.referring_patterns]]\",\"level\":\"h5\",\"field\":1,\"settings\":[]},{\"chunk_properties\":{},\"field\":85,\"settings\":{\"pattern_list\":\"referringChunks,referringTemplates\",\"pattern_name\":\"[[+pattern_name]]\"}}]},\"settings\":{\"padding\":\"relaxed\",\"alignment\":\"\",\"divider\":\"divided\"},\"parent\":78}],\"fieldId\":\"contentblocks-field-23\"}}],\"field\":76,\"settings\":{\"layout_type\":\"accordion\",\"accordion_type\":\"fluid styled\",\"padding\":\"padded\",\"tab_type\":\"regular\"}}]},\"settings\":{\"background\":\"white\",\"container_type\":\"\",\"sidebar_width\":\"five\",\"alignment\":\"\",\"pattern_name\":\"person_image_loose\",\"pattern_template\":\"patternLayoutElectronTV\"},\"parent\":0,\"title\":\"\"},{\"layout\":17,\"content\":{\"preview\":[],\"code\":[],\"info\":[{\"rows\":[{\"heading\":{\"value\":\"[[%romanesco.patterns.purpose_title]]\",\"fieldId\":\"contentblocks-field-29\"},\"content\":{\"child_layouts\":[{\"layout\":7,\"content\":{\"main\":[{\"value\":\"\",\"field\":6,\"settings\":[]}]},\"settings\":[],\"parent\":78}],\"fieldId\":\"contentblocks-field-30\"}},{\"heading\":{\"value\":\"[[%romanesco.patterns.specifications_title]]\",\"fieldId\":\"contentblocks-field-32\"},\"content\":{\"child_layouts\":[{\"layout\":7,\"content\":{\"main\":[{\"value\":\"{\\n    \\\"caption\\\": \\\"First name\\\",\\n    \\\"name\\\": \\\"person_firstname\\\",\\n    \\\"description\\\": \\\"\\\",\\n    \\\"type\\\": \\\"text\\\",\\n    \\\"category\\\": \\\"Person - Information\\\",\\n    \\\"sortOrder\\\": \\\"1\\\",\\n    \\\"templates\\\": [\\n        \\\"@@templates_team\\\"\\n    ]\\n}\",\"lang\":\"json\",\"field\":83,\"settings\":[]}]},\"settings\":[],\"parent\":78}],\"fieldId\":\"contentblocks-field-33\"}},{\"heading\":{\"value\":\"[[%romanesco.patterns.references_title]]\",\"fieldId\":\"contentblocks-field-35\"},\"content\":{\"child_layouts\":[{\"layout\":12,\"content\":{\"col_1\":[{\"value\":\"[[%romanesco.patterns.assigned_templates]]\",\"level\":\"h5\",\"field\":1,\"settings\":[]},{\"chunk_properties\":{},\"field\":85,\"settings\":{\"pattern_list\":\"assignedTemplates\",\"pattern_name\":\"[[+pattern_name]]\"}}],\"col_2\":[{\"value\":\"[[%romanesco.patterns.referring_patterns]]\",\"level\":\"h5\",\"field\":1,\"settings\":[]},{\"chunk_properties\":{},\"field\":85,\"settings\":{\"pattern_list\":\"referringChunks,referringTemplates\",\"pattern_name\":\"[[+pattern_name]]\"}}]},\"settings\":{\"padding\":\"relaxed\",\"alignment\":\"\",\"divider\":\"divided\"},\"parent\":78}],\"fieldId\":\"contentblocks-field-36\"}}],\"field\":76,\"settings\":{\"layout_type\":\"accordion\",\"accordion_type\":\"fluid styled\",\"padding\":\"padded\",\"tab_type\":\"regular\"}}]},\"settings\":{\"background\":\"white\",\"container_type\":\"\",\"sidebar_width\":\"five\",\"alignment\":\"\",\"pattern_name\":\"person_firstname\",\"pattern_template\":\"patternLayoutElectronTV\"},\"parent\":0,\"title\":\"\"},{\"layout\":17,\"content\":{\"preview\":[],\"code\":[],\"info\":[{\"rows\":[{\"heading\":{\"value\":\"[[%romanesco.patterns.purpose_title]]\",\"fieldId\":\"contentblocks-field-42\"},\"content\":{\"child_layouts\":[{\"layout\":7,\"content\":{\"main\":[{\"value\":\"\",\"field\":6,\"settings\":[]}]},\"settings\":[],\"parent\":78}],\"fieldId\":\"contentblocks-field-43\"}},{\"heading\":{\"value\":\"[[%romanesco.patterns.specifications_title]]\",\"fieldId\":\"contentblocks-field-45\"},\"content\":{\"child_layouts\":[{\"layout\":7,\"content\":{\"main\":[{\"value\":\"{\\n    \\\"caption\\\": \\\"Last name\\\",\\n    \\\"name\\\": \\\"person_lastname\\\",\\n    \\\"description\\\": \\\"\\\",\\n    \\\"type\\\": \\\"text\\\",\\n    \\\"category\\\": \\\"Person - Information\\\",\\n    \\\"sortOrder\\\": \\\"2\\\",\\n    \\\"templates\\\": [\\n        \\\"@@templates_team\\\"\\n    ]\\n}\",\"lang\":\"json\",\"field\":83,\"settings\":[]}]},\"settings\":[],\"parent\":78}],\"fieldId\":\"contentblocks-field-46\"}},{\"heading\":{\"value\":\"[[%romanesco.patterns.references_title]]\",\"fieldId\":\"contentblocks-field-48\"},\"content\":{\"child_layouts\":[{\"layout\":12,\"content\":{\"col_1\":[{\"value\":\"[[%romanesco.patterns.assigned_templates]]\",\"level\":\"h5\",\"field\":1,\"settings\":[]},{\"chunk_properties\":{},\"field\":85,\"settings\":{\"pattern_list\":\"assignedTemplates\",\"pattern_name\":\"[[+pattern_name]]\"}}],\"col_2\":[{\"value\":\"[[%romanesco.patterns.referring_patterns]]\",\"level\":\"h5\",\"field\":1,\"settings\":[]},{\"chunk_properties\":{},\"field\":85,\"settings\":{\"pattern_list\":\"referringChunks,referringTemplates\",\"pattern_name\":\"[[+pattern_name]]\"}}]},\"settings\":{\"padding\":\"relaxed\",\"alignment\":\"\",\"divider\":\"divided\"},\"parent\":78}],\"fieldId\":\"contentblocks-field-49\"}}],\"field\":76,\"settings\":{\"layout_type\":\"accordion\",\"accordion_type\":\"fluid styled\",\"padding\":\"padded\",\"tab_type\":\"regular\"}}]},\"settings\":{\"background\":\"white\",\"container_type\":\"\",\"sidebar_width\":\"five\",\"alignment\":\"\",\"pattern_name\":\"person_lastname\",\"pattern_template\":\"patternLayoutElectronTV\"},\"parent\":0,\"title\":\"\"},{\"layout\":17,\"content\":{\"preview\":[],\"code\":[],\"info\":[{\"rows\":[{\"heading\":{\"value\":\"[[%romanesco.patterns.purpose_title]]\",\"fieldId\":\"contentblocks-field-55\"},\"content\":{\"child_layouts\":[{\"layout\":7,\"content\":{\"main\":[{\"value\":\"\",\"field\":6,\"settings\":[]}]},\"settings\":[],\"parent\":78}],\"fieldId\":\"contentblocks-field-56\"}},{\"heading\":{\"value\":\"[[%romanesco.patterns.specifications_title]]\",\"fieldId\":\"contentblocks-field-58\"},\"content\":{\"child_layouts\":[{\"layout\":7,\"content\":{\"main\":[{\"value\":\"{\\n    \\\"caption\\\": \\\"Gender\\\",\\n    \\\"name\\\": \\\"person_gender\\\",\\n    \\\"description\\\": \\\"\\\",\\n    \\\"type\\\": \\\"option\\\",\\n    \\\"category\\\": \\\"Person - Information\\\",\\n    \\\"sortOrder\\\": \\\"3\\\",\\n    \\\"inputOptionValues\\\": \\\"Male==m||Female==f||Other==o\\\",\\n    \\\"templates\\\": [\\n        \\\"@@templates_team\\\"\\n    ]\\n}\",\"lang\":\"json\",\"field\":83,\"settings\":[]}]},\"settings\":[],\"parent\":78}],\"fieldId\":\"contentblocks-field-59\"}},{\"heading\":{\"value\":\"[[%romanesco.patterns.references_title]]\",\"fieldId\":\"contentblocks-field-61\"},\"content\":{\"child_layouts\":[{\"layout\":12,\"content\":{\"col_1\":[{\"value\":\"[[%romanesco.patterns.assigned_templates]]\",\"level\":\"h5\",\"field\":1,\"settings\":[]},{\"chunk_properties\":{},\"field\":85,\"settings\":{\"pattern_list\":\"assignedTemplates\",\"pattern_name\":\"[[+pattern_name]]\"}}],\"col_2\":[{\"value\":\"[[%romanesco.patterns.referring_patterns]]\",\"level\":\"h5\",\"field\":1,\"settings\":[]},{\"chunk_properties\":{},\"field\":85,\"settings\":{\"pattern_list\":\"referringChunks,referringTemplates\",\"pattern_name\":\"[[+pattern_name]]\"}}]},\"settings\":{\"padding\":\"relaxed\",\"alignment\":\"\",\"divider\":\"divided\"},\"parent\":78}],\"fieldId\":\"contentblocks-field-62\"}}],\"field\":76,\"settings\":{\"layout_type\":\"accordion\",\"accordion_type\":\"fluid styled\",\"padding\":\"padded\",\"tab_type\":\"regular\"}}]},\"settings\":{\"background\":\"white\",\"container_type\":\"\",\"sidebar_width\":\"five\",\"alignment\":\"\",\"pattern_name\":\"person_gender\",\"pattern_template\":\"patternLayoutElectronTV\"},\"parent\":0,\"title\":\"\"},{\"layout\":17,\"content\":{\"preview\":[],\"code\":[],\"info\":[{\"rows\":[{\"heading\":{\"value\":\"[[%romanesco.patterns.purpose_title]]\",\"fieldId\":\"contentblocks-field-68\"},\"content\":{\"child_layouts\":[{\"layout\":7,\"content\":{\"main\":[{\"value\":\"\",\"field\":6,\"settings\":[]}]},\"settings\":[],\"parent\":78}],\"fieldId\":\"contentblocks-field-69\"}},{\"heading\":{\"value\":\"[[%romanesco.patterns.specifications_title]]\",\"fieldId\":\"contentblocks-field-71\"},\"content\":{\"child_layouts\":[{\"layout\":7,\"content\":{\"main\":[{\"value\":\"{\\n    \\\"caption\\\": \\\"Birthdate\\\",\\n    \\\"name\\\": \\\"person_birthdate\\\",\\n    \\\"description\\\": \\\"\\\",\\n    \\\"type\\\": \\\"date\\\",\\n    \\\"category\\\": \\\"Person - Information\\\",\\n    \\\"sortOrder\\\": \\\"4\\\",\\n    \\\"templates\\\": [\\n        \\\"@@templates_team\\\"\\n    ]\\n}\",\"lang\":\"json\",\"field\":83,\"settings\":[]}]},\"settings\":[],\"parent\":78}],\"fieldId\":\"contentblocks-field-72\"}},{\"heading\":{\"value\":\"[[%romanesco.patterns.references_title]]\",\"fieldId\":\"contentblocks-field-74\"},\"content\":{\"child_layouts\":[{\"layout\":12,\"content\":{\"col_1\":[{\"value\":\"[[%romanesco.patterns.assigned_templates]]\",\"level\":\"h5\",\"field\":1,\"settings\":[]},{\"chunk_properties\":{},\"field\":85,\"settings\":{\"pattern_list\":\"assignedTemplates\",\"pattern_name\":\"[[+pattern_name]]\"}}],\"col_2\":[{\"value\":\"[[%romanesco.patterns.referring_patterns]]\",\"level\":\"h5\",\"field\":1,\"settings\":[]},{\"chunk_properties\":{},\"field\":85,\"settings\":{\"pattern_list\":\"referringChunks,referringTemplates\",\"pattern_name\":\"[[+pattern_name]]\"}}]},\"settings\":{\"padding\":\"relaxed\",\"alignment\":\"\",\"divider\":\"divided\"},\"parent\":78}],\"fieldId\":\"contentblocks-field-75\"}}],\"field\":76,\"settings\":{\"layout_type\":\"accordion\",\"accordion_type\":\"fluid styled\",\"padding\":\"padded\",\"tab_type\":\"regular\"}}]},\"settings\":{\"background\":\"white\",\"container_type\":\"\",\"sidebar_width\":\"five\",\"alignment\":\"\",\"pattern_name\":\"person_birthdate\",\"pattern_template\":\"patternLayoutElectronTV\"},\"parent\":0,\"title\":\"\"},{\"layout\":17,\"content\":{\"preview\":[],\"code\":[],\"info\":[{\"rows\":[{\"heading\":{\"value\":\"[[%romanesco.patterns.purpose_title]]\",\"fieldId\":\"contentblocks-field-81\"},\"content\":{\"child_layouts\":[{\"layout\":7,\"content\":{\"main\":[{\"value\":\"\",\"field\":6,\"settings\":[]}]},\"settings\":[],\"parent\":78}],\"fieldId\":\"contentblocks-field-82\"}},{\"heading\":{\"value\":\"[[%romanesco.patterns.specifications_title]]\",\"fieldId\":\"contentblocks-field-84\"},\"content\":{\"child_layouts\":[{\"layout\":7,\"content\":{\"main\":[{\"value\":\"{\\n    \\\"caption\\\": \\\"Job title\\\",\\n    \\\"name\\\": \\\"person_jobtitle\\\",\\n    \\\"description\\\": \\\"The role of this person inside the team.\\\",\\n    \\\"type\\\": \\\"text\\\",\\n    \\\"category\\\": \\\"Person - Information\\\",\\n    \\\"sortOrder\\\": \\\"5\\\",\\n    \\\"templates\\\": [\\n        \\\"@@templates_team\\\"\\n    ]\\n}\",\"lang\":\"json\",\"field\":83,\"settings\":[]}]},\"settings\":[],\"parent\":78}],\"fieldId\":\"contentblocks-field-85\"}},{\"heading\":{\"value\":\"[[%romanesco.patterns.references_title]]\",\"fieldId\":\"contentblocks-field-87\"},\"content\":{\"child_layouts\":[{\"layout\":12,\"content\":{\"col_1\":[{\"value\":\"[[%romanesco.patterns.assigned_templates]]\",\"level\":\"h5\",\"field\":1,\"settings\":[]},{\"chunk_properties\":{},\"field\":85,\"settings\":{\"pattern_list\":\"assignedTemplates\",\"pattern_name\":\"[[+pattern_name]]\"}}],\"col_2\":[{\"value\":\"[[%romanesco.patterns.referring_patterns]]\",\"level\":\"h5\",\"field\":1,\"settings\":[]},{\"chunk_properties\":{},\"field\":85,\"settings\":{\"pattern_list\":\"referringChunks,referringTemplates\",\"pattern_name\":\"[[+pattern_name]]\"}}]},\"settings\":{\"padding\":\"relaxed\",\"alignment\":\"\",\"divider\":\"divided\"},\"parent\":78}],\"fieldId\":\"contentblocks-field-88\"}}],\"field\":76,\"settings\":{\"layout_type\":\"accordion\",\"accordion_type\":\"fluid styled\",\"padding\":\"padded\",\"tab_type\":\"regular\"}}]},\"settings\":{\"background\":\"white\",\"container_type\":\"\",\"sidebar_width\":\"five\",\"alignment\":\"\",\"pattern_name\":\"person_jobtitle\",\"pattern_template\":\"patternLayoutElectronTV\"},\"parent\":0,\"title\":\"\"},{\"layout\":17,\"content\":{\"preview\":[],\"code\":[],\"info\":[{\"rows\":[{\"heading\":{\"value\":\"[[%romanesco.patterns.purpose_title]]\",\"fieldId\":\"contentblocks-field-94\"},\"content\":{\"child_layouts\":[{\"layout\":7,\"content\":{\"main\":[{\"value\":\"\",\"field\":6,\"settings\":[]}]},\"settings\":[],\"parent\":78}],\"fieldId\":\"contentblocks-field-95\"}},{\"heading\":{\"value\":\"[[%romanesco.patterns.specifications_title]]\",\"fieldId\":\"contentblocks-field-97\"},\"content\":{\"child_layouts\":[{\"layout\":7,\"content\":{\"main\":[{\"value\":\"{\\n    \\\"caption\\\": \\\"Personal website or blog\\\",\\n    \\\"name\\\": \\\"person_url\\\",\\n    \\\"description\\\": \\\"\\\",\\n    \\\"type\\\": \\\"text\\\",\\n    \\\"category\\\": \\\"Person - Information\\\",\\n    \\\"sortOrder\\\": \\\"10\\\",\\n    \\\"templates\\\": [\\n        \\\"@@templates_team\\\"\\n    ]\\n}\",\"lang\":\"json\",\"field\":83,\"settings\":[]}]},\"settings\":[],\"parent\":78}],\"fieldId\":\"contentblocks-field-98\"}},{\"heading\":{\"value\":\"[[%romanesco.patterns.references_title]]\",\"fieldId\":\"contentblocks-field-100\"},\"content\":{\"child_layouts\":[{\"layout\":12,\"content\":{\"col_1\":[{\"value\":\"[[%romanesco.patterns.assigned_templates]]\",\"level\":\"h5\",\"field\":1,\"settings\":[]},{\"chunk_properties\":{},\"field\":85,\"settings\":{\"pattern_list\":\"assignedTemplates\",\"pattern_name\":\"[[+pattern_name]]\"}}],\"col_2\":[{\"value\":\"[[%romanesco.patterns.referring_patterns]]\",\"level\":\"h5\",\"field\":1,\"settings\":[]},{\"chunk_properties\":{},\"field\":85,\"settings\":{\"pattern_list\":\"referringChunks,referringTemplates\",\"pattern_name\":\"[[+pattern_name]]\"}}]},\"settings\":{\"padding\":\"relaxed\",\"alignment\":\"\",\"divider\":\"divided\"},\"parent\":78}],\"fieldId\":\"contentblocks-field-101\"}}],\"field\":76,\"settings\":{\"layout_type\":\"accordion\",\"accordion_type\":\"fluid styled\",\"padding\":\"padded\",\"tab_type\":\"regular\"}}]},\"settings\":{\"background\":\"white\",\"container_type\":\"\",\"sidebar_width\":\"five\",\"alignment\":\"\",\"pattern_name\":\"person_url\",\"pattern_template\":\"patternLayoutElectronTV\"},\"parent\":0,\"title\":\"\"}]","linear":[{"rows":[{"heading":{"value":"[[%romanesco.patterns.purpose_title]]","fieldId":"contentblocks-field-3"},"content":{"child_layouts":[{"layout":7,"content":{"main":[{"value":"","field":6,"settings":[]}]},"settings":[],"parent":78}],"fieldId":"contentblocks-field-4"}},{"heading":{"value":"[[%romanesco.patterns.specifications_title]]","fieldId":"contentblocks-field-6"},"content":{"child_layouts":[{"layout":7,"content":{"main":[{"value":"{\n    \"caption\": \"Profile picture\",\n    \"name\": \"person_image\",\n    \"description\": \"A headshot of this person.\",\n    \"type\": \"imageplus\",\n    \"category\": \"Person - Presentation\",\n    \"sortOrder\": \"1\",\n    \"inputProperties\": {\n        \"targetWidth\": \"800\",\n        \"targetRatio\": \"1.0\",\n        \"allowAltTag\": \"true\"\n    },\n    \"outputProperties\": {\n        \"phpThumbParams\": \"w=&#91;&#91;++max_thumb_width:empty=`800`&#93;&#93;&zc=1\",\n        \"outputChunk\": \"cbOverviewRowImg\"\n    },\n    \"templates\": [\n        \"@@templates_team\"\n    ]\n}","lang":"json","field":83,"settings":[]}]},"settings":[],"parent":78}],"fieldId":"contentblocks-field-7"}},{"heading":{"value":"[[%romanesco.patterns.references_title]]","fieldId":"contentblocks-field-9"},"content":{"child_layouts":[{"layout":12,"content":{"col_1":[{"value":"[[%romanesco.patterns.assigned_templates]]","level":"h5","field":1,"settings":[]},{"chunk_properties":[],"field":85,"settings":{"pattern_list":"assignedTemplates","pattern_name":"[[+pattern_name]]"}}],"col_2":[{"value":"[[%romanesco.patterns.referring_patterns]]","level":"h5","field":1,"settings":[]},{"chunk_properties":[],"field":85,"settings":{"pattern_list":"referringChunks,referringTemplates","pattern_name":"[[+pattern_name]]"}}]},"settings":{"padding":"relaxed","alignment":"","divider":"divided"},"parent":78}],"fieldId":"contentblocks-field-10"}}],"field":76,"settings":{"layout_type":"accordion","accordion_type":"fluid styled","padding":"padded","tab_type":"regular"}},{"rows":[{"heading":{"value":"[[%romanesco.patterns.purpose_title]]","fieldId":"contentblocks-field-16"},"content":{"child_layouts":[{"layout":7,"content":{"main":[{"value":"","field":6,"settings":[]}]},"settings":[],"parent":78}],"fieldId":"contentblocks-field-17"}},{"heading":{"value":"[[%romanesco.patterns.specifications_title]]","fieldId":"contentblocks-field-19"},"content":{"child_layouts":[{"layout":7,"content":{"main":[{"value":"{\n    \"caption\": \"Informal picture\",\n    \"name\": \"person_image_loose\",\n    \"description\": \"A headshot of the same person, but with a loose, personal twist to it. A big smile, or funny expression... This can be used in a mouseover effect with the profile picture for example, or in areas where a little playfulness is allowed.\",\n    \"type\": \"imageplus\",\n    \"category\": \"Person - Presentation\",\n    \"sortOrder\": \"1\",\n    \"inputProperties\": {\n        \"targetWidth\": \"800\",\n        \"targetRatio\": \"1.0\",\n        \"allowAltTag\": \"true\"\n    },\n    \"outputProperties\": {\n        \"phpThumbParams\": \"w=&#91;&#91;++max_thumb_width:empty=`800`&#93;&#93;&zc=1\",\n        \"outputChunk\": \"cbOverviewRowImg\"\n    },\n    \"templates\": [\n        \"@@templates_team\"\n    ]\n}","lang":"json","field":83,"settings":[]}]},"settings":[],"parent":78}],"fieldId":"contentblocks-field-20"}},{"heading":{"value":"[[%romanesco.patterns.references_title]]","fieldId":"contentblocks-field-22"},"content":{"child_layouts":[{"layout":12,"content":{"col_1":[{"value":"[[%romanesco.patterns.assigned_templates]]","level":"h5","field":1,"settings":[]},{"chunk_properties":[],"field":85,"settings":{"pattern_list":"assignedTemplates","pattern_name":"[[+pattern_name]]"}}],"col_2":[{"value":"[[%romanesco.patterns.referring_patterns]]","level":"h5","field":1,"settings":[]},{"chunk_properties":[],"field":85,"settings":{"pattern_list":"referringChunks,referringTemplates","pattern_name":"[[+pattern_name]]"}}]},"settings":{"padding":"relaxed","alignment":"","divider":"divided"},"parent":78}],"fieldId":"contentblocks-field-23"}}],"field":76,"settings":{"layout_type":"accordion","accordion_type":"fluid styled","padding":"padded","tab_type":"regular"}},{"rows":[{"heading":{"value":"[[%romanesco.patterns.purpose_title]]","fieldId":"contentblocks-field-29"},"content":{"child_layouts":[{"layout":7,"content":{"main":[{"value":"","field":6,"settings":[]}]},"settings":[],"parent":78}],"fieldId":"contentblocks-field-30"}},{"heading":{"value":"[[%romanesco.patterns.specifications_title]]","fieldId":"contentblocks-field-32"},"content":{"child_layouts":[{"layout":7,"content":{"main":[{"value":"{\n    \"caption\": \"First name\",\n    \"name\": \"person_firstname\",\n    \"description\": \"\",\n    \"type\": \"text\",\n    \"category\": \"Person - Information\",\n    \"sortOrder\": \"1\",\n    \"templates\": [\n        \"@@templates_team\"\n    ]\n}","lang":"json","field":83,"settings":[]}]},"settings":[],"parent":78}],"fieldId":"contentblocks-field-33"}},{"heading":{"value":"[[%romanesco.patterns.references_title]]","fieldId":"contentblocks-field-35"},"content":{"child_layouts":[{"layout":12,"content":{"col_1":[{"value":"[[%romanesco.patterns.assigned_templates]]","level":"h5","field":1,"settings":[]},{"chunk_properties":[],"field":85,"settings":{"pattern_list":"assignedTemplates","pattern_name":"[[+pattern_name]]"}}],"col_2":[{"value":"[[%romanesco.patterns.referring_patterns]]","level":"h5","field":1,"settings":[]},{"chunk_properties":[],"field":85,"settings":{"pattern_list":"referringChunks,referringTemplates","pattern_name":"[[+pattern_name]]"}}]},"settings":{"padding":"relaxed","alignment":"","divider":"divided"},"parent":78}],"fieldId":"contentblocks-field-36"}}],"field":76,"settings":{"layout_type":"accordion","accordion_type":"fluid styled","padding":"padded","tab_type":"regular"}},{"rows":[{"heading":{"value":"[[%romanesco.patterns.purpose_title]]","fieldId":"contentblocks-field-42"},"content":{"child_layouts":[{"layout":7,"content":{"main":[{"value":"","field":6,"settings":[]}]},"settings":[],"parent":78}],"fieldId":"contentblocks-field-43"}},{"heading":{"value":"[[%romanesco.patterns.specifications_title]]","fieldId":"contentblocks-field-45"},"content":{"child_layouts":[{"layout":7,"content":{"main":[{"value":"{\n    \"caption\": \"Last name\",\n    \"name\": \"person_lastname\",\n    \"description\": \"\",\n    \"type\": \"text\",\n    \"category\": \"Person - Information\",\n    \"sortOrder\": \"2\",\n    \"templates\": [\n        \"@@templates_team\"\n    ]\n}","lang":"json","field":83,"settings":[]}]},"settings":[],"parent":78}],"fieldId":"contentblocks-field-46"}},{"heading":{"value":"[[%romanesco.patterns.references_title]]","fieldId":"contentblocks-field-48"},"content":{"child_layouts":[{"layout":12,"content":{"col_1":[{"value":"[[%romanesco.patterns.assigned_templates]]","level":"h5","field":1,"settings":[]},{"chunk_properties":[],"field":85,"settings":{"pattern_list":"assignedTemplates","pattern_name":"[[+pattern_name]]"}}],"col_2":[{"value":"[[%romanesco.patterns.referring_patterns]]","level":"h5","field":1,"settings":[]},{"chunk_properties":[],"field":85,"settings":{"pattern_list":"referringChunks,referringTemplates","pattern_name":"[[+pattern_name]]"}}]},"settings":{"padding":"relaxed","alignment":"","divider":"divided"},"parent":78}],"fieldId":"contentblocks-field-49"}}],"field":76,"settings":{"layout_type":"accordion","accordion_type":"fluid styled","padding":"padded","tab_type":"regular"}},{"rows":[{"heading":{"value":"[[%romanesco.patterns.purpose_title]]","fieldId":"contentblocks-field-55"},"content":{"child_layouts":[{"layout":7,"content":{"main":[{"value":"","field":6,"settings":[]}]},"settings":[],"parent":78}],"fieldId":"contentblocks-field-56"}},{"heading":{"value":"[[%romanesco.patterns.specifications_title]]","fieldId":"contentblocks-field-58"},"content":{"child_layouts":[{"layout":7,"content":{"main":[{"value":"{\n    \"caption\": \"Gender\",\n    \"name\": \"person_gender\",\n    \"description\": \"\",\n    \"type\": \"option\",\n    \"category\": \"Person - Information\",\n    \"sortOrder\": \"3\",\n    \"inputOptionValues\": \"Male==m||Female==f||Other==o\",\n    \"templates\": [\n        \"@@templates_team\"\n    ]\n}","lang":"json","field":83,"settings":[]}]},"settings":[],"parent":78}],"fieldId":"contentblocks-field-59"}},{"heading":{"value":"[[%romanesco.patterns.references_title]]","fieldId":"contentblocks-field-61"},"content":{"child_layouts":[{"layout":12,"content":{"col_1":[{"value":"[[%romanesco.patterns.assigned_templates]]","level":"h5","field":1,"settings":[]},{"chunk_properties":[],"field":85,"settings":{"pattern_list":"assignedTemplates","pattern_name":"[[+pattern_name]]"}}],"col_2":[{"value":"[[%romanesco.patterns.referring_patterns]]","level":"h5","field":1,"settings":[]},{"chunk_properties":[],"field":85,"settings":{"pattern_list":"referringChunks,referringTemplates","pattern_name":"[[+pattern_name]]"}}]},"settings":{"padding":"relaxed","alignment":"","divider":"divided"},"parent":78}],"fieldId":"contentblocks-field-62"}}],"field":76,"settings":{"layout_type":"accordion","accordion_type":"fluid styled","padding":"padded","tab_type":"regular"}},{"rows":[{"heading":{"value":"[[%romanesco.patterns.purpose_title]]","fieldId":"contentblocks-field-68"},"content":{"child_layouts":[{"layout":7,"content":{"main":[{"value":"","field":6,"settings":[]}]},"settings":[],"parent":78}],"fieldId":"contentblocks-field-69"}},{"heading":{"value":"[[%romanesco.patterns.specifications_title]]","fieldId":"contentblocks-field-71"},"content":{"child_layouts":[{"layout":7,"content":{"main":[{"value":"{\n    \"caption\": \"Birthdate\",\n    \"name\": \"person_birthdate\",\n    \"description\": \"\",\n    \"type\": \"date\",\n    \"category\": \"Person - Information\",\n    \"sortOrder\": \"4\",\n    \"templates\": [\n        \"@@templates_team\"\n    ]\n}","lang":"json","field":83,"settings":[]}]},"settings":[],"parent":78}],"fieldId":"contentblocks-field-72"}},{"heading":{"value":"[[%romanesco.patterns.references_title]]","fieldId":"contentblocks-field-74"},"content":{"child_layouts":[{"layout":12,"content":{"col_1":[{"value":"[[%romanesco.patterns.assigned_templates]]","level":"h5","field":1,"settings":[]},{"chunk_properties":[],"field":85,"settings":{"pattern_list":"assignedTemplates","pattern_name":"[[+pattern_name]]"}}],"col_2":[{"value":"[[%romanesco.patterns.referring_patterns]]","level":"h5","field":1,"settings":[]},{"chunk_properties":[],"field":85,"settings":{"pattern_list":"referringChunks,referringTemplates","pattern_name":"[[+pattern_name]]"}}]},"settings":{"padding":"relaxed","alignment":"","divider":"divided"},"parent":78}],"fieldId":"contentblocks-field-75"}}],"field":76,"settings":{"layout_type":"accordion","accordion_type":"fluid styled","padding":"padded","tab_type":"regular"}},{"rows":[{"heading":{"value":"[[%romanesco.patterns.purpose_title]]","fieldId":"contentblocks-field-81"},"content":{"child_layouts":[{"layout":7,"content":{"main":[{"value":"","field":6,"settings":[]}]},"settings":[],"parent":78}],"fieldId":"contentblocks-field-82"}},{"heading":{"value":"[[%romanesco.patterns.specifications_title]]","fieldId":"contentblocks-field-84"},"content":{"child_layouts":[{"layout":7,"content":{"main":[{"value":"{\n    \"caption\": \"Job title\",\n    \"name\": \"person_jobtitle\",\n    \"description\": \"The role of this person inside the team.\",\n    \"type\": \"text\",\n    \"category\": \"Person - Information\",\n    \"sortOrder\": \"5\",\n    \"templates\": [\n        \"@@templates_team\"\n    ]\n}","lang":"json","field":83,"settings":[]}]},"settings":[],"parent":78}],"fieldId":"contentblocks-field-85"}},{"heading":{"value":"[[%romanesco.patterns.references_title]]","fieldId":"contentblocks-field-87"},"content":{"child_layouts":[{"layout":12,"content":{"col_1":[{"value":"[[%romanesco.patterns.assigned_templates]]","level":"h5","field":1,"settings":[]},{"chunk_properties":[],"field":85,"settings":{"pattern_list":"assignedTemplates","pattern_name":"[[+pattern_name]]"}}],"col_2":[{"value":"[[%romanesco.patterns.referring_patterns]]","level":"h5","field":1,"settings":[]},{"chunk_properties":[],"field":85,"settings":{"pattern_list":"referringChunks,referringTemplates","pattern_name":"[[+pattern_name]]"}}]},"settings":{"padding":"relaxed","alignment":"","divider":"divided"},"parent":78}],"fieldId":"contentblocks-field-88"}}],"field":76,"settings":{"layout_type":"accordion","accordion_type":"fluid styled","padding":"padded","tab_type":"regular"}},{"rows":[{"heading":{"value":"[[%romanesco.patterns.purpose_title]]","fieldId":"contentblocks-field-94"},"content":{"child_layouts":[{"layout":7,"content":{"main":[{"value":"","field":6,"settings":[]}]},"settings":[],"parent":78}],"fieldId":"contentblocks-field-95"}},{"heading":{"value":"[[%romanesco.patterns.specifications_title]]","fieldId":"contentblocks-field-97"},"content":{"child_layouts":[{"layout":7,"content":{"main":[{"value":"{\n    \"caption\": \"Personal website or blog\",\n    \"name\": \"person_url\",\n    \"description\": \"\",\n    \"type\": \"text\",\n    \"category\": \"Person - Information\",\n    \"sortOrder\": \"10\",\n    \"templates\": [\n        \"@@templates_team\"\n    ]\n}","lang":"json","field":83,"settings":[]}]},"settings":[],"parent":78}],"fieldId":"contentblocks-field-98"}},{"heading":{"value":"[[%romanesco.patterns.references_title]]","fieldId":"contentblocks-field-100"},"content":{"child_layouts":[{"layout":12,"content":{"col_1":[{"value":"[[%romanesco.patterns.assigned_templates]]","level":"h5","field":1,"settings":[]},{"chunk_properties":[],"field":85,"settings":{"pattern_list":"assignedTemplates","pattern_name":"[[+pattern_name]]"}}],"col_2":[{"value":"[[%romanesco.patterns.referring_patterns]]","level":"h5","field":1,"settings":[]},{"chunk_properties":[],"field":85,"settings":{"pattern_list":"referringChunks,referringTemplates","pattern_name":"[[+pattern_name]]"}}]},"settings":{"padding":"relaxed","alignment":"","divider":"divided"},"parent":78}],"fieldId":"contentblocks-field-101"}}],"field":76,"settings":{"layout_type":"accordion","accordion_type":"fluid styled","padding":"padded","tab_type":"regular"}}],"fieldcounts":{"76":8},"_isContentBlocks":true}}